demand,kits,contrast,metric,n,mean,sd,ci_low,ci_high
0.8,1,S1R0-S0R0,scheduled,50,0.0,0.0,0.0,0.0
0.8,1,S0R1-S0R0,scheduled,50,0.0,0.0,0.0,0.0
0.8,1,S1R1-S0R0,scheduled,50,0.0,0.0,0.0,0.0
0.8,1,S_main,scheduled,50,0.0,0.0,0.0,0.0
0.8,1,R_main,scheduled,50,0.0,0.0,0.0,0.0
0.8,1,SxR,scheduled,50,0.0,0.0,0.0,0.0
0.8,1,S1R0-S0R0,attended,50,0.0,0.0,0.0,0.0
0.8,1,S0R1-S0R0,attended,50,0.0,0.0,0.0,0.0
0.8,1,S1R1-S0R0,attended,50,0.0,0.0,0.0,0.0
0.8,1,S_main,attended,50,0.0,0.0,0.0,0.0
0.8,1,R_main,attended,50,0.0,0.0,0.0,0.0
0.8,1,SxR,attended,50,0.0,0.0,0.0,0.0
0.8,1,S1R0-S0R0,completed,50,0.0,0.0,0.0,0.0
0.8,1,S0R1-S0R0,completed,50,0.0,0.0,0.0,0.0
0.8,1,S1R1-S0R0,completed,50,0.0,0.0,0.0,0.0
0.8,1,S_main,completed,50,0.0,0.0,0.0,0.0
0.8,1,R_main,completed,50,0.0,0.0,0.0,0.0
0.8,1,SxR,completed,50,0.0,0.0,0.0,0.0
0.8,1,S1R0-S0R0,mean_wait,50,0.6749534459228482,1.0586733571060976,0.3740818423389452,0.9758250495067513
0.8,1,S0R1-S0R0,mean_wait,50,-83.4038423745568,6.427789742148697,-85.23059979150635,-81.57708495760725
0.8,1,S1R1-S0R0,mean_wait,50,-83.33213979970334,6.425234512965504,-85.15817102863964,-81.50610857076704
0.8,1,S_main,mean_wait,50,0.3733280103881577,1.0613923863999706,0.07168366732011827,0.6749723534561971
0.8,1,R_main,mean_wait,50,-83.7054678100915,6.456333836944953,-85.5403373680679,-81.87059825211512
0.8,1,SxR,mean_wait,50,-0.6032508710693805,1.5415104167065923,-1.0413432325165406,-0.16515850962222028
0.8,1,S1R0-S0R0,p90_wait,50,0.9477817494419116,1.590636074199708,0.49572803225848344,1.3998354666253399
0.8,1,S0R1-S0R0,p90_wait,50,-97.40357461356372,13.905833068194427,-101.35556817825908,-93.45158104886836
0.8,1,S1R1-S0R0,p90_wait,50,-97.14460056340504,13.44283394941134,-100.96501124997168,-93.32418987683839
0.8,1,S_main,p90_wait,50,0.6033778998002913,1.6578269194074167,0.1322287579439863,1.0745270416565964
0.8,1,R_main,p90_wait,50,-97.74797846320533,13.803284192096253,-101.67082796321795,-93.82512896319271
0.8,1,SxR,p90_wait,50,-0.6888076992832407,2.6364953900779593,-1.4380913102571462,0.060475911690664685
0.8,1,S1R0-S0R0,post_registration_wait,50,0.6651228030198252,1.0570143386655992,0.3647226872042858,0.9655229188353646
0.8,1,S0R1-S0R0,post_registration_wait,50,-83.4259032993009,6.430667901718005,-85.25347868005314,-81.59832791854866
0.8,1,S1R1-S0R0,post_registration_wait,50,-83.36487428604654,6.417764030917064,-85.18878242772617,-81.54096614436692
0.8,1,S_main,post_registration_wait,50,0.363075908137084,1.0582294697210364,0.06233045593732378,0.6638213603368442
0.8,1,R_main,post_registration_wait,50,-83.72795019418363,6.455071467947227,-85.56246099090272,-81.89343939746455
0.8,1,SxR,post_registration_wait,50,-0.6040937897654828,1.5400346778446106,-1.041766750918024,-0.16642082861294155
0.8,1,S1R0-S0R0,registration_elapsed,50,0.009830642903014705,0.021105521507291142,0.0038325207648216555,0.015828765041207754
0.8,1,S0R1-S0R0,registration_elapsed,50,0.022060924744082177,0.020589279222302147,0.016209517022644674,0.02791233246551968
0.8,1,S1R1-S0R0,registration_elapsed,50,0.03273448634320271,0.02438501444113866,0.02580434273556798,0.039664629950837436
0.8,1,S_main,registration_elapsed,50,0.01025210225106762,0.02009620207161215,0.004540825488837598,0.015963379013297644
0.8,1,R_main,registration_elapsed,50,0.02248238409213509,0.018304722648073625,0.017280240088682508,0.02768452809558767
0.8,1,SxR,registration_elapsed,50,0.0008429186961058299,0.025867502424475868,-0.0065085432849881,0.00819438067719976
0.8,1,S1R0-S0R0,mean_los,50,0.6723853438616697,1.0628383430666348,0.37033006450427153,0.9744406232190679
0.8,1,S0R1-S0R0,mean_los,50,-83.40066993032028,6.435262068775457,-85.2295509587498,-81.57178890189076
0.8,1,S1R1-S0R0,mean_los,50,-83.32833949567107,6.430809749342844,-85.1559551890675,-81.50072380227465
0.8,1,S_main,mean_los,50,0.3723578892554266,1.0702984571392826,0.06818246918711846,0.6765333093237348
0.8,1,R_main,mean_los,50,-83.70069738492653,6.460989326051643,-85.5368900181117,-81.86450475174135
0.8,1,SxR,mean_los,50,-0.6000549092124902,1.5494856007082234,-1.0404137926074648,-0.15969602581751546
0.8,1,S1R0-S0R0,completed_by_close,50,-0.012666666666666658,0.03619674131234264,-0.02295366551296408,-0.002379667820369238
0.8,1,S0R1-S0R0,completed_by_close,50,2.2146666666666666,0.21072814051841599,2.1547783988336677,2.2745549344996654
0.8,1,S1R1-S0R0,completed_by_close,50,2.223333333333333,0.1861715981173776,2.17042395680905,2.276242709857616
0.8,1,S_main,completed_by_close,50,-0.0020000000000000104,0.05394210384192879,-0.01733017448174437,0.01333017448174435
0.8,1,R_main,completed_by_close,50,2.2253333333333334,0.1972957769004864,2.1692625005519695,2.2814041661146973
0.8,1,SxR,completed_by_close,50,0.021333333333333294,0.09494239809966945,-0.005648994475910038,0.04831566114257663
0.8,1,S1R0-S0R0,overtime,50,0.910904556891113,1.6067314143760723,0.4542765951811875,1.3675325186010385
0.8,1,S0R1-S0R0,overtime,50,-96.22075935216479,15.227148914977025,-100.54826668132193,-91.89325202300765
0.8,1,S1R1-S0R0,overtime,50,-95.49910489057861,15.14807697428111,-99.8041402254837,-91.19406955567351
0.8,1,S_main,overtime,50,0.8162795092386471,1.7044240074432662,0.3318876230499358,1.3006713954273583
0.8,1,R_main,overtime,50,-96.31538439981725,15.333308557374968,-100.67306196196435,-91.95770683767014
0.8,1,SxR,overtime,50,-0.1892500953049364,3.001342026608848,-1.0422219608839312,0.6637217702740584
0.8,1,S1R0-S0R0,reprocessing_overtime,50,0.9428120935213121,1.6033731423789903,0.48713854204023654,1.3984856450023877
0.8,1,S0R1-S0R0,reprocessing_overtime,50,-100.64172825614725,15.222076618305254,-104.96779405471023,-96.31566245758427
0.8,1,S1R1-S0R0,reprocessing_overtime,50,-99.9662235023152,15.00361213479894,-104.23020238895442,-95.70224461567598
0.8,1,S_main,reprocessing_overtime,50,0.8091584236766852,1.717467747447347,0.32105954803233394,1.2972572993210365
0.8,1,R_main,reprocessing_overtime,50,-100.7753819259919,15.242241514834774,-105.10717852406373,-96.44358532792006
0.8,1,SxR,reprocessing_overtime,50,-0.26730733968925846,3.027400886292201,-1.127685050374179,0.5930703709956622
0.8,1,S1R0-S0R0,bypass_events,50,0.0,0.0,0.0,0.0
0.8,1,S0R1-S0R0,bypass_events,50,14.193333333333333,0.6929185048920029,13.996408096365341,14.390258570301325
0.8,1,S1R1-S0R0,bypass_events,50,14.265999999999998,0.7092997409057609,14.06441926781711,14.467580732182887
0.8,1,S_main,bypass_events,50,0.03633333333333327,0.05310004249029986,0.021242470011617692,0.051424196655048854
0.8,1,R_main,bypass_events,50,14.229666666666667,0.6991433858107381,14.030972338324487,14.428360995008847
0.8,1,SxR,bypass_events,50,0.07266666666666655,0.10620008498059973,0.042484940023235385,0.10284839331009771
0.8,1,S1R0-S0R0,max_bypasses,50,0.0,0.0,0.0,0.0
0.8,1,S0R1-S0R0,max_bypasses,50,1.9926666666666666,0.015489005683134015,1.9882647404761904,1.9970685928571428
0.8,1,S1R1-S0R0,max_bypasses,50,1.992,0.015879363810031615,1.987487135270433,1.996512864729567
0.8,1,S_main,max_bypasses,50,-0.0003333333333333366,0.0023570226039551813,-0.0010031916666666764,0.00033652500000000326
0.8,1,R_main,max_bypasses,50,1.9923333333333333,0.015507294750413245,1.9879262094480596,1.996740457218607
0.8,1,SxR,max_bypasses,50,-0.0006666666666666731,0.004714045207910363,-0.0020063833333333527,0.0006730500000000065
0.8,1,S1R0-S0R0,kit_unavailable_wait,50,0.24346740509841255,0.5766171170592812,0.07959465294208665,0.4073401572547385
0.8,1,S0R1-S0R0,kit_unavailable_wait,50,-19.093524239080494,3.2691473669406474,-20.022605531285862,-18.164442946875127
0.8,1,S1R1-S0R0,kit_unavailable_wait,50,-19.07158040342933,3.155336383630898,-19.968316975873854,-18.174843830984805
0.8,1,S_main,kit_unavailable_wait,50,0.1327056203747874,0.6889031560079876,-0.06307846720130406,0.32848970795087884
0.8,1,R_main,kit_unavailable_wait,50,-19.20428602380412,3.178698011903724,-20.10766189675961,-18.30091015084863
0.8,1,SxR,kit_unavailable_wait,50,-0.22152356944725,1.036086385374337,-0.5159760274472729,0.07292888855277291
0.8,1,S1R0-S0R0,mean_cycle_queue,50,-0.00013367390520521382,0.06075198885617423,-0.017399196065915182,0.017131848255504754
0.8,1,S0R1-S0R0,mean_cycle_queue,50,-0.21310654113796015,0.34624661601907564,-0.31150872902519056,-0.11470435325072972
0.8,1,S1R1-S0R0,mean_cycle_queue,50,-0.26420131020850035,0.3076191023858116,-0.3516256814809177,-0.17677693893608298
0.8,1,S_main,mean_cycle_queue,50,-0.025614221487872707,0.0734600396305972,-0.046491331291987514,-0.0047371116837579
0.8,1,R_main,mean_cycle_queue,50,-0.23858708872062764,0.31778428760988475,-0.3289003733283674,-0.1482738041128879
0.8,1,SxR,mean_cycle_queue,50,-0.05096109516533499,0.14272074767081844,-0.09152187808122103,-0.010400312249448936
0.8,1,S1R0-S0R0,wait_routine,50,-0.0401359604901279,1.142514638886396,-0.36483498990509416,0.28456306892483835
0.8,1,S0R1-S0R0,wait_routine,50,-44.88054903543977,12.362757085510466,-48.39400530981263,-41.367092761066914
0.8,1,S1R1-S0R0,wait_routine,50,-44.63107753921383,12.477229616500647,-48.177066543095876,-41.08508853533178
0.8,1,S_main,wait_routine,50,0.10466776786790376,1.3484883557623746,-0.27856833729062624,0.4879038730264338
0.8,1,R_main,wait_routine,50,-44.73574530708172,12.349137161822746,-48.24533084242718,-41.22615977173626
0.8,1,SxR,wait_routine,50,0.28960745671606675,2.061186429070017,-0.29617517589393166,0.8753900893260651
0.8,1,S1R0-S0R0,count_routine,50,0.0,0.0,0.0,0.0
0.8,1,S0R1-S0R0,count_routine,50,0.0,0.0,0.0,0.0
0.8,1,S1R1-S0R0,count_routine,50,0.0,0.0,0.0,0.0
0.8,1,S_main,count_routine,50,0.0,0.0,0.0,0.0
0.8,1,R_main,count_routine,50,0.0,0.0,0.0,0.0
0.8,1,SxR,count_routine,50,0.0,0.0,0.0,0.0
0.8,1,S1R0-S0R0,wait_restorative,50,1.3424626480635486,1.1176609388087,1.0248269612246252,1.660098334902472
0.8,1,S0R1-S0R0,wait_restorative,50,-124.18741761308955,14.433340209025125,-128.2893270307705,-120.0855081954086
0.8,1,S1R1-S0R0,wait_restorative,50,-124.5409878945513,14.661626044204917,-128.70777542108897,-120.37420036801362
0.8,1,S_main,wait_restorative,50,0.4944461833008924,1.2102758532908495,0.15048963209999022,0.8384027345017946
0.8,1,R_main,wait_restorative,50,-125.0354340778522,14.609469923041996,-129.18739900050957,-120.88346915519482
0.8,1,SxR,wait_restorative,50,-1.6960329295253143,2.407387666381868,-2.380204853538165,-1.0118610055124635
0.8,1,S1R0-S0R0,count_restorative,50,0.0,0.0,0.0,0.0
0.8,1,S0R1-S0R0,count_restorative,50,0.0,0.0,0.0,0.0
0.8,1,S1R1-S0R0,count_restorative,50,0.0,0.0,0.0,0.0
0.8,1,S_main,count_restorative,50,0.0,0.0,0.0,0.0
0.8,1,R_main,count_restorative,50,0.0,0.0,0.0,0.0
0.8,1,SxR,count_restorative,50,0.0,0.0,0.0,0.0
0.8,1,S1R0-S0R0,wait_impression,50,0.9197703320326065,1.478189366844108,0.4996736117195725,1.3398670523456406
0.8,1,S0R1-S0R0,wait_impression,50,-176.99785446234966,22.518027405110562,-183.39740628770357,-170.59830263699575
0.8,1,S1R1-S0R0,wait_impression,50,-176.4698949521572,21.63851369340238,-182.6194917757729,-170.3202981285415
0.8,1,S_main,wait_impression,50,0.7238649211125743,1.9447620708722968,0.17116972110116946,1.2765601211239792
0.8,1,R_main,wait_impression,50,-177.19375987326973,22.129107366342655,-183.48278185960902,-170.90473788693043
0.8,1,SxR,wait_impression,50,-0.3918108218400619,3.935717824405721,-1.51032931966982,0.7267076759896963
0.8,1,S1R0-S0R0,count_impression,50,0.0,0.0,0.0,0.0
0.8,1,S0R1-S0R0,count_impression,50,0.0,0.0,0.0,0.0
0.8,1,S1R1-S0R0,count_impression,50,0.0,0.0,0.0,0.0
0.8,1,S_main,count_impression,50,0.0,0.0,0.0,0.0
0.8,1,R_main,count_impression,50,0.0,0.0,0.0,0.0
0.8,1,SxR,count_impression,50,0.0,0.0,0.0,0.0
0.8,1,S1R0-S0R0,wait_complex,50,3.1653353897319403,1.7556498887897476,2.6663852708624285,3.664285508601452
0.8,1,S0R1-S0R0,wait_complex,50,-178.7230773841956,26.393578374677666,-186.22404847844678,-171.2221062899444
0.8,1,S1R1-S0R0,wait_complex,50,-178.3692392632481,27.619609690015153,-186.21864456094235,-170.51983396555383
0.8,1,S_main,wait_complex,50,1.75958675533971,2.493002043941252,1.051083497310348,2.468090013369072
0.8,1,R_main,wait_complex,50,-180.12882601858783,27.114203621700153,-187.83459651786737,-172.4230555193083
0.8,1,SxR,wait_complex,50,-2.8114972687844615,3.6594007634435526,-3.85148733603528,-1.7715072015336426
0.8,1,S1R0-S0R0,count_complex,50,0.0,0.0,0.0,0.0
0.8,1,S0R1-S0R0,count_complex,50,0.0,0.0,0.0,0.0
0.8,1,S1R1-S0R0,count_complex,50,0.0,0.0,0.0,0.0
0.8,1,S_main,count_complex,50,0.0,0.0,0.0,0.0
0.8,1,R_main,count_complex,50,0.0,0.0,0.0,0.0
0.8,1,SxR,count_complex,50,0.0,0.0,0.0,0.0
0.8,1,S1R0-S0R0,util_chair,50,-0.00031628884865823827,0.0007623247142428967,-0.0005329391097480854,-9.963858756839117e-05
0.8,1,S0R1-S0R0,util_chair,50,0.06192304353239683,0.004194983919282594,0.060730842434360936,0.06311524463043273
0.8,1,S1R1-S0R0,util_chair,50,0.062046788891797926,0.004054348059042728,0.06089455605829589,0.06319902172529997
0.8,1,S_main,util_chair,50,-9.62717446285677e-05,0.0008525067163896892,-0.0003385514441265764,0.00014600795486944103
0.8,1,R_main,util_chair,50,0.0621430606364265,0.00411561409631869,0.06097341618983652,0.06331270508301648
0.8,1,SxR,util_chair,50,0.00044003420805934114,0.0015552162733985723,-1.9533143019271086e-06,0.0008820217304206094
0.8,1,S1R0-S0R0,overtime_chair_minutes,50,0.6072745894237983,1.4636634513463591,0.19130608813129263,1.023243090716304
0.8,1,S0R1-S0R0,overtime_chair_minutes,50,-118.89224358220191,8.054369125022607,-121.18126969043085,-116.60321747397298
0.8,1,S1R1-S0R0,overtime_chair_minutes,50,-119.129834672252,7.784348273362036,-121.3421217125759,-116.9175476319281
0.8,1,S_main,overtime_chair_minutes,50,0.18484174968684272,1.6368128954681935,-0.2803352733493313,0.6500187727230168
0.8,1,R_main,overtime_chair_minutes,50,-119.31467642193886,7.901979064931896,-121.56039375939163,-117.06895908448608
0.8,1,SxR,overtime_chair_minutes,50,-0.8448656794739122,2.9860152449252486,-1.6934817224075442,0.0037503634597197966
0.8,1,S1R0-S0R0,util_dentist,50,-0.0004715972327664641,0.001349218208814433,-0.0008550407598428874,-8.815370569004085e-05
0.8,1,S0R1-S0R0,util_dentist,50,0.10314836325100062,0.007157757463605448,0.10111415132747925,0.10518257517452198
0.8,1,S1R1-S0R0,util_dentist,50,0.1033174116574237,0.006902176951410419,0.10135583490322321,0.10527898841162418
0.8,1,S_main,util_dentist,50,-0.0001512744131716831,0.0014079151263946116,-0.0005513994176832758,0.00024885059133990966
0.8,1,R_main,util_dentist,50,0.1034686860705954,0.006994880656673611,0.10148076321797514,0.10545660892321565
0.8,1,SxR,util_dentist,50,0.0006406456391895621,0.002606445107011401,-0.00010009777683781104,0.0013813890552169352
0.8,1,S1R0-S0R0,overtime_dentist_minutes,50,0.45273334345582045,1.2952494804618604,0.08462755746245282,0.8208391294491881
0.8,1,S0R1-S0R0,overtime_dentist_minutes,50,-99.02242872096058,6.871447165061214,-100.97527216754109,-97.06958527438006
0.8,1,S1R1-S0R0,overtime_dentist_minutes,50,-99.18471519112678,6.626089873353989,-101.06782887515925,-97.30160150709432
0.8,1,S_main,overtime_dentist_minutes,50,0.14522343664482038,1.351598521338833,-0.23889656768631032,0.5293434409759511
0.8,1,R_main,overtime_dentist_minutes,50,-99.32993862777158,6.715085430406663,-101.23834456628703,-97.42153268925614
0.8,1,SxR,overtime_dentist_minutes,50,-0.6150198136220001,2.5021873027309307,-1.3261334930082742,0.09609386576427414
0.8,1,S1R0-S0R0,util_assistant,50,-0.0005025569450178835,0.0011343191653909403,-0.000824926846910979,-0.00018018704312478803
0.8,1,S0R1-S0R0,util_assistant,50,0.09471878797636114,0.006384406402327658,0.09290435996671477,0.09653321598600752
0.8,1,S1R1-S0R0,util_assistant,50,0.09484342409555786,0.0061795611336078965,0.0930872124602753,0.09659963573084042
0.8,1,S_main,util_assistant,50,-0.0001889604129105865,0.0013128540312650082,-0.0005620693562942525,0.00018414853047307947
0.8,1,R_main,util_assistant,50,0.09503238450846845,0.006272927389416285,0.0932496384800068,0.0968151305369301
0.8,1,SxR,util_assistant,50,0.000627193064214594,0.0023308558815703243,-3.522876977584441e-05,0.0012896148982050324
0.8,1,S1R0-S0R0,overtime_assistant_minutes,50,0.7236820008257655,1.6334195981629454,0.25946934209971045,1.1878946595518205
0.8,1,S0R1-S0R0,overtime_assistant_minutes,50,-136.39505468596005,9.193545219351819,-139.0078310198508,-133.78227835206928
0.8,1,S1R1-S0R0,overtime_assistant_minutes,50,-136.5745306976034,8.898568032395373,-139.10347545241027,-134.04558594279652
0.8,1,S_main,overtime_assistant_minutes,50,0.27210299459123066,1.8905098050215952,-0.26517388388124363,0.809379873063705
0.8,1,R_main,overtime_assistant_minutes,50,-136.8466336921946,9.033015440759447,-139.41378797317938,-134.2794794112098
0.8,1,SxR,overtime_assistant_minutes,50,-0.9031580124690664,3.3564324694612475,-1.857045453415292,0.05072942847715933
0.8,1,S1R0-S0R0,util_frontdesk,50,-9.17078076557043e-05,0.00022453538490636364,-0.00015552005046379094,-2.7895564847617657e-05
0.8,1,S0R1-S0R0,util_frontdesk,50,0.013876197147921994,0.001549493006674786,0.013435836159774858,0.01431655813606913
0.8,1,S1R1-S0R0,util_frontdesk,50,0.01394340542194733,0.0014412596210846365,0.01353380401801495,0.01435300682587971
0.8,1,S_main,util_frontdesk,50,-1.2249766815184415e-05,0.0003206376744382895,-0.00010337397489138098,7.887444126101215e-05
0.8,1,R_main,util_frontdesk,50,0.013955655188762517,0.0014746667742127988,0.013536559578080363,0.01437475079944467
0.8,1,SxR,util_frontdesk,50,0.00015891608168103977,0.0005504334192871588,2.4846532187276153e-06,0.00031534751014335193
0.8,1,S1R0-S0R0,overtime_frontdesk_minutes,50,0.04401974767473824,0.10777698475505075,0.01338987112685773,0.07464962422261875
0.8,1,S0R1-S0R0,overtime_frontdesk_minutes,50,-6.660574631002553,0.7437566432038941,-6.871947905313177,-6.449201356691929
0.8,1,S1R1-S0R0,overtime_frontdesk_minutes,50,-6.692834602534718,0.691804618120623,-6.889443276422259,-6.496225928647176
0.8,1,S_main,overtime_frontdesk_minutes,50,0.005879888071286388,0.1539060837303754,-0.037859731805286956,0.04961950794785973
0.8,1,R_main,overtime_frontdesk_minutes,50,-6.698714490606005,0.7078400516221425,-6.899880383733439,-6.497548597478572
0.8,1,SxR,overtime_frontdesk_minutes,50,-0.07627971920690392,0.2642080412578335,-0.151366804868813,-0.0011926335449948672
0.8,1,S1R0-S0R0,util_sterilizer,50,-0.00043981762465715614,0.001772554445004227,-0.000943571964679477,6.393671536516473e-05
0.8,1,S0R1-S0R0,util_sterilizer,50,0.11853676109244982,0.008904080200746877,0.11600624979691533,0.1210672723879843
0.8,1,S1R1-S0R0,util_sterilizer,50,0.11770967292157135,0.009555992839055111,0.11499389012603371,0.12042545571710898
0.8,1,S_main,util_sterilizer,50,-0.000633452897767815,0.0025857580028916635,-0.001368317104548791,0.00010141130901316102
0.8,1,R_main,util_sterilizer,50,0.11834312581933915,0.008992592287544498,0.11578745967003168,0.12089879196864661
0.8,1,SxR,util_sterilizer,50,-0.00038727054622131774,0.003931411119611507,-0.0015045650922354378,0.0007300239997928023
0.8,1,S1R0-S0R0,overtime_sterilizer_minutes,50,0.4044457931687714,0.9174181019161293,0.14371848419508965,0.6651731021424532
0.8,1,S0R1-S0R0,overtime_sterilizer_minutes,50,-59.314311991042565,4.565926488557836,-60.611933788396385,-58.016690193688746
0.8,1,S1R1-S0R0,overtime_sterilizer_minutes,50,-59.22664300235423,4.6600698680010595,-60.55102004895444,-57.90226595575402
0.8,1,S_main,overtime_sterilizer_minutes,50,0.24605739092855203,1.118288639971874,-0.07175668658608633,0.5638714684431904
0.8,1,R_main,overtime_sterilizer_minutes,50,-59.47270039328279,4.535324128375634,-60.76162509712834,-58.18377568943725
0.8,1,SxR,overtime_sterilizer_minutes,50,-0.31677680448044043,1.643737801798639,-0.7839218638881018,0.15036825492722095
0.8,2,S1R0-S0R0,scheduled,50,0.0,0.0,0.0,0.0
0.8,2,S0R1-S0R0,scheduled,50,0.0,0.0,0.0,0.0
0.8,2,S1R1-S0R0,scheduled,50,0.0,0.0,0.0,0.0
0.8,2,S_main,scheduled,50,0.0,0.0,0.0,0.0
0.8,2,R_main,scheduled,50,0.0,0.0,0.0,0.0
0.8,2,SxR,scheduled,50,0.0,0.0,0.0,0.0
0.8,2,S1R0-S0R0,attended,50,0.0,0.0,0.0,0.0
0.8,2,S0R1-S0R0,attended,50,0.0,0.0,0.0,0.0
0.8,2,S1R1-S0R0,attended,50,0.0,0.0,0.0,0.0
0.8,2,S_main,attended,50,0.0,0.0,0.0,0.0
0.8,2,R_main,attended,50,0.0,0.0,0.0,0.0
0.8,2,SxR,attended,50,0.0,0.0,0.0,0.0
0.8,2,S1R0-S0R0,completed,50,0.0,0.0,0.0,0.0
0.8,2,S0R1-S0R0,completed,50,0.0,0.0,0.0,0.0
0.8,2,S1R1-S0R0,completed,50,0.0,0.0,0.0,0.0
0.8,2,S_main,completed,50,0.0,0.0,0.0,0.0
0.8,2,R_main,completed,50,0.0,0.0,0.0,0.0
0.8,2,SxR,completed,50,0.0,0.0,0.0,0.0
0.8,2,S1R0-S0R0,mean_wait,50,0.6836641287045715,0.7333777366835714,0.4752405066424492,0.8920877507666938
0.8,2,S0R1-S0R0,mean_wait,50,-17.245908821310326,2.4411222757312183,-17.939668014090344,-16.55214962853031
0.8,2,S1R1-S0R0,mean_wait,50,-17.22064113653319,2.37535528852249,-17.895709560558565,-16.545572712507813
0.8,2,S_main,mean_wait,50,0.35446590674085415,0.5695460724794933,0.19260272298204562,0.5163290904996627
0.8,2,R_main,mean_wait,50,-17.57510704327404,2.4371759649176292,-18.26774470706237,-16.882469379485713
0.8,2,SxR,mean_wait,50,-0.6583964439274348,0.8703856454374052,-0.9057572782408633,-0.4110356096140063
0.8,2,S1R0-S0R0,p90_wait,50,1.3404308140389216,1.2171732409147882,0.9945140471954658,1.6863475808823774
0.8,2,S0R1-S0R0,p90_wait,50,-16.09629372985988,4.530131121253735,-17.383742597584963,-14.8088448621348
0.8,2,S1R1-S0R0,p90_wait,50,-15.149469417589275,4.628864331463999,-16.46497794987808,-13.83396088530047
0.8,2,S_main,p90_wait,50,1.1436275631547637,1.2793191245559414,0.7800491336825592,1.507205992626968
0.8,2,R_main,p90_wait,50,-16.29309698074404,4.47861869992053,-17.56590618203473,-15.02028777945335
0.8,2,SxR,p90_wait,50,-0.3936065017683157,1.7825698544458506,-0.9002071893245801,0.11299418578794873
0.8,2,S1R0-S0R0,post_registration_wait,50,0.6827764470185973,0.7324039685080406,0.47462956677728724,0.8909233272599073
0.8,2,S0R1-S0R0,post_registration_wait,50,-17.25837981827119,2.439128769318982,-17.951572462864295,-16.565187173678087
0.8,2,S1R1-S0R0,post_registration_wait,50,-17.238542305209037,2.3794702595200197,-17.91478019091437,-16.562304419503704
0.8,2,S_main,post_registration_wait,50,0.3513069800403742,0.5716739118004754,0.18883907110889975,0.5137748889718486
0.8,2,R_main,post_registration_wait,50,-17.589849285249414,2.4350151337975183,-18.281872847700612,-16.897825722798217
0.8,2,SxR,post_registration_wait,50,-0.6629389339564463,0.8717422041247073,-0.9106852979376091,-0.41519256997528353
0.8,2,S1R0-S0R0,registration_elapsed,50,0.0008876816859749503,0.030998462922489645,-0.007921982962259828,0.009697346334209728
0.8,2,S0R1-S0R0,registration_elapsed,50,0.012470996960865266,0.022515583602668164,0.006072139656398974,0.018869854265331557
0.8,2,S1R1-S0R0,registration_elapsed,50,0.01790116867585037,0.034508478658843045,0.008093968710312292,0.02770836864138845
0.8,2,S_main,registration_elapsed,50,0.003158926700480027,0.030144876986843375,-0.005408151537573822,0.011726004938533877
0.8,2,R_main,registration_elapsed,50,0.014742241975370343,0.016178935069388115,0.010144240045943484,0.019340243904797202
0.8,2,SxR,registration_elapsed,50,0.004542490029010153,0.03083755922890566,-0.0042214463008663355,0.013306426358886642
0.8,2,S1R0-S0R0,mean_los,50,0.6850151585477741,0.7456770421728047,0.47309611295328924,0.8969342041422589
0.8,2,S0R1-S0R0,mean_los,50,-17.2341189308342,2.4380151305991036,-17.9269950828423,-16.5412427788261
0.8,2,S1R1-S0R0,mean_los,50,-17.21231289378366,2.3741460720942267,-17.88703766234306,-16.53758812522426
0.8,2,S_main,mean_los,50,0.3534105977991554,0.5825145288288622,0.18786181996012158,0.5189593756381892
0.8,2,R_main,mean_los,50,-17.565723491582816,2.4328101320999815,-18.257120399559156,-16.874326583606475
0.8,2,SxR,mean_los,50,-0.6632091214972374,0.8715131491239446,-0.9108903887751293,-0.41552785421934557
0.8,2,S1R0-S0R0,completed_by_close,50,-0.0286666666666666,0.05674864018868913,-0.044794449858877136,-0.012538883474456065
0.8,2,S0R1-S0R0,completed_by_close,50,1.1880000000000004,0.18562390963360367,1.1352462748022303,1.2407537251977705
0.8,2,S1R1-S0R0,completed_by_close,50,1.1620000000000004,0.19142738687148303,1.1075969450149044,1.2164030549850964
0.8,2,S_main,completed_by_close,50,-0.027333333333333182,0.06630514219942658,-0.0461770440260553,-0.008489622640611063
0.8,2,R_main,completed_by_close,50,1.1893333333333336,0.17819834041336352,1.138689931309204,1.2399767353574631
0.8,2,SxR,completed_by_close,50,0.002666666666666835,0.12359688700040322,-0.03245917582307007,0.037792509156403746
0.8,2,S1R0-S0R0,overtime,50,1.0215168832414676,1.0960954478185954,0.7100100404059517,1.3330237260769835
0.8,2,S0R1-S0R0,overtime,50,-26.18314862941268,5.186252858862501,-27.657065209785433,-24.70923204903993
0.8,2,S1R1-S0R0,overtime,50,-25.682848615752516,5.262595272910341,-27.178461467578465,-24.187235763926566
0.8,2,S_main,overtime,50,0.7609084484508166,1.3623429461785528,0.37373491272644316,1.1480819841751901
0.8,2,R_main,overtime,50,-26.44375706420333,5.1913327309755575,-27.91911732808658,-24.96839680032008
0.8,2,SxR,overtime,50,-0.5212168695813025,2.282334968838042,-1.169849214374599,0.12741547521199403
0.8,2,S1R0-S0R0,reprocessing_overtime,50,1.0685108563691772,1.1021171496427775,0.7552926650124345,1.3817290477259199
0.8,2,S0R1-S0R0,reprocessing_overtime,50,-28.80322210535178,5.08866216493749,-30.249403720658115,-27.357040490045442
0.8,2,S1R1-S0R0,reprocessing_overtime,50,-28.420668907651603,4.836348547209964,-29.795143794662398,-27.046194020640808
0.8,2,S_main,reprocessing_overtime,50,0.7255320270346798,1.3282928122358544,0.34803543116415364,1.103028622905206
0.8,2,R_main,reprocessing_overtime,50,-29.146200934686284,4.89526771323887,-30.53742046143506,-27.754981407937507
0.8,2,SxR,reprocessing_overtime,50,-0.6859576586689952,2.0809640348877254,-1.2773610239983757,-0.09455429333961474
0.8,2,S1R0-S0R0,bypass_events,50,0.0,0.0,0.0,0.0
0.8,2,S0R1-S0R0,bypass_events,50,5.915333333333334,0.6295162451818426,5.73642681708009,6.094239849586578
0.8,2,S1R1-S0R0,bypass_events,50,6.1306666666666665,0.6827262941646265,5.936638023596148,6.324695309737185
0.8,2,S_main,bypass_events,50,0.10766666666666666,0.08228662367222361,0.08428106972915356,0.13105226360417976
0.8,2,R_main,bypass_events,50,6.023000000000001,0.6514843508561283,5.83785021792963,6.208149782070371
0.8,2,SxR,bypass_events,50,0.21533333333333332,0.16457324734444723,0.16856213945830711,0.26210452720835953
0.8,2,S1R0-S0R0,max_bypasses,50,0.0,0.0,0.0,0.0
0.8,2,S0R1-S0R0,max_bypasses,50,1.649333333333333,0.10546087172431587,1.619361688748089,1.6793049779185771
0.8,2,S1R1-S0R0,max_bypasses,50,1.6719999999999997,0.09388563506551639,1.6453180008866282,1.6986819991133713
0.8,2,S_main,max_bypasses,50,0.01133333333333333,0.023191991736925564,0.004742242986762794,0.017924423679903868
0.8,2,R_main,max_bypasses,50,1.6606666666666663,0.09711017190556476,1.6330682644310581,1.6882650689022745
0.8,2,SxR,max_bypasses,50,0.02266666666666666,0.04638398347385113,0.009484485973525587,0.035848847359807735
0.8,2,S1R0-S0R0,kit_unavailable_wait,50,0.38624119679954816,0.34091523359652653,0.2893541708534627,0.4831282227456336
0.8,2,S0R1-S0R0,kit_unavailable_wait,50,-1.5059375597273685,0.8986111514636441,-1.7613199931516836,-1.2505551263030534
0.8,2,S1R1-S0R0,kit_unavailable_wait,50,-1.0660685760200836,0.8326715934234379,-1.3027111966078861,-0.8294259554322811
0.8,2,S_main,kit_unavailable_wait,50,0.41305509025341636,0.3517765787450965,0.31308130453389027,0.5130288759729424
0.8,2,R_main,kit_unavailable_wait,50,-1.4791236662735003,0.8196840512343252,-1.712075268646078,-1.2461720639009226
0.8,2,SxR,kit_unavailable_wait,50,0.05362778690773659,0.5264741425467411,-0.09599449124847448,0.20325006506394766
0.8,2,S1R0-S0R0,mean_cycle_queue,50,-0.01282782326860815,0.15935759800936394,-0.058116746178142824,0.03246109964092652
0.8,2,S0R1-S0R0,mean_cycle_queue,50,0.13517864137323024,0.3039737172931415,0.048790276958972215,0.22156700578748828
0.8,2,S1R1-S0R0,mean_cycle_queue,50,0.19426970936094748,0.37573639523198327,0.0874866199410892,0.30105279878080576
0.8,2,S_main,mean_cycle_queue,50,0.023131622359554543,0.15521815867514224,-0.020980885046495652,0.06724412976560473
0.8,2,R_main,mean_cycle_queue,50,0.17113808700139294,0.31682689253106766,0.08109689103241373,0.26117928297037213
0.8,2,SxR,mean_cycle_queue,50,0.07191889125632539,0.2846237215838263,-0.008970265872394176,0.15280804838504497
0.8,2,S1R0-S0R0,wait_routine,50,0.051958588110516075,0.7807262669856263,-0.16992133578795499,0.2738385120089871
0.8,2,S0R1-S0R0,wait_routine,50,-8.14594314996942,3.0849074956569975,-9.022664056277545,-7.269222243661296
0.8,2,S1R1-S0R0,wait_routine,50,-7.689540803718912,3.3506011500307857,-8.641771002215163,-6.73731060522266
0.8,2,S_main,wait_routine,50,0.25418046718051235,0.7730466720288898,0.03448305976269039,0.4738778745983343
0.8,2,R_main,wait_routine,50,-7.943721270899426,3.0547457519206884,-8.811870305492901,-7.075572236305949
0.8,2,SxR,wait_routine,50,0.4044437581399923,1.2288369779433534,0.05521219430083413,0.7536753219791504
0.8,2,S1R0-S0R0,count_routine,50,0.0,0.0,0.0,0.0
0.8,2,S0R1-S0R0,count_routine,50,0.0,0.0,0.0,0.0
0.8,2,S1R1-S0R0,count_routine,50,0.0,0.0,0.0,0.0
0.8,2,S_main,count_routine,50,0.0,0.0,0.0,0.0
0.8,2,R_main,count_routine,50,0.0,0.0,0.0,0.0
0.8,2,SxR,count_routine,50,0.0,0.0,0.0,0.0
0.8,2,S1R0-S0R0,wait_restorative,50,1.2220445459333842,0.7538377629526671,1.0078062494283546,1.4362828424384138
0.8,2,S0R1-S0R0,wait_restorative,50,-29.763797978174487,5.210984084650345,-31.244743094319336,-28.28285286202964
0.8,2,S1R1-S0R0,wait_restorative,50,-30.509435285727463,5.2960503145557025,-32.01455595406758,-29.004314617387344
0.8,2,S_main,wait_restorative,50,0.2382036191902086,0.6218171331104264,0.06148516611957949,0.4149220722608377
0.8,2,R_main,wait_restorative,50,-30.74763890491767,5.326817836711804,-32.26150360527416,-29.233774204561186
0.8,2,SxR,wait_restorative,50,-1.9676818534863514,1.017083919939083,-2.256733871200259,-1.6786298357724436
0.8,2,S1R0-S0R0,count_restorative,50,0.0,0.0,0.0,0.0
0.8,2,S0R1-S0R0,count_restorative,50,0.0,0.0,0.0,0.0
0.8,2,S1R1-S0R0,count_restorative,50,0.0,0.0,0.0,0.0
0.8,2,S_main,count_restorative,50,0.0,0.0,0.0,0.0
0.8,2,R_main,count_restorative,50,0.0,0.0,0.0,0.0
0.8,2,SxR,count_restorative,50,0.0,0.0,0.0,0.0
0.8,2,S1R0-S0R0,wait_impression,50,0.9078836962258388,1.0654569340430045,0.6050842216349417,1.2106831708167358
0.8,2,S0R1-S0R0,wait_impression,50,-36.13556682916176,6.888981735849487,-38.09339354503474,-34.17774011328878
0.8,2,S1R1-S0R0,wait_impression,50,-36.58151047972689,7.126201651319781,-38.60675434168228,-34.55626661777149
0.8,2,S_main,wait_impression,50,0.2309700228303551,0.8389841613482223,-0.007466609500081572,0.4694066551607917
0.8,2,R_main,wait_impression,50,-36.81248050255725,7.096660113965187,-38.829328753480645,-34.795632251633855
0.8,2,SxR,wait_impression,50,-1.353827346790967,1.5462307352432667,-1.7932612077648917,-0.9143934858170422
0.8,2,S1R0-S0R0,count_impression,50,0.0,0.0,0.0,0.0
0.8,2,S0R1-S0R0,count_impression,50,0.0,0.0,0.0,0.0
0.8,2,S1R1-S0R0,count_impression,50,0.0,0.0,0.0,0.0
0.8,2,S_main,count_impression,50,0.0,0.0,0.0,0.0
0.8,2,R_main,count_impression,50,0.0,0.0,0.0,0.0
0.8,2,SxR,count_impression,50,0.0,0.0,0.0,0.0
0.8,2,S1R0-S0R0,wait_complex,50,2.8783675651446328,1.412408972715846,2.476965423790166,3.2797697064990996
0.8,2,S0R1-S0R0,wait_complex,50,-34.76068266568481,9.177100678375083,-37.3687855132914,-32.15257981807822
0.8,2,S1R1-S0R0,wait_complex,50,-34.102167109723446,9.431278625135784,-36.78250652201189,-31.421827697435003
0.8,2,S_main,wait_complex,50,1.7684415605530008,1.1976665301988139,1.4280685389019294,2.1088145822040723
0.8,2,R_main,wait_complex,50,-35.87060867027644,9.516414302280534,-38.57514337144488,-33.166073969108
0.8,2,SxR,wait_complex,50,-2.2198520091832648,1.8518885344781728,-2.7461528453072184,-1.6935511730593114
0.8,2,S1R0-S0R0,count_complex,50,0.0,0.0,0.0,0.0
0.8,2,S0R1-S0R0,count_complex,50,0.0,0.0,0.0,0.0
0.8,2,S1R1-S0R0,count_complex,50,0.0,0.0,0.0,0.0
0.8,2,S_main,count_complex,50,0.0,0.0,0.0,0.0
0.8,2,R_main,count_complex,50,0.0,0.0,0.0,0.0
0.8,2,SxR,count_complex,50,0.0,0.0,0.0,0.0
0.8,2,S1R0-S0R0,util_chair,50,-0.0006959533173888921,0.0010060753852621366,-0.0009818767445331686,-0.00041002989024461545
0.8,2,S0R1-S0R0,util_chair,50,0.03230570566222835,0.00467171381512726,0.030978019442859796,0.03363339188159691
0.8,2,S1R1-S0R0,util_chair,50,0.032207788996424326,0.004678287809571815,0.03087823446872704,0.03353734352412161
0.8,2,S_main,util_chair,50,-0.00039693499159645706,0.0010859642371830334,-0.0007055625765667329,-8.830740662618122e-05
0.8,2,R_main,util_chair,50,0.032604723988020785,0.004598428495895413,0.03129786522347429,0.03391158275256728
0.8,2,SxR,util_chair,50,0.0005980366515848701,0.0017165190853883337,0.0001102073826828049,0.0010858659204869352
0.8,2,S1R0-S0R0,overtime_chair_minutes,50,1.3362303693866682,1.931664739703297,0.7872573892696585,1.8852033495036777
0.8,2,S0R1-S0R0,overtime_chair_minutes,50,-62.02695487147844,8.969690525044355,-64.57611241266608,-59.477797330290805
0.8,2,S1R1-S0R0,overtime_chair_minutes,50,-61.83895487313472,8.982312594377875,-64.3916995663135,-59.28621017995593
0.8,2,S_main,overtime_chair_minutes,50,0.7621151838651973,2.0850513353914075,0.16955022072227244,1.3546801470081222
0.8,2,R_main,overtime_chair_minutes,50,-62.601070056999916,8.828982712119188,-65.11023888492919,-60.09190122907064
0.8,2,SxR,overtime_chair_minutes,50,-1.148230371042942,3.2957166439455996,-2.084862567334907,-0.2115981747509772
0.8,2,S1R0-S0R0,util_dentist,50,-0.0011062904369710759,0.001767233109579763,-0.001608532470377178,-0.0006040484035649739
0.8,2,S0R1-S0R0,util_dentist,50,0.05353487590602794,0.008019098621773054,0.05125587356273149,0.0558138782493244
0.8,2,S1R1-S0R0,util_dentist,50,0.053459124964121536,0.007880933369253919,0.0512193887464964,0.055698861181746676
0.8,2,S_main,util_dentist,50,-0.0005910206894387471,0.0017634375439437022,-0.0010921840351535376,-8.985734372395657e-05
0.8,2,R_main,util_dentist,50,0.054050145653560276,0.007851367596031942,0.05181881193472363,0.05628147937239692
0.8,2,SxR,util_dentist,50,0.0010305394950646573,0.002863594242710164,0.00021671511190178268,0.0018443638782275318
0.8,2,S1R0-S0R0,overtime_dentist_minutes,50,1.062038819492251,1.6965437851965781,0.5798864674223916,1.5441911715621104
0.8,2,S0R1-S0R0,overtime_dentist_minutes,50,-51.39348086978682,7.698334676902135,-53.581323119351424,-49.20563862022222
0.8,2,S1R1-S0R0,overtime_dentist_minutes,50,-51.320759965556654,7.565696034483772,-53.47090673447679,-49.170613196636516
0.8,2,S_main,overtime_dentist_minutes,50,0.5673798618612043,1.6929000421859581,0.08626304997500417,1.0484966737474044
0.8,2,R_main,overtime_dentist_minutes,50,-51.88813982741786,7.537312892190673,-54.03022019750104,-49.74605945733468
0.8,2,SxR,overtime_dentist_minutes,50,-0.9893179152620937,2.7490504730017715,-1.7705893230984573,-0.20804650742573005
0.8,2,S1R0-S0R0,util_assistant,50,-0.00115700794969251,0.0015444459965379066,-0.0015959345935983413,-0.0007180813057866787
0.8,2,S0R1-S0R0,util_assistant,50,0.049483855823945114,0.007058297958713394,0.04747790997562784,0.051489801672262386
0.8,2,S1R1-S0R0,util_assistant,50,0.04933743453595661,0.007112871085351437,0.04731597917848435,0.05135888989342887
0.8,2,S_main,util_assistant,50,-0.0006517146188405077,0.0015960435578447987,-0.0011053051256906745,-0.00019812411199034082
0.8,2,R_main,util_assistant,50,0.04998914915479711,0.006950961375696153,0.048013708022253444,0.051964590287340774
0.8,2,SxR,util_assistant,50,0.001010586661704005,0.0025873697808495733,0.00027526439274968477,0.0017459089306583252
0.8,2,S1R0-S0R0,overtime_assistant_minutes,50,1.6660914475572428,2.224002235014597,1.0340370803328423,2.2981458147816434
0.8,2,S0R1-S0R0,overtime_assistant_minutes,50,-71.25675238648094,10.16394906054727,-74.14531440805781,-68.36819036490407
0.8,2,S1R1-S0R0,overtime_assistant_minutes,50,-71.04590573177751,10.242534362906069,-73.95680144653757,-68.13501001701745
0.8,2,S_main,overtime_assistant_minutes,50,0.9384690511303379,2.298302723296532,0.28529872126609135,1.5916393809945844
0.8,2,R_main,overtime_assistant_minutes,50,-71.98437478290785,10.009384381002459,-74.82901001377073,-69.13973955204497
0.8,2,SxR,overtime_assistant_minutes,50,-1.4552447928538088,3.725812484423387,-2.5141088601480304,-0.3963807255595875
0.8,2,S1R0-S0R0,util_frontdesk,50,-0.00021505274290941178,0.00032782495053679565,-0.00030821955201135713,-0.00012188593380746644
0.8,2,S0R1-S0R0,util_frontdesk,50,0.007487291827557871,0.0013163401982470761,0.007113192126597077,0.007861391528518665
0.8,2,S1R1-S0R0,util_frontdesk,50,0.007333049325801076,0.0012781846164156528,0.00696979331993683,0.007696305331665322
0.8,2,S_main,util_frontdesk,50,-0.0001846476223331045,0.0003935553335249733,-0.00029649479738654244,-7.280044727966657e-05
0.8,2,R_main,util_frontdesk,50,0.00751769694813418,0.0012535204572924432,0.00716145041790908,0.007873943478359279
0.8,2,SxR,util_frontdesk,50,6.0810241152614576e-05,0.0006961793686244082,-0.00013704172292497318,0.00025866220523020235
0.8,2,S1R0-S0R0,overtime_frontdesk_minutes,50,0.10322531659651264,0.15735597625766243,0.058505248227578736,0.14794538496544654
0.8,2,S0R1-S0R0,overtime_frontdesk_minutes,50,-3.5939000772277825,0.6318432951585978,-3.7734679336889636,-3.4143322207666014
0.8,2,S1R1-S0R0,overtime_frontdesk_minutes,50,-3.519863676384521,0.6135286158795155,-3.6942265591993593,-3.3455007935696823
0.8,2,S_main,overtime_frontdesk_minutes,50,0.08863085871988713,0.18890656009198503,0.03494421469423753,0.14231750274553673
0.8,2,R_main,overtime_frontdesk_minutes,50,-3.608494535104408,0.6016898195003744,-3.7794928696124566,-3.43749620059636
0.8,2,SxR,overtime_frontdesk_minutes,50,-0.029188915753251124,0.3341660969397087,-0.12415785851049119,0.06578002700398894
0.8,2,S1R0-S0R0,util_sterilizer,50,-0.0003470648854061609,0.002938146117136452,-0.0011820766743521915,0.0004879469035398698
0.8,2,S0R1-S0R0,util_sterilizer,50,0.035047480946548124,0.008436521659435583,0.03264984830253484,0.03744511359056141
0.8,2,S1R1-S0R0,util_sterilizer,50,0.0370761167665709,0.009490588518714201,0.03437892167101665,0.039773311862125155
0.8,2,S_main,util_sterilizer,50,0.0008407854673083115,0.003058468851819971,-2.8421660444382605e-05,0.0017099925950610057
0.8,2,R_main,util_sterilizer,50,0.036235331299262596,0.0085673659645308,0.03380051311956961,0.038670149478955584
0.8,2,SxR,util_sterilizer,50,0.0023757007054289445,0.003629503982876672,0.0013442072082020863,0.003407194202655803
0.8,2,S1R0-S0R0,overtime_sterilizer_minutes,50,0.78525781166162,1.0387202057603124,0.4900568302782878,1.0804587930449523
0.8,2,S0R1-S0R0,overtime_sterilizer_minutes,50,-25.832124187676435,4.718360246908045,-27.17306717471289,-24.49118120063998
0.8,2,S1R1-S0R0,overtime_sterilizer_minutes,50,-25.549202714620705,4.53973647743997,-26.839381394047713,-24.259024035193697
0.8,2,S_main,overtime_sterilizer_minutes,50,0.5340896423586747,1.2164580003566308,0.18837614460878455,0.8798031401085649
0.8,2,R_main,overtime_sterilizer_minutes,50,-26.083292356979385,4.564132185299762,-27.380404219049627,-24.786180494909143
0.8,2,SxR,overtime_sterilizer_minutes,50,-0.5023363386058912,2.0372933813718253,-1.0813286429931108,0.07665596578132838
0.8,4,S1R0-S0R0,scheduled,50,0.0,0.0,0.0,0.0
0.8,4,S0R1-S0R0,scheduled,50,0.0,0.0,0.0,0.0
0.8,4,S1R1-S0R0,scheduled,50,0.0,0.0,0.0,0.0
0.8,4,S_main,scheduled,50,0.0,0.0,0.0,0.0
0.8,4,R_main,scheduled,50,0.0,0.0,0.0,0.0
0.8,4,SxR,scheduled,50,0.0,0.0,0.0,0.0
0.8,4,S1R0-S0R0,attended,50,0.0,0.0,0.0,0.0
0.8,4,S0R1-S0R0,attended,50,0.0,0.0,0.0,0.0
0.8,4,S1R1-S0R0,attended,50,0.0,0.0,0.0,0.0
0.8,4,S_main,attended,50,0.0,0.0,0.0,0.0
0.8,4,R_main,attended,50,0.0,0.0,0.0,0.0
0.8,4,SxR,attended,50,0.0,0.0,0.0,0.0
0.8,4,S1R0-S0R0,completed,50,0.0,0.0,0.0,0.0
0.8,4,S0R1-S0R0,completed,50,0.0,0.0,0.0,0.0
0.8,4,S1R1-S0R0,completed,50,0.0,0.0,0.0,0.0
0.8,4,S_main,completed,50,0.0,0.0,0.0,0.0
0.8,4,R_main,completed,50,0.0,0.0,0.0,0.0
0.8,4,SxR,completed,50,0.0,0.0,0.0,0.0
0.8,4,S1R0-S0R0,mean_wait,50,-0.05716583772519037,0.41475017026886296,-0.17503651802321532,0.06070484257283457
0.8,4,S0R1-S0R0,mean_wait,50,-0.1848294664877416,0.16618740701469079,-0.23205939941118797,-0.13759953356429522
0.8,4,S1R1-S0R0,mean_wait,50,-0.30810646937331654,0.4364403596042961,-0.4321414325481951,-0.18407150619843798
0.8,4,S_main,mean_wait,50,-0.09022142030538266,0.41186900912405777,-0.20727328376249765,0.026830443151732317
0.8,4,R_main,mean_wait,50,-0.21788504906793388,0.17350663308368974,-0.26719508277940085,-0.16857501535646688
0.8,4,SxR,mean_wait,50,-0.06611116516038457,0.12520968721612352,-0.10169536034588654,-0.030526969974882592
0.8,4,S1R0-S0R0,p90_wait,50,-0.16340138418798383,0.8534483961903371,-0.40594870609264117,0.0791459377166735
0.8,4,S0R1-S0R0,p90_wait,50,-0.2197652329118673,0.31311725617413616,-0.3087521620175771,-0.13077830380615751
0.8,4,S1R1-S0R0,p90_wait,50,-0.42967308258638215,0.9364738993236171,-0.6958159886231968,-0.16353017654956747
0.8,4,S_main,p90_wait,50,-0.18665461693124932,0.8933666339268702,-0.4405465751388967,0.0672373412763981
0.8,4,R_main,p90_wait,50,-0.2430184656551328,0.2941966535757331,-0.32662821963279715,-0.15940871167746845
0.8,4,SxR,p90_wait,50,-0.046506465486531,0.32958751219415594,-0.14017418901000772,0.04716125803694573
0.8,4,S1R0-S0R0,post_registration_wait,50,-0.04980067952936066,0.41500910457113105,-0.16774494813318677,0.06814358907446547
0.8,4,S0R1-S0R0,post_registration_wait,50,-0.1828039595534236,0.16494281949455789,-0.22968018465899642,-0.13592773444785078
0.8,4,S1R1-S0R0,post_registration_wait,50,-0.3010820005827216,0.43657131383712416,-0.4251541805343922,-0.17700982063105103
0.8,4,S_main,post_registration_wait,50,-0.08403936027932932,0.4101410411709461,-0.2006001407357202,0.032521420177061555
0.8,4,R_main,post_registration_wait,50,-0.2170426403033923,0.17357613497786462,-0.26637242623230406,-0.16771285437448055
0.8,4,SxR,post_registration_wait,50,-0.06847736149993734,0.12901845201557635,-0.10514399553703918,-0.03181072746283551
0.8,4,S1R0-S0R0,registration_elapsed,50,-0.007365158195829835,0.035550073827281606,-0.01746837619800766,0.0027380598063479894
0.8,4,S0R1-S0R0,registration_elapsed,50,-0.0020255069343185017,0.005757636903443963,-0.0036618090442802954,-0.0003892048243567081
0.8,4,S1R1-S0R0,registration_elapsed,50,-0.007024468790595088,0.03556131170143121,-0.017130880560891824,0.003081942979701647
0.8,4,S_main,registration_elapsed,50,-0.006182060026053211,0.03561581653672956,-0.01630396189732322,0.003939841845216799
0.8,4,R_main,registration_elapsed,50,-0.0008424087645418776,0.004403251945100867,-0.0020937989736313357,0.0004089814445475804
0.8,4,SxR,registration_elapsed,50,0.002366196339553248,0.007218504740050613,0.00031472023312340003,0.004417672445983096
0.8,4,S1R0-S0R0,mean_los,50,-0.05241835207001017,0.4240847194758361,-0.17294188158709162,0.06810517744707129
0.8,4,S0R1-S0R0,mean_los,50,-0.18440580304944262,0.16727969679325033,-0.23194616125661566,-0.1368654448422696
0.8,4,S1R1-S0R0,mean_los,50,-0.3028531592169115,0.44757028231985185,-0.430051211056218,-0.17565510737760504
0.8,4,S_main,mean_los,50,-0.08543285411873952,0.4220450802503316,-0.20537672464998646,0.03451101641250741
0.8,4,R_main,mean_los,50,-0.21742030509817198,0.1725326583664389,-0.2664535382903263,-0.16838707190601762
0.8,4,SxR,mean_los,50,-0.06602900409745871,0.1270518149822611,-0.10213672613974234,-0.029921282055175073
0.8,4,S1R0-S0R0,completed_by_close,50,0.006666666666667212,0.0666666666666667,-0.012279788130705543,0.02561312146403997
0.8,4,S0R1-S0R0,completed_by_close,50,0.019999999999999928,0.02608202654786496,0.012587570944804935,0.02741242905519492
0.8,4,S1R1-S0R0,completed_by_close,50,0.0340000000000002,0.07078760028240431,0.013882388965524243,0.054117611034476154
0.8,4,S_main,completed_by_close,50,0.010333333333333741,0.06458396422777204,-0.008021224049815584,0.028687890716483068
0.8,4,R_main,completed_by_close,50,0.023666666666666458,0.026317871978705297,0.016187211089552716,0.0311461222437802
0.8,4,SxR,completed_by_close,50,0.007333333333333058,0.027180425129200568,-0.00039125710792353545,0.015057923774589652
0.8,4,S1R0-S0R0,overtime,50,0.03044267143538601,0.9324761955134467,-0.2345640998834385,0.2954494427542105
0.8,4,S0R1-S0R0,overtime,50,-0.38003675033351436,0.3773142539113566,-0.48726826217555347,-0.27280523849147525
0.8,4,S1R1-S0R0,overtime,50,-0.48669794832646024,1.0314453223162623,-0.7798314309548597,-0.1935644656980608
0.8,4,S_main,overtime,50,-0.03810926327877992,0.9217712296898536,-0.30007371733134247,0.22385519077378266
0.8,4,R_main,overtime,50,-0.44858868504768035,0.4038739740855627,-0.5633683849553914,-0.33380898513996926
0.8,4,SxR,overtime,50,-0.13710386942833183,0.32576366878606805,-0.229684868807555,-0.04452287004910864
0.8,4,S1R0-S0R0,reprocessing_overtime,50,-0.040351436962711915,1.5413064693303138,-0.4783858372136866,0.39768296328826275
0.8,4,S0R1-S0R0,reprocessing_overtime,50,-0.33930578313148685,0.5343307518583613,-0.4911608846854464,-0.18745068157752728
0.8,4,S1R1-S0R0,reprocessing_overtime,50,-0.56924666739915,1.5663595940244546,-1.0144010860683819,-0.12409224872991814
0.8,4,S_main,reprocessing_overtime,50,-0.1351461606151875,1.5086551762369083,-0.5639011671361125,0.29360884590573755
0.8,4,R_main,reprocessing_overtime,50,-0.43410050678396245,0.5755747635095257,-0.5976770253740885,-0.2705239881938364
0.8,4,SxR,reprocessing_overtime,50,-0.18958944730495134,0.6808697744828773,-0.3830904733820095,0.00391157877210685
0.8,4,S1R0-S0R0,bypass_events,50,0.0,0.0,0.0,0.0
0.8,4,S0R1-S0R0,bypass_events,50,0.1113333333333333,0.06821667493530469,0.09194637111200099,0.1307202955546656
0.8,4,S1R1-S0R0,bypass_events,50,0.15466666666666665,0.08928031729720354,0.1292934842271682,0.1800398491061651
0.8,4,S_main,bypass_events,50,0.021666666666666664,0.029975424552414694,0.01314774627195093,0.0301855870613824
0.8,4,R_main,bypass_events,50,0.13299999999999995,0.0735779778253091,0.11208937253576025,0.15391062746423964
0.8,4,SxR,bypass_events,50,0.04333333333333333,0.05995084910482939,0.02629549254390186,0.0603711741227648
0.8,4,S1R0-S0R0,max_bypasses,50,0.0,0.0,0.0,0.0
0.8,4,S0R1-S0R0,max_bypasses,50,0.09199999999999996,0.05576107111735028,0.0761528807993305,0.10784711920066942
0.8,4,S1R1-S0R0,max_bypasses,50,0.12333333333333331,0.06468132241526726,0.104951107062706,0.14171555960396062
0.8,4,S_main,max_bypasses,50,0.015666666666666672,0.020036814190446898,0.009972267751526789,0.021361065581806556
0.8,4,R_main,max_bypasses,50,0.10766666666666662,0.056965000990682704,0.09147739442213267,0.12385593891120057
0.8,4,SxR,max_bypasses,50,0.031333333333333345,0.040073628380893796,0.019944535503053577,0.04272213116361311
0.8,4,S1R0-S0R0,kit_unavailable_wait,50,0.12993934018068634,0.10227416377011714,0.10087334786854202,0.15900533249283066
0.8,4,S0R1-S0R0,kit_unavailable_wait,50,-0.008775186766968368,0.04089438463447542,-0.020397240916120316,0.0028468673821835794
0.8,4,S1R1-S0R0,kit_unavailable_wait,50,0.11740951479090654,0.10562034667925531,0.08739254793028631,0.14742648165152678
0.8,4,S_main,kit_unavailable_wait,50,0.12806202086928065,0.0995355068780894,0.09977434614229107,0.1563496955962702
0.8,4,R_main,kit_unavailable_wait,50,-0.010652506078374086,0.04022920410588021,-0.02208551803526921,0.000780505878521038
0.8,4,SxR,kit_unavailable_wait,50,-0.0037546386228114416,0.0268428087239808,-0.011383279554662819,0.0038740023090399357
0.8,4,S1R0-S0R0,mean_cycle_queue,50,0.023373981751052035,0.2983420706013145,-0.06141388657098388,0.10816185007308796
0.8,4,S0R1-S0R0,mean_cycle_queue,50,0.01829996210987961,0.06856540982012348,-0.0011861094574249949,0.03778603367718421
0.8,4,S1R1-S0R0,mean_cycle_queue,50,0.023267590134583144,0.32251835087599695,-0.06839110020834606,0.11492628047751234
0.8,4,S_main,mean_cycle_queue,50,0.014170804887877786,0.3015573756318209,-0.07153084290546195,0.09987245268121751
0.8,4,R_main,mean_cycle_queue,50,0.009096785246705359,0.0745222803308863,-0.012082209988588806,0.030275780481999526
0.8,4,SxR,mean_cycle_queue,50,-0.0184063537263485,0.07699820606510505,-0.04028899918671808,0.003476291734021076
0.8,4,S1R0-S0R0,wait_routine,50,-0.38781496683156896,0.4840765373602803,-0.5253879803350481,-0.2502419533280899
0.8,4,S0R1-S0R0,wait_routine,50,-0.05035986867580828,0.1486319091834313,-0.09260058490767467,-0.008119152443941888
0.8,4,S1R1-S0R0,wait_routine,50,-0.4224265079674985,0.4933072434237226,-0.5626228587986601,-0.28223015713633676
0.8,4,S_main,wait_routine,50,-0.3799408030616296,0.48760482849090925,-0.5185165456913852,-0.24136506043187403
0.8,4,R_main,wait_routine,50,-0.04248570490586893,0.14321632270470394,-0.08318732867142825,-0.001784081140309604
0.8,4,SxR,wait_routine,50,0.01574832753987874,0.12611246135041113,-0.020092433185535996,0.05158908826529347
0.8,4,S1R0-S0R0,count_routine,50,0.0,0.0,0.0,0.0
0.8,4,S0R1-S0R0,count_routine,50,0.0,0.0,0.0,0.0
0.8,4,S1R1-S0R0,count_routine,50,0.0,0.0,0.0,0.0
0.8,4,S_main,count_routine,50,0.0,0.0,0.0,0.0
0.8,4,R_main,count_routine,50,0.0,0.0,0.0,0.0
0.8,4,SxR,count_routine,50,0.0,0.0,0.0,0.0
0.8,4,S1R0-S0R0,wait_restorative,50,0.1827761727593248,0.45702418083333934,0.05289135300734721,0.3126609925113024
0.8,4,S0R1-S0R0,wait_restorative,50,-0.39429633822313337,0.35321788968325857,-0.49467973993074216,-0.2939129365155246
0.8,4,S1R1-S0R0,wait_restorative,50,-0.35396529494250706,0.582899557521558,-0.5196234967123686,-0.18830709317264546
0.8,4,S_main,wait_restorative,50,0.11155360801997556,0.45289424955777025,-0.017157498388569628,0.24026471442852076
0.8,4,R_main,wait_restorative,50,-0.46551890296248266,0.3791054601713837,-0.5732594699310974,-0.35777833599386794
0.8,4,SxR,wait_restorative,50,-0.14244512947869853,0.28820163207248783,-0.22435111739755517,-0.060539141559841886
0.8,4,S1R0-S0R0,count_restorative,50,0.0,0.0,0.0,0.0
0.8,4,S0R1-S0R0,count_restorative,50,0.0,0.0,0.0,0.0
0.8,4,S1R1-S0R0,count_restorative,50,0.0,0.0,0.0,0.0
0.8,4,S_main,count_restorative,50,0.0,0.0,0.0,0.0
0.8,4,R_main,count_restorative,50,0.0,0.0,0.0,0.0
0.8,4,SxR,count_restorative,50,0.0,0.0,0.0,0.0
0.8,4,S1R0-S0R0,wait_impression,50,0.14187450679175798,0.6693591146942149,-0.048355226354692776,0.3321042399382087
0.8,4,S0R1-S0R0,wait_impression,50,-0.49271074970972445,0.5891840887638025,-0.660154995286144,-0.32526650413330493
0.8,4,S1R1-S0R0,wait_impression,50,-0.48765575498183594,0.8390968175173523,-0.7261244038375136,-0.24918710612615824
0.8,4,S_main,wait_impression,50,0.07346475075982319,0.6555292688386828,-0.11283458414628046,0.25976408566592685
0.8,4,R_main,wait_impression,50,-0.5611205057416591,0.6158813050349602,-0.7361520153375363,-0.3860889961457819
0.8,4,SxR,wait_impression,50,-0.13681951206386955,0.42933351759250343,-0.2588347333248206,-0.014804290802918493
0.8,4,S1R0-S0R0,count_impression,50,0.0,0.0,0.0,0.0
0.8,4,S0R1-S0R0,count_impression,50,0.0,0.0,0.0,0.0
0.8,4,S1R1-S0R0,count_impression,50,0.0,0.0,0.0,0.0
0.8,4,S_main,count_impression,50,0.0,0.0,0.0,0.0
0.8,4,R_main,count_impression,50,0.0,0.0,0.0,0.0
0.8,4,SxR,count_impression,50,0.0,0.0,0.0,0.0
0.8,4,S1R0-S0R0,wait_complex,50,1.1495432552659262,0.7710131508271161,0.9304237681110378,1.3686627424208146
0.8,4,S0R1-S0R0,wait_complex,50,-0.39595151178397314,0.48786099571340474,-0.5346000563242523,-0.2573029672436939
0.8,4,S1R1-S0R0,wait_complex,50,0.48722404886989906,0.7966516354514235,0.260818185864897,0.7136299118749011
0.8,4,S_main,wait_complex,50,1.0163594079598992,0.6988958519156303,0.8177354279640371,1.2149833879557614
0.8,4,R_main,wait_complex,50,-0.5291353590900002,0.5495999418799083,-0.6853299159219958,-0.37294080225800463
0.8,4,SxR,wait_complex,50,-0.26636769461205406,0.5090016868380507,-0.41102435638400814,-0.12171103284009999
0.8,4,S1R0-S0R0,count_complex,50,0.0,0.0,0.0,0.0
0.8,4,S0R1-S0R0,count_complex,50,0.0,0.0,0.0,0.0
0.8,4,S1R1-S0R0,count_complex,50,0.0,0.0,0.0,0.0
0.8,4,S_main,count_complex,50,0.0,0.0,0.0,0.0
0.8,4,R_main,count_complex,50,0.0,0.0,0.0,0.0
0.8,4,SxR,count_complex,50,0.0,0.0,0.0,0.0
0.8,4,S1R0-S0R0,util_chair,50,2.5153402001888424e-05,0.0009304905725405459,-0.0002392890615784257,0.0002895958655822025
0.8,4,S0R1-S0R0,util_chair,50,0.0004766956809824396,0.00039696530581729395,0.00036387940264055046,0.0005895119593243288
0.8,4,S1R1-S0R0,util_chair,50,0.0006694300299100387,0.0010259064449939426,0.0003778706786138721,0.0009609893812062053
0.8,4,S_main,util_chair,50,0.00010894387546474371,0.0009014453575129372,-0.00014724403031156203,0.0003651317812410495
0.8,4,R_main,util_chair,50,0.0005604861544452949,0.0004411252397013661,0.0004351197632355626,0.0006858525456550272
0.8,4,SxR,util_chair,50,0.00016758094692571058,0.00035596510836864275,6.641679439848486e-05,0.0002687450994529363
0.8,4,S1R0-S0R0,overtime_chair_minutes,50,-0.04829453184361988,1.786541899277832,-0.5560240619178184,0.45943499823057865
0.8,4,S0R1-S0R0,overtime_chair_minutes,50,-0.9152557074862833,0.7621733871692121,-1.1318629619027125,-0.6986484530698539
0.8,4,S1R1-S0R0,overtime_chair_minutes,50,-1.2853056574272717,1.969740374388373,-1.8450996119159124,-0.7255117029386309
0.8,4,S_main,overtime_chair_minutes,50,-0.20917224089230413,1.7307750864248288,-0.7010530199828081,0.28270853819819985
0.8,4,R_main,overtime_chair_minutes,50,-1.0761334165349674,0.8469604602266325,-1.3168368876576562,-0.8354299454122787
0.8,4,SxR,overtime_chair_minutes,50,-0.32175541809736863,0.6834530080678042,-0.5159905909496448,-0.1275202452450924
0.8,4,S1R0-S0R0,util_dentist,50,-2.199084270975593e-05,0.0014224457853149381,-0.00042624541430749875,0.0003822637288879869
0.8,4,S0R1-S0R0,util_dentist,50,0.0007601627446739156,0.0006427664958269916,0.000577490549297139,0.0009428349400506923
0.8,4,S1R1-S0R0,util_dentist,50,0.001004454520406437,0.0015867412203400674,0.0005535077083119197,0.0014554013325009543
0.8,4,S_main,util_dentist,50,0.00011115046651138271,0.0013762598616583709,-0.0002799782123638492,0.0005022791453866146
0.8,4,R_main,util_dentist,50,0.0008933040538950543,0.0007337877134746388,0.0006847639177318329,0.0011018441900582756
0.8,4,SxR,util_dentist,50,0.00026628261844227727,0.000594488048645259,9.733100432374127e-05,0.00043523423256081327
0.8,4,S1R0-S0R0,overtime_dentist_minutes,50,0.021111209001363776,1.3655479539023532,-0.36697317973247295,0.4091955977352005
0.8,4,S0R1-S0R0,overtime_dentist_minutes,50,-0.7297562348869592,0.6170558359939136,-0.9051215424486652,-0.5543909273252532
0.8,4,S1R1-S0R0,overtime_dentist_minutes,50,-0.9642763395901842,1.5232715715264762,-1.397185279200924,-0.5313673999794443
0.8,4,S_main,overtime_dentist_minutes,50,-0.10670444785093065,1.3212094671920414,-0.4821879795711548,0.2687790838692935
0.8,4,R_main,overtime_dentist_minutes,50,-0.8575718917392535,0.7044362049356554,-1.0577704224559465,-0.6573733610225605
0.8,4,SxR,overtime_dentist_minutes,50,-0.25563131370458886,0.5707085266994482,-0.41782486325838325,-0.09343776415079447
0.8,4,S1R0-S0R0,util_assistant,50,4.374412926056115e-05,0.0014552617334423965,-0.000369836630504629,0.0004573248890257513
0.8,4,S0R1-S0R0,util_assistant,50,0.0007457844032560646,0.0006709831725488462,0.0005550931180286475,0.0009364756884834817
0.8,4,S1R1-S0R0,util_assistant,50,0.0010486137441596166,0.0016397416181065496,0.0005826043874572178,0.0015146231008620155
0.8,4,S_main,util_assistant,50,0.00017328673508205662,0.0014039479591772212,-0.00022571081311416747,0.0005722842832782808
0.8,4,R_main,util_assistant,50,0.00087532700907756,0.0007179686691651441,0.0006712825950335509,0.001079371423121569
0.8,4,SxR,util_assistant,50,0.00025908521164299094,0.0005446436255051936,0.00010429922417332053,0.00041387119911266137
0.8,4,S1R0-S0R0,overtime_assistant_minutes,50,-0.06299154613519121,2.0955768961570445,-0.658547840197063,0.5325647479266806
0.8,4,S0R1-S0R0,overtime_assistant_minutes,50,-1.0739295406887326,0.9662157684703427,-1.3485249914162143,-0.7993340899612508
0.8,4,S1R1-S0R0,overtime_assistant_minutes,50,-1.5100037915898514,2.361227930073405,-2.1810572652412983,-0.8389503179384047
0.8,4,S_main,overtime_assistant_minutes,50,-0.24953289851815527,2.02168506121518,-0.8240893679207129,0.32502357088440226
0.8,4,R_main,overtime_assistant_minutes,50,-1.2604708930716968,1.0338748835978113,-1.554294849295071,-0.9666469368483226
0.8,4,SxR,overtime_assistant_minutes,50,-0.373082704765928,0.7842868207274948,-0.5959745267222579,-0.150190882809598
0.8,4,S1R0-S0R0,util_frontdesk,50,2.0177854229608273e-05,0.00039103509343192265,-9.0953076598807e-05,0.00013130878505802354
0.8,4,S0R1-S0R0,util_frontdesk,50,0.00012125879989840771,0.0001637541971693315,7.472037748017565e-05,0.00016779722231663978
0.8,4,S1R1-S0R0,util_frontdesk,50,0.0001990426644308324,0.0004295975022778244,7.695241956126686e-05,0.0003211329093003979
0.8,4,S_main,util_frontdesk,50,4.8980859381016485e-05,0.00038219249216767196,-5.9637032270234037e-05,0.000157598751032267
0.8,4,R_main,util_frontdesk,50,0.00015006180504981593,0.00015431198838398652,0.00010620682836066728,0.00019391678173896455
0.8,4,SxR,util_frontdesk,50,5.7606010302816424e-05,0.00015745344609764255,1.2858241315123162e-05,0.00010235377929050969
0.8,4,S1R0-S0R0,overtime_frontdesk_minutes,50,-0.009685370030210425,0.18769684484732152,-0.06302821682784937,0.043657476767428524
0.8,4,S0R1-S0R0,overtime_frontdesk_minutes,50,-0.05820422395123243,0.07860201464127854,-0.08054266671198365,-0.035865781190481213
0.8,4,S1R1-S0R0,overtime_frontdesk_minutes,50,-0.09554047892679982,0.2062068010933572,-0.1541437964641917,-0.036937161389407926
0.8,4,S_main,overtime_frontdesk_minutes,50,-0.023510812502888903,0.183452396240482,-0.07564740049548901,0.0286257754897112
0.8,4,R_main,overtime_frontdesk_minutes,50,-0.0720296664239109,0.07406975442431388,-0.09308005523470235,-0.05097927761311945
0.8,4,SxR,overtime_frontdesk_minutes,50,-0.02765088494535699,0.07557765412686994,-0.04912981405945019,-0.006171955831263794
0.8,4,S1R0-S0R0,util_sterilizer,50,1.4278507935667762e-05,0.0031817727787799475,-0.0008899712039943126,0.0009185282198656481
0.8,4,S0R1-S0R0,util_sterilizer,50,0.0003499319382623356,0.000662282016724279,0.00016171349386764439,0.0005381503826570268
0.8,4,S1R1-S0R0,util_sterilizer,50,0.0004033386190167687,0.0033283440171149275,-0.0005425661730388413,0.0013492434110723788
0.8,4,S_main,util_sterilizer,50,3.3842594345050435e-05,0.0031896038514045016,-0.0008726326835373707,0.0009403178722274716
0.8,4,R_main,util_sterilizer,50,0.00036949602467171826,0.0007392230490660957,0.00015941118340711565,0.0005795808659363208
0.8,4,SxR,util_sterilizer,50,3.912817281876535e-05,0.0007882096949008923,-0.00018487851751059544,0.00026313486314812615
0.8,4,S1R0-S0R0,overtime_sterilizer_minutes,50,0.012479649524214978,1.5972794223578426,-0.4414620860929328,0.4664213851413628
0.8,4,S0R1-S0R0,overtime_sterilizer_minutes,50,-0.2839673303659187,0.4822103240123873,-0.4210099719668261,-0.14692468876501127
0.8,4,S1R1-S0R0,overtime_sterilizer_minutes,50,-0.4836025371280519,1.5740012453115908,-0.9309286888076189,-0.03627638544848488
0.8,4,S_main,overtime_sterilizer_minutes,50,-0.09357777861895912,1.5562607278834795,-0.5358621316255204,0.3487065743876022
0.8,4,R_main,overtime_sterilizer_minutes,50,-0.3900247585090928,0.5760488084614478,-0.5537359991680216,-0.226313517850164
0.8,4,SxR,overtime_sterilizer_minutes,50,-0.2121148562863479,0.6901978393069909,-0.40826688874146155,-0.015962823831234263
1.0,1,S1R0-S0R0,scheduled,50,0.0,0.0,0.0,0.0
1.0,1,S0R1-S0R0,scheduled,50,0.0,0.0,0.0,0.0
1.0,1,S1R1-S0R0,scheduled,50,0.0,0.0,0.0,0.0
1.0,1,S_main,scheduled,50,0.0,0.0,0.0,0.0
1.0,1,R_main,scheduled,50,0.0,0.0,0.0,0.0
1.0,1,SxR,scheduled,50,0.0,0.0,0.0,0.0
1.0,1,S1R0-S0R0,attended,50,0.0,0.0,0.0,0.0
1.0,1,S0R1-S0R0,attended,50,0.0,0.0,0.0,0.0
1.0,1,S1R1-S0R0,attended,50,0.0,0.0,0.0,0.0
1.0,1,S_main,attended,50,0.0,0.0,0.0,0.0
1.0,1,R_main,attended,50,0.0,0.0,0.0,0.0
1.0,1,SxR,attended,50,0.0,0.0,0.0,0.0
1.0,1,S1R0-S0R0,completed,50,0.0,0.0,0.0,0.0
1.0,1,S0R1-S0R0,completed,50,0.0,0.0,0.0,0.0
1.0,1,S1R1-S0R0,completed,50,0.0,0.0,0.0,0.0
1.0,1,S_main,completed,50,0.0,0.0,0.0,0.0
1.0,1,R_main,completed,50,0.0,0.0,0.0,0.0
1.0,1,SxR,completed,50,0.0,0.0,0.0,0.0
1.0,1,S1R0-S0R0,mean_wait,50,-0.14619115212894257,1.322284111961943,-0.5219800944775095,0.2295977902196243
1.0,1,S0R1-S0R0,mean_wait,50,-106.42691581451344,7.777119136377223,-108.63714835708075,-104.21668327194612
1.0,1,S1R1-S0R0,mean_wait,50,-106.60759515275268,7.616255639036825,-108.77211080060638,-104.44307950489898
1.0,1,S_main,mean_wait,50,-0.16343524518409425,1.2252495554015148,-0.5116472749378321,0.18477678456964364
1.0,1,R_main,mean_wait,50,-106.44415990756859,7.486384053368725,-108.57176646351243,-104.31655335162475
1.0,1,SxR,mean_wait,50,-0.03448818611030333,1.7448478945674952,-0.5303684125510142,0.46139204033040754
1.0,1,S1R0-S0R0,p90_wait,50,-0.4343155523938935,2.0863036931561045,-1.027236431633503,0.15860532684571582
1.0,1,S0R1-S0R0,p90_wait,50,-131.74028478015757,15.598175315587298,-136.17323663323162,-127.30733292708351
1.0,1,S1R1-S0R0,p90_wait,50,-132.27235680512902,14.9821759203356,-136.5302435877429,-128.01447002251516
1.0,1,S_main,p90_wait,50,-0.48319378868266993,1.8735629456363114,-1.0156544235756335,0.04926684621029365
1.0,1,R_main,p90_wait,50,-131.78916301644634,15.172224271897296,-136.1010609365929,-127.47726509629979
1.0,1,SxR,p90_wait,50,-0.09775647257755281,3.2395835893107945,-1.0184358331353658,0.8229228879802601
1.0,1,S1R0-S0R0,post_registration_wait,50,-0.15668542333362667,1.317255182820111,-0.5310451600022198,0.21767431333496645
1.0,1,S0R1-S0R0,post_registration_wait,50,-106.45189768182517,7.77327629458353,-108.66103810096742,-104.24275726268293
1.0,1,S1R1-S0R0,post_registration_wait,50,-106.64054183775934,7.615704304037526,-108.80490079795841,-104.47618287756028
1.0,1,S_main,post_registration_wait,50,-0.17266478963389942,1.220977476100672,-0.5196627080271741,0.1743331287593753
1.0,1,R_main,post_registration_wait,50,-106.46787704812544,7.486443565421099,-108.59550051720544,-104.34025357904545
1.0,1,SxR,post_registration_wait,50,-0.03195873260054555,1.741409547041177,-0.5268617916014808,0.4629443264003897
1.0,1,S1R0-S0R0,registration_elapsed,50,0.010494271204665697,0.021298161434723746,0.004441401411313582,0.016547140998017813
1.0,1,S0R1-S0R0,registration_elapsed,50,0.024981867311715186,0.018844183836885436,0.019626410152831203,0.03033732447059917
1.0,1,S1R1-S0R0,registration_elapsed,50,0.032946685006643266,0.0278262845017412,0.025038543384277162,0.04085482662900937
1.0,1,S_main,registration_elapsed,50,0.00922954444979689,0.01821253589403964,0.00405359962886763,0.01440548927072615
1.0,1,R_main,registration_elapsed,50,0.023717140556846376,0.014415524297138568,0.01962029436470391,0.027813986748988842
1.0,1,SxR,registration_elapsed,50,-0.002529453509737616,0.028439527865144067,-0.010611876947071237,0.005552969927596005
1.0,1,S1R0-S0R0,mean_los,50,-0.14311090891518802,1.3150179391396253,-0.5168348280398357,0.23061301020945968
1.0,1,S0R1-S0R0,mean_los,50,-106.405224619924,7.781779279919551,-108.61678156047591,-104.19366767937208
1.0,1,S1R1-S0R0,mean_los,50,-106.58456717942609,7.618070319053632,-108.74959855357343,-104.41953580527874
1.0,1,S_main,mean_los,50,-0.16122673420863806,1.2173392581132427,-0.5071906826122855,0.18473721419500935
1.0,1,R_main,mean_los,50,-106.42334044521742,7.487870198921769,-108.55136935900441,-104.29531153143043
1.0,1,SxR,mean_los,50,-0.03623165058690006,1.7423572160111376,-0.5314040340973687,0.4589407329235685
1.0,1,S1R0-S0R0,completed_by_close,50,0.014000000000000021,0.04316818346296344,0.001731739450014062,0.026268260549985982
1.0,1,S0R1-S0R0,completed_by_close,50,2.3626666666666667,0.22321501587182177,2.299229668542012,2.4261036647913214
1.0,1,S1R1-S0R0,completed_by_close,50,2.3713333333333333,0.22426599852683435,2.3075976492781884,2.435069017388478
1.0,1,S_main,completed_by_close,50,0.011333333333333312,0.040746993267202686,-0.0002468326576552989,0.02291349932432192
1.0,1,R_main,completed_by_close,50,2.36,0.21333120747240103,2.299371948811328,2.4206280511886717
1.0,1,SxR,completed_by_close,50,-0.005333333333333421,0.07233080969922877,-0.025889519579690545,0.015222852913023702
1.0,1,S1R0-S0R0,overtime,50,-0.24786157429991817,2.179850309403989,-0.8673681045823434,0.371644955982507
1.0,1,S0R1-S0R0,overtime,50,-121.07365424924703,16.671485796314858,-125.81163752992084,-116.33567096857321
1.0,1,S1R1-S0R0,overtime,50,-121.08674886294347,16.193839345318747,-125.68898654022344,-116.4845111856635
1.0,1,S_main,overtime,50,-0.1304780939981663,1.9533044494941365,-0.6856010108658821,0.42464482286954947
1.0,1,R_main,overtime,50,-120.95627076894529,16.362840820131925,-125.60653812827381,-116.30600340961676
1.0,1,SxR,overtime,50,0.23476696060350377,3.5847885057116393,-0.7840185401206009,1.2535524613276086
1.0,1,S1R0-S0R0,reprocessing_overtime,50,-0.28870733886039035,2.1950378849672116,-0.9125301298511698,0.33511545213038907
1.0,1,S0R1-S0R0,reprocessing_overtime,50,-125.85321268647276,16.512777552388208,-130.54609158860367,-121.16033378434184
1.0,1,S1R1-S0R0,reprocessing_overtime,50,-125.88705329685405,16.01291430760633,-130.43787265340305,-121.33623394030505
1.0,1,S_main,reprocessing_overtime,50,-0.16127397462084558,1.9710124665950188,-0.721429453671856,0.3988815044301648
1.0,1,R_main,reprocessing_overtime,50,-125.72577932223322,16.170328926809773,-130.32133541328997,-121.13022323117647
1.0,1,SxR,reprocessing_overtime,50,0.2548667284790895,3.482204314118184,-0.7347646710107587,1.2444981279689378
1.0,1,S1R0-S0R0,bypass_events,50,0.0,0.0,0.0,0.0
1.0,1,S0R1-S0R0,bypass_events,50,22.232000000000003,0.970072816772674,21.95630838840285,22.507691611597156
1.0,1,S1R1-S0R0,bypass_events,50,22.270666666666667,0.9757755215625803,21.993354364491644,22.54797896884169
1.0,1,S_main,bypass_events,50,0.019333333333333015,0.06558302971690237,0.0006948447132423471,0.03797182195342368
1.0,1,R_main,bypass_events,50,22.25133333333333,0.9707154245061472,21.975459094660557,22.527207572006105
1.0,1,SxR,bypass_events,50,0.03866666666666603,0.13116605943380474,0.0013896894264846943,0.07594364390684737
1.0,1,S1R0-S0R0,max_bypasses,50,0.0,0.0,0.0,0.0
1.0,1,S0R1-S0R0,max_bypasses,50,1.9993333333333334,0.0047140452079103634,1.9979936166666667,2.00067305
1.0,1,S1R1-S0R0,max_bypasses,50,1.9993333333333334,0.0047140452079103634,1.9979936166666667,2.00067305
1.0,1,S_main,max_bypasses,50,0.0,0.0,0.0,0.0
1.0,1,R_main,max_bypasses,50,1.9993333333333334,0.0047140452079103634,1.9979936166666667,2.00067305
1.0,1,SxR,max_bypasses,50,0.0,0.0,0.0,0.0
1.0,1,S1R0-S0R0,kit_unavailable_wait,50,-0.02071246953410878,0.6417977343439539,-0.20310934597616828,0.16168440690795075
1.0,1,S0R1-S0R0,kit_unavailable_wait,50,-22.056457701542836,3.5755765252656455,-23.072625186700225,-21.040290216385447
1.0,1,S1R1-S0R0,kit_unavailable_wait,50,-22.203657079732842,3.437043676638912,-23.180453969573367,-21.226860189892317
1.0,1,S_main,kit_unavailable_wait,50,-0.08395592386205805,0.6970216170519274,-0.2820472522660481,0.11413540454193197
1.0,1,R_main,kit_unavailable_wait,50,-22.119701155870786,3.422205591660666,-23.092281109116513,-21.14712120262506
1.0,1,SxR,kit_unavailable_wait,50,-0.1264869086558957,1.0085345486322237,-0.413109222214633,0.1601354049028416
1.0,1,S1R0-S0R0,mean_cycle_queue,50,-0.012446485108645575,0.06927885805647295,-0.03213531639735409,0.007242346180062937
1.0,1,S0R1-S0R0,mean_cycle_queue,50,-0.024365838606040188,0.342913515382815,-0.12182076988517053,0.07308909267309015
1.0,1,S1R1-S0R0,mean_cycle_queue,50,-0.046148277172269624,0.33329227615023316,-0.14086888283817764,0.048572328493638385
1.0,1,S_main,mean_cycle_queue,50,-0.017114461837437506,0.06487021034027586,-0.035550369456058994,0.0013214457811839796
1.0,1,R_main,mean_cycle_queue,50,-0.029033815334832118,0.3348944696994179,-0.1242097593155842,0.06614212864591995
1.0,1,SxR,mean_cycle_queue,50,-0.009335953457583859,0.11992324471785579,-0.043417758485600734,0.024745851570433013
1.0,1,S1R0-S0R0,wait_routine,50,-0.2886348607654122,1.3181963662748257,-0.6632620787807171,0.08599235724989268
1.0,1,S0R1-S0R0,wait_routine,50,-53.2976504452743,13.024417015266332,-56.99914836890244,-49.59615252164616
1.0,1,S1R1-S0R0,wait_routine,50,-53.43905284549853,12.81493629692894,-57.08101701471316,-49.7970886762839
1.0,1,S_main,wait_routine,50,-0.21501863049481357,1.3558120020671034,-0.6003360926583109,0.17029883166868376
1.0,1,R_main,wait_routine,50,-53.224034215003705,12.710641786223677,-56.83635821572797,-49.61171021427944
1.0,1,SxR,wait_routine,50,0.14723246054119726,2.077102053646032,-0.4430733419928225,0.737538263075217
1.0,1,S1R0-S0R0,count_routine,50,0.0,0.0,0.0,0.0
1.0,1,S0R1-S0R0,count_routine,50,0.0,0.0,0.0,0.0
1.0,1,S1R1-S0R0,count_routine,50,0.0,0.0,0.0,0.0
1.0,1,S_main,count_routine,50,0.0,0.0,0.0,0.0
1.0,1,R_main,count_routine,50,0.0,0.0,0.0,0.0
1.0,1,SxR,count_routine,50,0.0,0.0,0.0,0.0
1.0,1,S1R0-S0R0,wait_restorative,50,0.014633989884620177,1.6187716918909154,-0.44541578043054736,0.4746837601997877
1.0,1,S0R1-S0R0,wait_restorative,50,-147.7986142246231,12.650445420711575,-151.39383060957525,-144.20339783967094
1.0,1,S1R1-S0R0,wait_restorative,50,-148.04223465975582,12.376028664282664,-151.55946267463813,-144.5250066448735
1.0,1,S_main,wait_restorative,50,-0.11449322262405019,2.1539355683978827,-0.7266348658706081,0.49764842062250775
1.0,1,R_main,wait_restorative,50,-147.92774143713174,12.353648373149355,-151.4386090443994,-144.41687382986407
1.0,1,SxR,wait_restorative,50,-0.2582544250173385,3.0343445776561264,-1.120605510720562,0.6040966606858851
1.0,1,S1R0-S0R0,count_restorative,50,0.0,0.0,0.0,0.0
1.0,1,S0R1-S0R0,count_restorative,50,0.0,0.0,0.0,0.0
1.0,1,S1R1-S0R0,count_restorative,50,0.0,0.0,0.0,0.0
1.0,1,S_main,count_restorative,50,0.0,0.0,0.0,0.0
1.0,1,R_main,count_restorative,50,0.0,0.0,0.0,0.0
1.0,1,SxR,count_restorative,50,0.0,0.0,0.0,0.0
1.0,1,S1R0-S0R0,wait_impression,50,-0.21079559318915586,1.4117550468786504,-0.6120118908988939,0.19042070452058207
1.0,1,S0R1-S0R0,wait_impression,50,-240.25933425217045,31.408546571280002,-249.18554337012944,-231.33312513421146
1.0,1,S1R1-S0R0,wait_impression,50,-239.8906858323054,32.25176301554132,-249.05653438394836,-230.72483728066243
1.0,1,S_main,wait_impression,50,0.07892641333794245,2.241430658468263,-0.5580810564437731,0.7159338831196581
1.0,1,R_main,wait_impression,50,-239.96961224564336,31.717472277561004,-248.98361706754935,-230.95560742373738
1.0,1,SxR,wait_impression,50,0.579444013054192,4.995376546829123,-0.8402261260511172,1.9991141521595013
1.0,1,S1R0-S0R0,count_impression,50,0.0,0.0,0.0,0.0
1.0,1,S0R1-S0R0,count_impression,50,0.0,0.0,0.0,0.0
1.0,1,S1R1-S0R0,count_impression,50,0.0,0.0,0.0,0.0
1.0,1,S_main,count_impression,50,0.0,0.0,0.0,0.0
1.0,1,R_main,count_impression,50,0.0,0.0,0.0,0.0
1.0,1,SxR,count_impression,50,0.0,0.0,0.0,0.0
1.0,1,S1R0-S0R0,wait_complex,50,1.0263778006831352,2.3414405565647356,0.3609478356977994,1.6918077656684711
1.0,1,S0R1-S0R0,wait_complex,50,-251.72169570852012,32.35275970095721,-260.91624719718686,-242.5271442198534
1.0,1,S1R1-S0R0,wait_complex,50,-252.77084243505723,32.79083396447105,-262.0898932371973,-243.45179163291715
1.0,1,S_main,wait_complex,50,-0.011384462927016585,3.2662760870735466,-0.9396497465191938,0.9168808206651606
1.0,1,R_main,wait_complex,50,-252.75945797213024,32.65486612981451,-262.03986714777204,-243.4790487964884
1.0,1,SxR,wait_complex,50,-2.0755245272203,5.580552942397313,-3.661499938232443,-0.48954911620815733
1.0,1,S1R0-S0R0,count_complex,50,0.0,0.0,0.0,0.0
1.0,1,S0R1-S0R0,count_complex,50,0.0,0.0,0.0,0.0
1.0,1,S1R1-S0R0,count_complex,50,0.0,0.0,0.0,0.0
1.0,1,S_main,count_complex,50,0.0,0.0,0.0,0.0
1.0,1,R_main,count_complex,50,0.0,0.0,0.0,0.0
1.0,1,SxR,count_complex,50,0.0,0.0,0.0,0.0
1.0,1,S1R0-S0R0,util_chair,50,0.0002629495032828244,0.0009505189807534155,-7.184970260516656e-06,0.0005330839768261655
1.0,1,S0R1-S0R0,util_chair,50,0.06591996037932542,0.005260068557869943,0.06442506561188395,0.06741485514676689
1.0,1,S1R1-S0R0,util_chair,50,0.066165914106852,0.005165564901621841,0.0646978769781799,0.06763395123552411
1.0,1,S_main,util_chair,50,0.0002544516154047061,0.0008710361491023896,6.9059100170152776e-06,0.0005019973207923969
1.0,1,R_main,util_chair,50,0.06591146249144732,0.00507466653193333,0.06446925839056208,0.06735366659233255
1.0,1,SxR,util_chair,50,-1.6995775756236676e-05,0.0012492375174592283,-0.00037202510809208796,0.00033803355657961465
1.0,1,S1R0-S0R0,overtime_chair_minutes,50,-0.5048630463030327,1.8249964430465573,-1.0235212355062475,0.013795142900182022
1.0,1,S0R1-S0R0,overtime_chair_minutes,50,-126.56632392830481,10.099331631110307,-129.43652188179243,-123.69612597481719
1.0,1,S1R1-S0R0,overtime_chair_minutes,50,-127.03855508515583,9.91788461111392,-129.85718637220626,-124.2199237981054
1.0,1,S_main,overtime_chair_minutes,50,-0.48854710157703723,1.6723894062765883,-0.9638348559214036,-0.013259347232670804
1.0,1,R_main,overtime_chair_minutes,50,-126.55000798357882,9.743359741311997,-129.31903985727845,-123.78097610987919
1.0,1,SxR,overtime_chair_minutes,50,0.0326318894519909,2.3985360335217583,-0.6490244286328548,0.7142882075368366
1.0,1,S1R0-S0R0,util_dentist,50,0.0003885122126685381,0.0016778657285472867,-8.833189506119278e-05,0.000865356320398269
1.0,1,S0R1-S0R0,util_dentist,50,0.10978005984462358,0.008998219566113618,0.10722279444063047,0.11233732524861668
1.0,1,S1R1-S0R0,util_dentist,50,0.11015669287224472,0.008879332887569338,0.10763321468446736,0.11268017106002208
1.0,1,S_main,util_dentist,50,0.0003825726201448454,0.0015437458242689097,-5.6155037027312104e-05,0.0008213002773170029
1.0,1,R_main,util_dentist,50,0.1097741202520999,0.00874958959290074,0.10728751469633804,0.11226072580786176
1.0,1,SxR,util_dentist,50,-1.1879185047385388e-05,0.002268340214206194,-0.0006565342650501926,0.0006327758949554218
1.0,1,S1R0-S0R0,overtime_dentist_minutes,50,-0.37297172416180957,1.61075109940538,-0.8307420675823469,0.08479861925872778
1.0,1,S0R1-S0R0,overtime_dentist_minutes,50,-105.38885745083863,8.638290783469069,-107.84383223867201,-102.93388266300525
1.0,1,S1R1-S0R0,overtime_dentist_minutes,50,-105.75042515735493,8.52415957206656,-108.1729642176212,-103.32788609708865
1.0,1,S_main,overtime_dentist_minutes,50,-0.367269715339055,1.4819959912981449,-0.7884482662243237,0.053908835546213785
1.0,1,R_main,overtime_dentist_minutes,50,-105.38315544201589,8.39960600918472,-107.77029677554728,-102.9960141084845
1.0,1,SxR,overtime_dentist_minutes,50,0.011404017645504609,2.1776066056379273,-0.6074648591571848,0.630272894448194
1.0,1,S1R0-S0R0,util_assistant,50,0.0003835834539921834,0.0013959309200754443,-1.3135677169781894e-05,0.0007803025851541487
1.0,1,S0R1-S0R0,util_assistant,50,0.10084980458659402,0.0080153703663322,0.09857186180164532,0.10312774737154273
1.0,1,S1R1-S0R0,util_assistant,50,0.10125649987848787,0.007881200549334267,0.099016687729133,0.10349631202784274
1.0,1,S_main,util_assistant,50,0.00039513937294304025,0.0013030394536274912,2.4819701332842042e-05,0.0007654590445532385
1.0,1,R_main,util_assistant,50,0.10086136050554485,0.007725936225314253,0.09866567398364033,0.10305704702744937
1.0,1,SxR,util_assistant,50,2.3111837901713673e-05,0.0018036229718572118,-0.0004894720787152228,0.0005356957545186501
1.0,1,S1R0-S0R0,overtime_assistant_minutes,50,-0.5523601737487502,2.010140524908637,-1.1236357226219793,0.01891537512447894
1.0,1,S0R1-S0R0,overtime_assistant_minutes,50,-145.22371860469536,11.542133327518345,-148.5039562150215,-141.94348099436922
1.0,1,S1R1-S0R0,overtime_assistant_minutes,50,-145.8093598250226,11.348928791041324,-149.0346893200936,-142.5840303299516
1.0,1,S_main,overtime_assistant_minutes,50,-0.5690006970379897,1.8763768132235665,-1.102261024156669,-0.03574036991931029
1.0,1,R_main,overtime_assistant_minutes,50,-145.24035912798462,11.12534816445252,-148.40214771952714,-142.0785705364421
1.0,1,SxR,overtime_assistant_minutes,50,-0.03328104657847916,2.597217079474375,-0.7714018865068649,0.7048397933499065
1.0,1,S1R0-S0R0,util_frontdesk,50,0.0001012101573770885,0.0002648493223437713,2.5940821668572495e-05,0.0001764794930856045
1.0,1,S0R1-S0R0,util_frontdesk,50,0.014791968013034375,0.0013869652203985137,0.014397796905227246,0.015186139120841503
1.0,1,S1R1-S0R0,util_frontdesk,50,0.01487447555465749,0.0013476490688766178,0.014491477972164605,0.015257473137150375
1.0,1,S_main,util_frontdesk,50,9.18588495001027e-05,0.0002680447286730065,1.568138946794528e-05,0.0001680363095322601
1.0,1,R_main,util_frontdesk,50,0.014782616705157386,0.0013056083248948326,0.014411566968496983,0.015153666441817789
1.0,1,SxR,util_frontdesk,50,-1.8702615753971586e-05,0.0004818242455023942,-0.00015563553506931172,0.00011823030356136853
1.0,1,S1R0-S0R0,overtime_frontdesk_minutes,50,-0.04858087554100081,0.12712767472501338,-0.08471015668108939,-0.012451594400912223
1.0,1,S0R1-S0R0,overtime_frontdesk_minutes,50,-7.1001446462565,0.6657433057912904,-7.289346778003923,-6.9109425145090775
1.0,1,S1R1-S0R0,overtime_frontdesk_minutes,50,-7.1397482662356015,0.6468715530607805,-7.323587105832187,-6.955909426639016
1.0,1,S_main,overtime_frontdesk_minutes,50,-0.04409224776005033,0.1286614697630404,-0.08065742857548512,-0.0075270669446155375
1.0,1,R_main,overtime_frontdesk_minutes,50,-7.095656018475549,0.6266919959495201,-7.273759892072542,-6.917552144878556
1.0,1,SxR,overtime_frontdesk_minutes,50,0.008977255561900961,0.23127563784114802,-0.05675054570946196,0.07470505683326388
1.0,1,S1R0-S0R0,util_sterilizer,50,0.0002904274286159825,0.0021362564522185486,-0.0003166898659973367,0.0008975447232293017
1.0,1,S0R1-S0R0,util_sterilizer,50,0.12561348160894106,0.009924637277343863,0.12279293123560832,0.1284340319822738
1.0,1,S1R1-S0R0,util_sterilizer,50,0.1261509866080592,0.009706969040142031,0.12339229685598099,0.12890967636013742
1.0,1,S_main,util_sterilizer,50,0.00041396621386705524,0.002419988209499557,-0.0002737867444548203,0.0011017191721889308
1.0,1,R_main,util_sterilizer,50,0.12573702039419213,0.009590234163152965,0.12301150632316617,0.1284625344652181
1.0,1,SxR,util_sterilizer,50,0.00024707757050214775,0.0035730663185157513,-0.0007683765218744582,0.0012625316628787537
1.0,1,S1R0-S0R0,overtime_sterilizer_minutes,50,0.03459483426432598,1.1375582146414749,-0.2886955951319453,0.35788526366059725
1.0,1,S0R1-S0R0,overtime_sterilizer_minutes,50,-65.41780450562503,5.192949001305048,-66.89362410839935,-63.941984902850706
1.0,1,S1R1-S0R0,overtime_sterilizer_minutes,50,-65.6564735718684,5.120659657347623,-67.1117487728284,-64.2011983709084
1.0,1,S_main,overtime_sterilizer_minutes,50,-0.10203711598952168,1.1326629580879883,-0.42393632903061035,0.21986209705156695
1.0,1,R_main,overtime_sterilizer_minutes,50,-65.55443645587889,4.973372428416625,-66.96785309446132,-64.14101981729645
1.0,1,SxR,overtime_sterilizer_minutes,50,-0.27326390050769533,1.634101760674614,-0.7376704276516273,0.19114262663623655
1.0,2,S1R0-S0R0,scheduled,50,0.0,0.0,0.0,0.0
1.0,2,S0R1-S0R0,scheduled,50,0.0,0.0,0.0,0.0
1.0,2,S1R1-S0R0,scheduled,50,0.0,0.0,0.0,0.0
1.0,2,S_main,scheduled,50,0.0,0.0,0.0,0.0
1.0,2,R_main,scheduled,50,0.0,0.0,0.0,0.0
1.0,2,SxR,scheduled,50,0.0,0.0,0.0,0.0
1.0,2,S1R0-S0R0,attended,50,0.0,0.0,0.0,0.0
1.0,2,S0R1-S0R0,attended,50,0.0,0.0,0.0,0.0
1.0,2,S1R1-S0R0,attended,50,0.0,0.0,0.0,0.0
1.0,2,S_main,attended,50,0.0,0.0,0.0,0.0
1.0,2,R_main,attended,50,0.0,0.0,0.0,0.0
1.0,2,SxR,attended,50,0.0,0.0,0.0,0.0
1.0,2,S1R0-S0R0,completed,50,0.0,0.0,0.0,0.0
1.0,2,S0R1-S0R0,completed,50,0.0,0.0,0.0,0.0
1.0,2,S1R1-S0R0,completed,50,0.0,0.0,0.0,0.0
1.0,2,S_main,completed,50,0.0,0.0,0.0,0.0
1.0,2,R_main,completed,50,0.0,0.0,0.0,0.0
1.0,2,SxR,completed,50,0.0,0.0,0.0,0.0
1.0,2,S1R0-S0R0,mean_wait,50,0.40182251549306724,1.043370557232382,0.10529991900037311,0.6983451119857613
1.0,2,S0R1-S0R0,mean_wait,50,-34.98834384247421,3.217622557311112,-35.902781947530734,-34.07390573741768
1.0,2,S1R1-S0R0,mean_wait,50,-34.958524065329335,3.1381779893828576,-35.85038427665862,-34.06666385400005
1.0,2,S_main,mean_wait,50,0.21582114631897129,0.8366640072231617,-0.02195610558266442,0.453598398220607
1.0,2,R_main,mean_wait,50,-35.17434521164831,3.132257777932038,-36.064522917697936,-34.28416750559868
1.0,2,SxR,mean_wait,50,-0.372002738348192,1.0625405014480374,-0.6739733720641372,-0.07003210463224674
1.0,2,S1R0-S0R0,p90_wait,50,0.5271573109417903,1.672659457229985,0.051792808974701066,1.0025218129088795
1.0,2,S0R1-S0R0,p90_wait,50,-42.00155395895158,6.722485883908809,-43.9120630828334,-40.091044835069766
1.0,2,S1R1-S0R0,p90_wait,50,-41.85673662214741,6.386020594387909,-43.671623380047336,-40.04184986424748
1.0,2,S_main,p90_wait,50,0.3359873238729807,1.433151491458079,-0.07130977538748678,0.7432844231334481
1.0,2,R_main,p90_wait,50,-42.192723946020394,6.393825965533043,-44.009828965594,-40.37561892644679
1.0,2,SxR,p90_wait,50,-0.3823399741376204,2.038520577080908,-0.961681043645285,0.19700109537004412
1.0,2,S1R0-S0R0,post_registration_wait,50,0.4012749163833081,1.046834413777135,0.10376790286886772,0.6987819298977485
1.0,2,S0R1-S0R0,post_registration_wait,50,-35.010619644422015,3.2206867812588964,-35.92592859218628,-34.09531069665775
1.0,2,S1R1-S0R0,post_registration_wait,50,-34.97922827437816,3.1482800010762166,-35.87395944532611,-34.08449710343021
1.0,2,S_main,post_registration_wait,50,0.21633314321358527,0.8375109791713724,-0.021684815424021703,0.4543511018511922
1.0,2,R_main,post_registration_wait,50,-35.19556141759174,3.1324257378523677,-36.08578685731695,-34.305335977866534
1.0,2,SxR,post_registration_wait,50,-0.3698835463394448,1.060985464720155,-0.6714122435592939,-0.06835484911959577
1.0,2,S1R0-S0R0,registration_elapsed,50,0.0005475991097632793,0.03679658930625484,-0.009909874630063422,0.011005072849589981
1.0,2,S0R1-S0R0,registration_elapsed,50,0.02227580194781617,0.022445396781674308,0.01589689151481985,0.02865471238081249
1.0,2,S1R1-S0R0,registration_elapsed,50,0.02070420904882704,0.03993413612710544,0.009355054473762043,0.03205336362389204
1.0,2,S_main,registration_elapsed,50,-0.000511996894612925,0.033556702568871645,-0.010048705120163055,0.009024711330937206
1.0,2,R_main,registration_elapsed,50,0.021216205943439967,0.02033446487370089,0.015437215650064898,0.026995196236815035
1.0,2,SxR,registration_elapsed,50,-0.0021191920087524087,0.03371438699498671,-0.011700713647077119,0.007462329629572301
1.0,2,S1R0-S0R0,mean_los,50,0.409653461010397,1.0453283623375775,0.11257446252878811,0.7067324594920059
1.0,2,S0R1-S0R0,mean_los,50,-34.96407144725958,3.218189977542606,-35.878670811342616,-34.04947208317654
1.0,2,S1R1-S0R0,mean_los,50,-34.92444898294219,3.1451254511886018,-35.81828364083736,-34.03061432504702
1.0,2,S_main,mean_los,50,0.22463796266389024,0.840678025046832,-0.014280060346525708,0.4635559856743062
1.0,2,R_main,mean_los,50,-35.14908694560608,3.132771461851133,-36.039410638993004,-34.258763252219154
1.0,2,SxR,mean_los,50,-0.3700309966930132,1.062858378566847,-0.672091970075898,-0.0679700233101283
1.0,2,S1R0-S0R0,completed_by_close,50,-0.009333333333333194,0.0782576707968534,-0.0315739146678371,0.012907248001170709
1.0,2,S0R1-S0R0,completed_by_close,50,1.898,0.231176621624003,1.8323003388228722,1.9636996611771276
1.0,2,S1R1-S0R0,completed_by_close,50,1.9126666666666665,0.22856051561250051,1.8477104945039198,1.9776228388294133
1.0,2,S_main,completed_by_close,50,0.002666666666666675,0.068541660205115,-0.016812655335529735,0.022145988668863085
1.0,2,R_main,completed_by_close,50,1.91,0.22126209819978931,1.8471180148712876,1.9728819851287123
1.0,2,SxR,completed_by_close,50,0.023999999999999737,0.12418258812226358,-0.011292296887188642,0.059292296887188116
1.0,2,S1R0-S0R0,overtime,50,0.4860699214321437,1.784701043261284,-0.02113644321246483,0.9932762860767523
1.0,2,S0R1-S0R0,overtime,50,-48.60777826493524,7.791018020783613,-50.82196082627964,-46.39359570359084
1.0,2,S1R1-S0R0,overtime,50,-48.45745955249055,7.629908938684865,-50.62585542471349,-46.2890636802676
1.0,2,S_main,overtime,50,0.31819431693842004,1.5858503123246508,-0.1324993019294567,0.7688879358062968
1.0,2,R_main,overtime,50,-48.775653869428965,7.507744909970608,-50.909331112933415,-46.641976625924514
1.0,2,SxR,overtime,50,-0.33575120898744787,2.3255010975294996,-0.9966512303711985,0.3251488123963027
1.0,2,S1R0-S0R0,reprocessing_overtime,50,0.37500720891699646,1.7461421257730778,-0.12124083391922325,0.8712552517532162
1.0,2,S0R1-S0R0,reprocessing_overtime,50,-52.22941418884658,7.132814141311199,-54.25653729944279,-50.202291078250376
1.0,2,S1R1-S0R0,reprocessing_overtime,50,-51.89226812664274,6.729931342618743,-53.80489322622796,-49.97964302705752
1.0,2,S_main,reprocessing_overtime,50,0.35607663556042835,1.510824540758491,-0.0732948974632045,0.7854481685840612
1.0,2,R_main,reprocessing_overtime,50,-52.24834476220316,6.808708716477478,-54.183358141081435,-50.313331383324886
1.0,2,SxR,reprocessing_overtime,50,-0.03786114671313385,2.5261273547527234,-0.7557785128015728,0.680056219375305
1.0,2,S1R0-S0R0,bypass_events,50,0.0,0.0,0.0,0.0
1.0,2,S0R1-S0R0,bypass_events,50,13.393333333333333,1.0180235174524053,13.104014284992216,13.68265238167445
1.0,2,S1R1-S0R0,bypass_events,50,13.508666666666665,1.0276408930111052,13.216614390756165,13.800718942577165
1.0,2,S_main,bypass_events,50,0.05766666666666657,0.09818130759466248,0.02976385107232823,0.0855694822610049
1.0,2,R_main,bypass_events,50,13.450999999999999,1.0181204616234845,13.161653400433554,13.740346599566443
1.0,2,SxR,bypass_events,50,0.11533333333333314,0.19636261518932496,0.05952770214465646,0.1711389645220098
1.0,2,S1R0-S0R0,max_bypasses,50,0.0,0.0,0.0,0.0
1.0,2,S0R1-S0R0,max_bypasses,50,1.9733333333333334,0.029354352395090433,1.9649909196719375,1.9816757469947293
1.0,2,S1R1-S0R0,max_bypasses,50,1.9713333333333332,0.03230382972599363,1.9621526875880497,1.9805139790786166
1.0,2,S_main,max_bypasses,50,-0.0009999999999999966,0.00852500656665149,-0.0034227797734355213,0.0014227797734355282
1.0,2,R_main,max_bypasses,50,1.9723333333333333,0.02966364732781725,1.9639030190350077,1.9807636476316588
1.0,2,SxR,max_bypasses,50,-0.001999999999999993,0.01705001313330298,-0.006845559546871043,0.0028455595468710564
1.0,2,S1R0-S0R0,kit_unavailable_wait,50,0.2715051601586616,0.44116944796232316,0.14612620510166094,0.39688411521566225
1.0,2,S0R1-S0R0,kit_unavailable_wait,50,-1.7268704235821895,1.5383083367577697,-2.1640527640842304,-1.2896880830801485
1.0,2,S1R1-S0R0,kit_unavailable_wait,50,-1.4992640752769222,1.590306532029866,-1.9512241376229793,-1.047304012930865
1.0,2,S_main,kit_unavailable_wait,50,0.24955575423196444,0.4372805963979943,0.1252819984306225,0.3738295100333064
1.0,2,R_main,kit_unavailable_wait,50,-1.748819829508887,1.5415923245097076,-2.1869354688933864,-1.3107041901243877
1.0,2,SxR,kit_unavailable_wait,50,-0.043898811853394476,0.5145139421129261,-0.19012203905630368,0.10232441534951472
1.0,2,S1R0-S0R0,mean_cycle_queue,50,0.005271286808163289,0.1314765163851838,-0.03209392131095555,0.04263649492728212
1.0,2,S0R1-S0R0,mean_cycle_queue,50,0.4997194734103941,0.34124410682338746,0.40273898273840686,0.5966999640823814
1.0,2,S1R1-S0R0,mean_cycle_queue,50,0.48951320380571295,0.38128234967995656,0.38115397175700244,0.5978724358544234
1.0,2,S_main,mean_cycle_queue,50,-0.00246749139825889,0.12975771111957088,-0.03934422052332141,0.034409237726803626
1.0,2,R_main,mean_cycle_queue,50,0.4919806952039719,0.3417222821153626,0.3948643086336653,0.5890970817742786
1.0,2,SxR,mean_cycle_queue,50,-0.015477556412844358,0.2100542899086059,-0.07517431804405883,0.04421920521837012
1.0,2,S1R0-S0R0,wait_routine,50,-0.022070134299821974,1.0867420906075371,-0.3309187827412929,0.28677851414164895
1.0,2,S0R1-S0R0,wait_routine,50,-15.485425512964438,4.927656037755016,-16.885849698609334,-14.085001327319544
1.0,2,S1R1-S0R0,wait_routine,50,-15.37836168236556,4.794367161817868,-16.740905593066415,-14.015817771664702
1.0,2,S_main,wait_routine,50,0.04249684814952872,0.9136394629194213,-0.21715658362995224,0.30215027992900967
1.0,2,R_main,wait_routine,50,-15.420858530515089,4.717025338670602,-16.761422140872856,-14.080294920157321
1.0,2,SxR,wait_routine,50,0.12913396489870194,1.1692238634528282,-0.20315574125507613,0.46142367105248
1.0,2,S1R0-S0R0,count_routine,50,0.0,0.0,0.0,0.0
1.0,2,S0R1-S0R0,count_routine,50,0.0,0.0,0.0,0.0
1.0,2,S1R1-S0R0,count_routine,50,0.0,0.0,0.0,0.0
1.0,2,S_main,count_routine,50,0.0,0.0,0.0,0.0
1.0,2,R_main,count_routine,50,0.0,0.0,0.0,0.0
1.0,2,SxR,count_routine,50,0.0,0.0,0.0,0.0
1.0,2,S1R0-S0R0,wait_restorative,50,0.8368611550089957,1.1532472002828817,0.5091119657536513,1.1646103442643403
1.0,2,S0R1-S0R0,wait_restorative,50,-58.51898326020381,5.225891933870489,-60.00416513971929,-57.03380138068833
1.0,2,S1R1-S0R0,wait_restorative,50,-58.8346975202928,5.331719915530538,-60.34995537587057,-57.31943966471503
1.0,2,S_main,wait_restorative,50,0.26057344746000216,0.9974071705624666,-0.022886500614556216,0.5440333955345605
1.0,2,R_main,wait_restorative,50,-59.09527096775281,5.406395256289586,-60.63175131785313,-57.55879061765249
1.0,2,SxR,wait_restorative,50,-1.1525754150979861,1.6337598708833687,-1.6168847782497853,-0.688266051946187
1.0,2,S1R0-S0R0,count_restorative,50,0.0,0.0,0.0,0.0
1.0,2,S0R1-S0R0,count_restorative,50,0.0,0.0,0.0,0.0
1.0,2,S1R1-S0R0,count_restorative,50,0.0,0.0,0.0,0.0
1.0,2,S_main,count_restorative,50,0.0,0.0,0.0,0.0
1.0,2,R_main,count_restorative,50,0.0,0.0,0.0,0.0
1.0,2,SxR,count_restorative,50,0.0,0.0,0.0,0.0
1.0,2,S1R0-S0R0,wait_impression,50,0.3946866408253706,1.2078067816352274,0.051431791942189165,0.737941489708552
1.0,2,S0R1-S0R0,wait_impression,50,-71.90155370120969,9.967552361721971,-74.73430040513686,-69.06880699728252
1.0,2,S1R1-S0R0,wait_impression,50,-71.6744752876003,10.123239263857931,-74.5514677143354,-68.7974828608652
1.0,2,S_main,wait_impression,50,0.3108825272173773,1.1486134572064148,-0.015549766981853341,0.637314821416608
1.0,2,R_main,wait_impression,50,-71.98535781481768,10.156526634319594,-74.8718104064494,-69.09890522318595
1.0,2,SxR,wait_impression,50,-0.16760822721598656,1.9361826772431032,-0.7178651908236257,0.38264873639165253
1.0,2,S1R0-S0R0,count_impression,50,0.0,0.0,0.0,0.0
1.0,2,S0R1-S0R0,count_impression,50,0.0,0.0,0.0,0.0
1.0,2,S1R1-S0R0,count_impression,50,0.0,0.0,0.0,0.0
1.0,2,S_main,count_impression,50,0.0,0.0,0.0,0.0
1.0,2,R_main,count_impression,50,0.0,0.0,0.0,0.0
1.0,2,SxR,count_impression,50,0.0,0.0,0.0,0.0
1.0,2,S1R0-S0R0,wait_complex,50,2.0512600350616297,1.5809045507967565,1.6019719859021553,2.500548084221104
1.0,2,S0R1-S0R0,wait_complex,50,-69.21835243203746,12.020093049510047,-72.63442467637881,-65.80228018769611
1.0,2,S1R1-S0R0,wait_complex,50,-67.96664428390667,12.099487859344086,-71.40528028088302,-64.52800828693033
1.0,2,S_main,wait_complex,50,1.6514840915962155,1.5434728335634909,1.2128340175149628,2.090134165677468
1.0,2,R_main,wait_complex,50,-69.61812837550289,12.068927247295582,-73.04807914365789,-66.1881776073479
1.0,2,SxR,wait_complex,50,-0.799551886930831,2.1931887782551818,-1.4228491676705854,-0.17625460619107658
1.0,2,S1R0-S0R0,count_complex,50,0.0,0.0,0.0,0.0
1.0,2,S0R1-S0R0,count_complex,50,0.0,0.0,0.0,0.0
1.0,2,S1R1-S0R0,count_complex,50,0.0,0.0,0.0,0.0
1.0,2,S_main,count_complex,50,0.0,0.0,0.0,0.0
1.0,2,R_main,count_complex,50,0.0,0.0,0.0,0.0
1.0,2,SxR,count_complex,50,0.0,0.0,0.0,0.0
1.0,2,S1R0-S0R0,util_chair,50,-0.00028446727915038325,0.0014643747867847058,-0.0007006379397138151,0.00013170338141304855
1.0,2,S0R1-S0R0,util_chair,50,0.053491612847557726,0.004675168767303993,0.05216294474176052,0.054820280953354936
1.0,2,S1R1-S0R0,util_chair,50,0.05370494187139957,0.004594705540545632,0.05239914115893178,0.05501074258386736
1.0,2,S_main,util_chair,50,-3.5569127654269674e-05,0.00114580372080885,-0.0003612029036987654,0.00029006464839022604
1.0,2,R_main,util_chair,50,0.05374051099905384,0.004564962053131583,0.05244316329118315,0.05503785870692453
1.0,2,SxR,util_chair,50,0.0004977963029922272,0.0021911094228700525,-0.00012491003155534687,0.0011205026375398013
1.0,2,S1R0-S0R0,overtime_chair_minutes,50,0.5461771759687235,2.8115995906266513,-0.25287049231307,1.345224844250517
1.0,2,S0R1-S0R0,overtime_chair_minutes,50,-102.70389666731086,8.976324033223678,-105.25493943044151,-100.1528539041802
1.0,2,S1R1-S0R0,overtime_chair_minutes,50,-103.11348839308717,8.821834637847621,-105.62062576102532,-100.60635102514901
1.0,2,S_main,overtime_chair_minutes,50,0.06829272509619329,2.1999431439529964,-0.5569241249092397,0.6935095751016264
1.0,2,R_main,overtime_chair_minutes,50,-103.18178111818337,8.764727142012655,-105.6726887172951,-100.69087351907163
1.0,2,SxR,overtime_chair_minutes,50,-0.9557689017450605,4.206930091910534,-2.1513650640764124,0.23982726058629134
1.0,2,S1R0-S0R0,util_dentist,50,-0.0004070034847512183,0.002344047923078809,-0.0010731744550135402,0.0002591674855111036
1.0,2,S0R1-S0R0,util_dentist,50,0.08919218280831855,0.007519887139722473,0.0870550547817071,0.09132931083493
1.0,2,S1R1-S0R0,util_dentist,50,0.08950777829677056,0.0074749274456473395,0.08738342767233159,0.09163212892120953
1.0,2,S_main,util_dentist,50,-4.5703998149608796e-05,0.0018965830968197827,-0.0005847068868499673,0.0004932988905507498
1.0,2,R_main,util_dentist,50,0.08955348229492018,0.007409094074429432,0.08744784130536028,0.09165912328448007
1.0,2,SxR,util_dentist,50,0.0007225989732032189,0.003417199801074918,-0.00024855835026663727,0.0016937562966730752
1.0,2,S1R0-S0R0,overtime_dentist_minutes,50,0.39072334536116043,2.2502860061556627,-0.2488007860906703,1.0302474768129912
1.0,2,S0R1-S0R0,overtime_dentist_minutes,50,-85.62449549598583,7.219091654133582,-87.67613840153282,-83.57285259043883
1.0,2,S1R1-S0R0,overtime_dentist_minutes,50,-85.92746716489972,7.175930347821431,-87.96684376436113,-83.88809056543832
1.0,2,S_main,overtime_dentist_minutes,50,0.043875838223624154,1.820719772946991,-0.47356693492871993,0.5613186113759683
1.0,2,R_main,overtime_dentist_minutes,50,-85.97134300312335,7.112730311452255,-87.99275835310085,-83.94992765314585
1.0,2,SxR,overtime_dentist_minutes,50,-0.6936950142750732,3.2805118090319234,-1.6260060448061358,0.23861601625598938
1.0,2,S1R0-S0R0,util_assistant,50,-0.0005148086399159934,0.0022677272614504084,-0.0011592895206935941,0.0001296722408616074
1.0,2,S0R1-S0R0,util_assistant,50,0.08161748068589207,0.007242086797776849,0.07955930263360114,0.083675658738183
1.0,2,S1R1-S0R0,util_assistant,50,0.08190807090961051,0.007077329923345583,0.0798967162374291,0.08391942558179193
1.0,2,S_main,util_assistant,50,-0.00011210920809876845,0.001765384175816424,-0.0006138257804053137,0.0003896073642077768
1.0,2,R_main,util_assistant,50,0.08202018011770928,0.007067060768010745,0.08001174390683825,0.08402861632858032
1.0,2,SxR,util_assistant,50,0.00080539886363445,0.003352161314037446,-0.00014727472851423155,0.0017580724557831316
1.0,2,S1R0-S0R0,overtime_assistant_minutes,50,0.7413244414790552,3.265527256488585,-0.18672802684068912,1.6693769097987996
1.0,2,S0R1-S0R0,overtime_assistant_minutes,50,-117.52917218768452,10.428604988798668,-120.49294858298347,-114.56539579238557
1.0,2,S1R1-S0R0,overtime_assistant_minutes,50,-117.94762210983914,10.191355089617629,-120.84397283778037,-115.05127138189792
1.0,2,S_main,overtime_assistant_minutes,50,0.16143725966222747,2.5421532131756575,-0.5610346044591997,0.8839091237836546
1.0,2,R_main,overtime_assistant_minutes,50,-118.10905936950135,10.176567505935463,-121.00120751315563,-115.21691122584707
1.0,2,SxR,overtime_assistant_minutes,50,-1.1597743636336544,4.827112292213926,-2.5316243363277566,0.21207560906044787
1.0,2,S1R0-S0R0,util_frontdesk,50,-7.476637404204123e-05,0.0004591046295568349,-0.00020524245070948824,5.5709702625405765e-05
1.0,2,S0R1-S0R0,util_frontdesk,50,0.011895683440012026,0.001610088417673458,0.011438101428633673,0.012353265451390379
1.0,2,S1R1-S0R0,util_frontdesk,50,0.01199549977819181,0.0015374083260340469,0.01155857321787718,0.012432426338506438
1.0,2,S_main,util_frontdesk,50,1.2524982068872759e-05,0.00037692442700586177,-9.459574220551001e-05,0.00011964570634325553
1.0,2,R_main,util_frontdesk,50,0.01198297479612294,0.001516934582025277,0.01155186680878924,0.012414082783456641
1.0,2,SxR,util_frontdesk,50,0.00017458271222182853,0.0008062783909296031,-5.455904409586387e-05,0.00040372446853952093
1.0,2,S1R0-S0R0,overtime_frontdesk_minutes,50,0.03588785954018256,0.22037022218728422,-0.02674065726019298,0.0985163763405581
1.0,2,S0R1-S0R0,overtime_frontdesk_minutes,50,-5.709928051205768,0.7728424404832613,-5.929567416667378,-5.490288685744158
1.0,2,S1R1-S0R0,overtime_frontdesk_minutes,50,-5.757839893532061,0.7379559964963414,-5.967564642483083,-5.54811514458104
1.0,2,S_main,overtime_frontdesk_minutes,50,-0.006011991393056419,0.180923724962813,-0.05742993904475996,0.045405956258647115
1.0,2,R_main,overtime_frontdesk_minutes,50,-5.751827902139006,0.7281285993721325,-5.958759736059182,-5.544896068218829
1.0,2,SxR,overtime_frontdesk_minutes,50,-0.08379970186647796,0.38701362764621405,-0.1937877448989716,0.026188341166015677
1.0,2,S1R0-S0R0,util_sterilizer,50,-9.313143284337411e-05,0.0033301301356858815,-0.001039543834120494,0.0008532809684337458
1.0,2,S0R1-S0R0,util_sterilizer,50,0.05077788410013889,0.00817160746206401,0.04845553922911085,0.05310022897116694
1.0,2,S1R1-S0R0,util_sterilizer,50,0.0504281833242911,0.008506897152740344,0.04801055018873669,0.05284581645984551
1.0,2,S_main,util_sterilizer,50,-0.00022141610434558645,0.003422091540627137,-0.0011939636446500423,0.0007511314359588694
1.0,2,R_main,util_sterilizer,50,0.0506495994286367,0.00813624458368956,0.048337304575258054,0.052961894282015344
1.0,2,SxR,util_sterilizer,50,-0.00025656934300442467,0.004575772954897827,-0.001556989474799611,0.0010438507887907617
1.0,2,S1R0-S0R0,overtime_sterilizer_minutes,50,0.27670308776482044,1.5962690065220713,-0.17695149088294249,0.7303576664125834
1.0,2,S0R1-S0R0,overtime_sterilizer_minutes,50,-45.6207177014,5.2001542523177005,-47.098585013613544,-44.14285038918645
1.0,2,S1R1-S0R0,overtime_sterilizer_minutes,50,-45.24019466232639,4.705842635525673,-46.57758018398944,-43.90280914066334
1.0,2,S_main,overtime_sterilizer_minutes,50,0.3286130634192142,1.4094445802348317,-0.07194660701310446,0.7291727338515328
1.0,2,R_main,overtime_sterilizer_minutes,50,-45.5688077257456,5.082210139622307,-47.013155695962155,-44.124459755529045
1.0,2,SxR,overtime_sterilizer_minutes,50,0.10381995130878806,2.278665112448443,-0.5437694319615327,0.7514093345791089
1.0,4,S1R0-S0R0,scheduled,50,0.0,0.0,0.0,0.0
1.0,4,S0R1-S0R0,scheduled,50,0.0,0.0,0.0,0.0
1.0,4,S1R1-S0R0,scheduled,50,0.0,0.0,0.0,0.0
1.0,4,S_main,scheduled,50,0.0,0.0,0.0,0.0
1.0,4,R_main,scheduled,50,0.0,0.0,0.0,0.0
1.0,4,SxR,scheduled,50,0.0,0.0,0.0,0.0
1.0,4,S1R0-S0R0,attended,50,0.0,0.0,0.0,0.0
1.0,4,S0R1-S0R0,attended,50,0.0,0.0,0.0,0.0
1.0,4,S1R1-S0R0,attended,50,0.0,0.0,0.0,0.0
1.0,4,S_main,attended,50,0.0,0.0,0.0,0.0
1.0,4,R_main,attended,50,0.0,0.0,0.0,0.0
1.0,4,SxR,attended,50,0.0,0.0,0.0,0.0
1.0,4,S1R0-S0R0,completed,50,0.0,0.0,0.0,0.0
1.0,4,S0R1-S0R0,completed,50,0.0,0.0,0.0,0.0
1.0,4,S1R1-S0R0,completed,50,0.0,0.0,0.0,0.0
1.0,4,S_main,completed,50,0.0,0.0,0.0,0.0
1.0,4,R_main,completed,50,0.0,0.0,0.0,0.0
1.0,4,SxR,completed,50,0.0,0.0,0.0,0.0
1.0,4,S1R0-S0R0,mean_wait,50,0.06009261024141523,0.5845284598147761,-0.1060285203834633,0.22621374086629378
1.0,4,S0R1-S0R0,mean_wait,50,-1.3761135282208807,0.6135896993068136,-1.550493770751632,-1.2017332856901295
1.0,4,S1R1-S0R0,mean_wait,50,-1.4960429559286876,0.8409325454774185,-1.7350333128366002,-1.257052599020775
1.0,4,S_main,mean_wait,50,-0.02991840873319589,0.5725611088026294,-0.1926384562331355,0.1328016387667437
1.0,4,R_main,mean_wait,50,-1.466124547195492,0.5988661197947995,-1.6363203952210448,-1.2959286991699392
1.0,4,SxR,mean_wait,50,-0.18002203794922222,0.23950935449533042,-0.24808983532662776,-0.11195424057181667
1.0,4,S1R0-S0R0,p90_wait,50,0.048031354014803754,0.824373151216267,-0.1862528756704972,0.28231558370010473
1.0,4,S0R1-S0R0,p90_wait,50,-1.7633623607900994,1.1188861250219662,-2.081346241657143,-1.4453784799230558
1.0,4,S1R1-S0R0,p90_wait,50,-2.037748474825116,1.3422402982844386,-2.419208901904989,-1.6562880477452424
1.0,4,S_main,p90_wait,50,-0.11317738001010624,0.7493948218962557,-0.3261530067867454,0.09979824676653293
1.0,4,R_main,p90_wait,50,-1.9245710948150094,1.0309095909569914,-2.2175523242936794,-1.6315898653363394
1.0,4,SxR,p90_wait,50,-0.32241746804982,0.6454561850864443,-0.5058540645661946,-0.13898087153344538
1.0,4,S1R0-S0R0,post_registration_wait,50,0.06762220727856202,0.580659461532832,-0.09739936633041701,0.23264378088754106
1.0,4,S0R1-S0R0,post_registration_wait,50,-1.3769044669389348,0.6142094737287697,-1.5514608473907383,-1.2023480864871312
1.0,4,S1R1-S0R0,post_registration_wait,50,-1.488702113672192,0.8470768601779958,-1.7294386652911347,-1.2479655620532495
1.0,4,S_main,post_registration_wait,50,-0.02208771972734766,0.5670705385860818,-0.18324736462099292,0.1390719251662976
1.0,4,R_main,post_registration_wait,50,-1.4666143939448446,0.5983943835136439,-1.6366761760184894,-1.2965526118711999
1.0,4,SxR,post_registration_wait,50,-0.17941985401181937,0.23979395480711968,-0.24756853389336442,-0.11127117413027432
1.0,4,S1R0-S0R0,registration_elapsed,50,-0.007529597037146667,0.03397621363607226,-0.017185528974772508,0.0021263349004791744
1.0,4,S0R1-S0R0,registration_elapsed,50,0.0007909387180553118,0.010217080065333875,-0.0021127229662294853,0.0036946004023401093
1.0,4,S1R1-S0R0,registration_elapsed,50,-0.0073408422564955784,0.03543889890965571,-0.01741246470040239,0.0027307801874112345
1.0,4,S_main,registration_elapsed,50,-0.007830689005848778,0.033795383577947154,-0.017435229615640514,0.001773851603942958
1.0,4,R_main,registration_elapsed,50,0.0004898467493532,0.009952835022271947,-0.002338717333474557,0.0033184108321809573
1.0,4,SxR,registration_elapsed,50,-0.0006021839374042237,0.013138276952257163,-0.004336040493273792,0.0031316726184653443
1.0,4,S1R0-S0R0,mean_los,50,0.0576998626204815,0.5858320161186282,-0.10879173456319852,0.2241914598041615
1.0,4,S0R1-S0R0,mean_los,50,-1.374521032853592,0.6138860592899186,-1.548985499949698,-1.200056565757486
1.0,4,S1R1-S0R0,mean_los,50,-1.496221930822841,0.8435963903682321,-1.735969343982919,-1.2564745176627632
1.0,4,S_main,mean_los,50,-0.03200051767438381,0.5752945267789823,-0.1954973938762928,0.1314963585275252
1.0,4,R_main,mean_los,50,-1.464221413148457,0.6004173110810416,-1.6348581048078126,-1.2935847214891014
1.0,4,SxR,mean_los,50,-0.17940076058973062,0.24242516406988202,-0.248297221781666,-0.11050429939779524
1.0,4,S1R0-S0R0,completed_by_close,50,-0.006000000000000654,0.07873431888650305,-0.02837604320677658,0.01637604320677527
1.0,4,S0R1-S0R0,completed_by_close,50,0.13266666666666652,0.08895717331844163,0.1073853207189679,0.15794801261436514
1.0,4,S1R1-S0R0,completed_by_close,50,0.14666666666666706,0.1023532631438319,0.11757819456389391,0.1757551387694402
1.0,4,S_main,completed_by_close,50,0.003999999999999951,0.06516680150307076,-0.014520197884509436,0.02252019788450934
1.0,4,R_main,completed_by_close,50,0.1426666666666671,0.088969917716627,0.11738169880150641,0.1679516345318278
1.0,4,SxR,completed_by_close,50,0.020000000000001208,0.0642416074439618,0.0017427393267874028,0.03825726067321501
1.0,4,S1R0-S0R0,overtime,50,-0.027011776228704036,0.9458726603496901,-0.2958257802794957,0.2418022278220876
1.0,4,S0R1-S0R0,overtime,50,-3.289956990860251,1.623706228572902,-3.751409140818287,-2.8285048409022147
1.0,4,S1R1-S0R0,overtime,50,-3.700255969645069,1.7837823973361677,-4.207201258037252,-3.1933106812528855
1.0,4,S_main,overtime,50,-0.21865537750676098,0.8656005306634972,-0.46465629740872816,0.0273455423952062
1.0,4,R_main,overtime,50,-3.4816005921383084,1.6101975047547343,-3.9392136057184777,-3.023987578558139
1.0,4,SxR,overtime,50,-0.38328720255611387,0.6924403117220713,-0.5800765385449277,-0.18649786656730008
1.0,4,S1R0-S0R0,reprocessing_overtime,50,0.15992219743335967,1.1633067536549082,-0.17068588492065762,0.49053027978737695
1.0,4,S0R1-S0R0,reprocessing_overtime,50,-3.2365739798836604,1.7893591403762605,-3.745104160924729,-2.7280437988425916
1.0,4,S1R1-S0R0,reprocessing_overtime,50,-3.444659766661263,2.0557005622794398,-4.02888333336368,-2.860436199958846
1.0,4,S_main,reprocessing_overtime,50,-0.02408179467212179,1.1202839103314313,-0.3424629216818985,0.29429933233765493
1.0,4,R_main,reprocessing_overtime,50,-3.4205779719891414,1.8056276952952235,-3.9337316246360707,-2.907424319342212
1.0,4,SxR,reprocessing_overtime,50,-0.36800798421096315,0.962010541567876,-0.6414083228171408,-0.09460764560478557
1.0,4,S1R0-S0R0,bypass_events,50,0.0,0.0,0.0,0.0
1.0,4,S0R1-S0R0,bypass_events,50,0.982,0.324383944286177,0.889811113938827,1.074188886061173
1.0,4,S1R1-S0R0,bypass_events,50,1.0773333333333333,0.3358706154083512,0.9818799718443318,1.1727866948223347
1.0,4,S_main,bypass_events,50,0.04766666666666668,0.06299497874385526,0.029763693908188015,0.06556963942514533
1.0,4,R_main,bypass_events,50,1.0296666666666667,0.32411207854040597,0.9375550439864418,1.1217782893468917
1.0,4,SxR,bypass_events,50,0.09533333333333335,0.12598995748771052,0.05952738781637603,0.13113927885029067
1.0,4,S1R0-S0R0,max_bypasses,50,0.0,0.0,0.0,0.0
1.0,4,S0R1-S0R0,max_bypasses,50,0.4926666666666666,0.11669873223093896,0.4595012578398037,0.5258320754935295
1.0,4,S1R1-S0R0,max_bypasses,50,0.524,0.10922111380443011,0.4929597065657849,0.5550402934342151
1.0,4,S_main,max_bypasses,50,0.015666666666666666,0.022439134101587453,0.009289536067447986,0.022043797265885345
1.0,4,R_main,max_bypasses,50,0.5083333333333332,0.110771874423363,0.4768523186595957,0.5398143480070706
1.0,4,SxR,max_bypasses,50,0.03133333333333333,0.044878268203174906,0.01857907213489597,0.04408759453177069
1.0,4,S1R0-S0R0,kit_unavailable_wait,50,0.13561044847249773,0.14714246886437957,0.09379302644580581,0.17742787049918965
1.0,4,S0R1-S0R0,kit_unavailable_wait,50,-0.15818281420284913,0.22286383866153478,-0.22152000888039525,-0.094845619525303
1.0,4,S1R1-S0R0,kit_unavailable_wait,50,-0.025731029293529658,0.2705914803149972,-0.10263226804866374,0.051170209461604416
1.0,4,S_main,kit_unavailable_wait,50,0.1340311166909086,0.1506222006444573,0.09122476595104334,0.1768374674307739
1.0,4,R_main,kit_unavailable_wait,50,-0.15976214598443828,0.20942681027999177,-0.21928057989935562,-0.10024371206952093
1.0,4,SxR,kit_unavailable_wait,50,-0.0031586635631782743,0.11382754639047753,-0.035508090498923756,0.029190763372567208
1.0,4,S1R0-S0R0,mean_cycle_queue,50,0.03664268780737199,0.20060414556397502,-0.020368372834029543,0.09365374844877353
1.0,4,S0R1-S0R0,mean_cycle_queue,50,0.024133891679751825,0.19092697729113706,-0.030126948492931297,0.07839473185243495
1.0,4,S1R1-S0R0,mean_cycle_queue,50,0.05934848860152428,0.2704654113933191,-0.017516921766720872,0.13621389896976943
1.0,4,S_main,mean_cycle_queue,50,0.03592864236457222,0.19877073664709777,-0.02056136928929858,0.09241865401844303
1.0,4,R_main,mean_cycle_queue,50,0.023419846236952056,0.17575970526432103,-0.02653050342789818,0.0733701959018023
1.0,4,SxR,mean_cycle_queue,50,-0.0014280908855995378,0.15033943055033122,-0.044154079263368694,0.04129789749216962
1.0,4,S1R0-S0R0,wait_routine,50,-0.37680947376838914,0.6018350211839668,-0.5478490741334576,-0.20576987340332067
1.0,4,S0R1-S0R0,wait_routine,50,-0.09612548363030599,0.5271183162050856,-0.24593083389300935,0.05367986663239738
1.0,4,S1R1-S0R0,wait_routine,50,-0.5030416619053305,0.7749163768202472,-0.7232704334828607,-0.2828128903278003
1.0,4,S_main,wait_routine,50,-0.39186282602170686,0.5942962191645185,-0.560759922811458,-0.22296572923195568
1.0,4,R_main,wait_routine,50,-0.11117883588362368,0.4870265719831267,-0.2495902398515894,0.027232568084342046
1.0,4,SxR,wait_routine,50,-0.030106704506635395,0.25464369650085755,-0.10247563378447642,0.04226222477120563
1.0,4,S1R0-S0R0,count_routine,50,0.0,0.0,0.0,0.0
1.0,4,S0R1-S0R0,count_routine,50,0.0,0.0,0.0,0.0
1.0,4,S1R1-S0R0,count_routine,50,0.0,0.0,0.0,0.0
1.0,4,S_main,count_routine,50,0.0,0.0,0.0,0.0
1.0,4,R_main,count_routine,50,0.0,0.0,0.0,0.0
1.0,4,SxR,count_routine,50,0.0,0.0,0.0,0.0
1.0,4,S1R0-S0R0,wait_restorative,50,0.5153011996474436,0.7119606179822885,0.31296425465577865,0.7176381446391085
1.0,4,S0R1-S0R0,wait_restorative,50,-3.2878939462757124,1.2037857098075544,-3.6300060193245938,-2.945781873226831
1.0,4,S1R1-S0R0,wait_restorative,50,-3.1431005349100145,1.492930397505042,-3.5673866092893096,-2.7188144605307194
1.0,4,S_main,wait_restorative,50,0.3300473055065706,0.7606071647223231,0.11388516653203043,0.5462094444811108
1.0,4,R_main,wait_restorative,50,-3.473147840416585,1.2111054168047943,-3.817340150931765,-3.1289555299014054
1.0,4,SxR,wait_restorative,50,-0.370507788281746,0.47099062921721213,-0.5043618282784968,-0.23665374828499516
1.0,4,S1R0-S0R0,count_restorative,50,0.0,0.0,0.0,0.0
1.0,4,S0R1-S0R0,count_restorative,50,0.0,0.0,0.0,0.0
1.0,4,S1R1-S0R0,count_restorative,50,0.0,0.0,0.0,0.0
1.0,4,S_main,count_restorative,50,0.0,0.0,0.0,0.0
1.0,4,R_main,count_restorative,50,0.0,0.0,0.0,0.0
1.0,4,SxR,count_restorative,50,0.0,0.0,0.0,0.0
1.0,4,S1R0-S0R0,wait_impression,50,0.0057968576024804005,0.7085294408505426,-0.1955649577527585,0.20715867295771928
1.0,4,S0R1-S0R0,wait_impression,50,-3.434135160368628,1.783591033197216,-3.941026063680684,-2.927244257056572
1.0,4,S1R1-S0R0,wait_impression,50,-3.879672694856169,1.8340141691190985,-4.400893693150511,-3.3584516965618265
1.0,4,S_main,wait_impression,50,-0.2198703384425304,0.7360399434438007,-0.4290505512053119,-0.010690125679748919
1.0,4,R_main,wait_impression,50,-3.659802356413638,1.7792977032825013,-4.165473109008304,-3.154131603818972
1.0,4,SxR,wait_impression,50,-0.45133439209002146,0.7561852781173796,-0.6662398449443665,-0.23642893923567637
1.0,4,S1R0-S0R0,count_impression,50,0.0,0.0,0.0,0.0
1.0,4,S0R1-S0R0,count_impression,50,0.0,0.0,0.0,0.0
1.0,4,S1R1-S0R0,count_impression,50,0.0,0.0,0.0,0.0
1.0,4,S_main,count_impression,50,0.0,0.0,0.0,0.0
1.0,4,R_main,count_impression,50,0.0,0.0,0.0,0.0
1.0,4,SxR,count_impression,50,0.0,0.0,0.0,0.0
1.0,4,S1R0-S0R0,wait_complex,50,1.776134683075254,1.0282606952696902,1.4839062613326202,2.068363104817888
1.0,4,S0R1-S0R0,wait_complex,50,-3.7333951206284683,2.713264297386705,-4.5044962110849065,-2.96229403017203
1.0,4,S1R1-S0R0,wait_complex,50,-2.379355363546026,2.96503764955169,-3.2220096405421175,-1.5367010865499346
1.0,4,S_main,wait_complex,50,1.5650872200788484,0.997131044939975,1.281705746028664,1.8484686941290327
1.0,4,R_main,wait_complex,50,-3.944442583624875,2.7702022662119457,-4.731725263870338,-3.1571599033794127
1.0,4,SxR,wait_complex,50,-0.4220949259928112,0.7632000545561859,-0.638993956017829,-0.2051958959677933
1.0,4,S1R0-S0R0,count_complex,50,0.0,0.0,0.0,0.0
1.0,4,S0R1-S0R0,count_complex,50,0.0,0.0,0.0,0.0
1.0,4,S1R1-S0R0,count_complex,50,0.0,0.0,0.0,0.0
1.0,4,S_main,count_complex,50,0.0,0.0,0.0,0.0
1.0,4,R_main,count_complex,50,0.0,0.0,0.0,0.0
1.0,4,SxR,count_complex,50,0.0,0.0,0.0,0.0
1.0,4,S1R0-S0R0,util_chair,50,6.778974042170427e-05,0.000961858875272581,-0.00020556749510535193,0.00034114697594876046
1.0,4,S0R1-S0R0,util_chair,50,0.003699450120557157,0.001513570792656183,0.003269298111471897,0.004129602129642417
1.0,4,S1R1-S0R0,util_chair,50,0.004140566551792621,0.0016693770961551363,0.003666134886411531,0.004614998217173711
1.0,4,S_main,util_chair,50,0.0002544530858285843,0.0008758973747055292,5.525835573647747e-06,0.0005033803360835208
1.0,4,R_main,util_chair,50,0.0038861134659640374,0.0015137172313415255,0.0034559198394697906,0.004316307092458284
1.0,4,SxR,util_chair,50,0.00037332669081376003,0.0007012557759666329,0.00017403202790253463,0.0005726213537249854
1.0,4,S1R0-S0R0,overtime_chair_minutes,50,-0.1301563016096685,1.8467690405233592,-0.6550021938216175,0.3946895906022805
1.0,4,S0R1-S0R0,overtime_chair_minutes,50,-7.102944231469748,2.906055921899853,-7.928836088913442,-6.277052374026054
1.0,4,S1R1-S0R0,overtime_chair_minutes,50,-7.949887779441851,3.205204024617868,-8.860796576973545,-7.038978981910156
1.0,4,S_main,overtime_chair_minutes,50,-0.4885499247908851,1.681722959434623,-0.9664902452803652,-0.010609604301405007
1.0,4,R_main,overtime_chair_minutes,50,-7.4613378546509646,2.906337084175722,-8.287309617519917,-6.6353660917820125
1.0,4,SxR,overtime_chair_minutes,50,-0.7167872463624332,1.34641108985593,-1.0994329991519844,-0.33414149357288186
1.0,4,S1R0-S0R0,util_dentist,50,0.00018068301118622453,0.0015361302834932982,-0.00025588033349999286,0.0006172463558724419
1.0,4,S0R1-S0R0,util_dentist,50,0.0061406513029667,0.002501004925379178,0.005429873651466152,0.006851428954467248
1.0,4,S1R1-S0R0,util_dentist,50,0.006910097869092242,0.0027385791778613165,0.006131802370056607,0.007688393368127877
1.0,4,S_main,util_dentist,50,0.0004750647886558834,0.0013885669945324023,8.0438461730405e-05,0.0008696911155813619
1.0,4,R_main,util_dentist,50,0.006435033080436359,0.002467828609257563,0.005733684032541934,0.007136382128330784
1.0,4,SxR,util_dentist,50,0.0005887635549393178,0.001146749275232677,0.00026286105533257964,0.0009146660545460559
1.0,4,S1R0-S0R0,overtime_dentist_minutes,50,-0.1734556907387656,1.4746850721535916,-0.5925565016375415,0.24564512016001028
1.0,4,S0R1-S0R0,overtime_dentist_minutes,50,-5.895025250848011,2.4009647283640208,-6.57737179628854,-5.212678705407482
1.0,4,S1R1-S0R0,overtime_dentist_minutes,50,-6.63369395432855,2.6290360107468738,-7.380857633402762,-5.886530275254337
1.0,4,S_main,overtime_dentist_minutes,50,-0.4560621971096519,1.3330243147511218,-0.8349034709581156,-0.07722092326118823
1.0,4,R_main,overtime_dentist_minutes,50,-6.177631757218899,2.369115464887264,-6.8509268431975485,-5.5043366712402495
1.0,4,SxR,overtime_dentist_minutes,50,-0.5652130127417726,1.100879304223369,-0.8780794123642409,-0.2523466131193043
1.0,4,S1R0-S0R0,util_assistant,50,9.464441945835178e-05,0.0014606766242152994,-0.000320475235055761,0.0005097640739724646
1.0,4,S0R1-S0R0,util_assistant,50,0.005641636347711978,0.002284050710384901,0.004992516394623759,0.006290756300800198
1.0,4,S1R1-S0R0,util_assistant,50,0.006268257185780984,0.0025359363058663894,0.005547552146959274,0.006988962224602694
1.0,4,S_main,util_assistant,50,0.00036063262876367855,0.001345420064490672,-2.1731477766584093e-05,0.0007429967352939412
1.0,4,R_main,util_assistant,50,0.005907624557017305,0.0022887321104474528,0.005257174164908982,0.006558074949125628
1.0,4,SxR,util_assistant,50,0.0005319764186106535,0.0010340707256303065,0.00023809680470403792,0.0008258560325172691
1.0,4,S1R0-S0R0,overtime_assistant_minutes,50,-0.13628796402000945,2.103374338870018,-0.7340602665203282,0.46148433848030934
1.0,4,S0R1-S0R0,overtime_assistant_minutes,50,-8.123956340705236,3.2890330229542872,-9.05868907315228,-7.1892236082581915
1.0,4,S1R1-S0R0,overtime_assistant_minutes,50,-9.02629034752461,3.65174828044761,-10.064105603427874,-7.9884750916213445
1.0,4,S_main,overtime_assistant_minutes,50,-0.5193109854196913,1.937404892866565,-1.0699152988232687,0.03129332798388618
1.0,4,R_main,overtime_assistant_minutes,50,-8.50697936210492,3.295774239044335,-9.443627926740906,-7.570330797468934
1.0,4,SxR,overtime_assistant_minutes,50,-0.7660460427993627,1.4890618449076336,-1.189232686824887,-0.3428593987738385
1.0,4,S1R0-S0R0,util_frontdesk,50,-2.6830878385419866e-06,0.00042375362540774335,-0.0001231125214737015,0.00011774634579661753
1.0,4,S0R1-S0R0,util_frontdesk,50,0.0008556884321049086,0.0005345983828261486,0.0007037572706804457,0.0010076195935293714
1.0,4,S1R1-S0R0,util_frontdesk,50,0.0009372868802745349,0.0005860918168983377,0.0007707214485349186,0.0011038523120141513
1.0,4,S_main,util_frontdesk,50,3.9457680165542187e-05,0.0003655561711878479,-6.443222193412603e-05,0.0001433475822652104
1.0,4,R_main,util_frontdesk,50,0.0008978292001089927,0.0005513632532134147,0.0007411335157998875,0.0010545248844180978
1.0,4,SxR,util_frontdesk,50,8.428153600816834e-05,0.000358327883936784,-1.7554109826529247e-05,0.00018611718184286593
1.0,4,S1R0-S0R0,overtime_frontdesk_minutes,50,0.0012878821624993009,0.20340174019571525,-0.05651824598237682,0.059094010307375426
1.0,4,S0R1-S0R0,overtime_frontdesk_minutes,50,-0.41073044741035813,0.2566072237565468,-0.4836574048940991,-0.3378034899266172
1.0,4,S1R1-S0R0,overtime_frontdesk_minutes,50,-0.4498977025317755,0.28132407211119415,-0.5298491097667891,-0.36994629529676193
1.0,4,S_main,overtime_frontdesk_minutes,50,-0.018939686479459077,0.17546696217016736,-0.06880683948729992,0.030927466528381766
1.0,4,R_main,overtime_frontdesk_minutes,50,-0.43095801605231654,0.2646543615424365,-0.5061719445206863,-0.35574408758394677
1.0,4,SxR,overtime_frontdesk_minutes,50,-0.04045513728391679,0.1719973842896525,-0.08933624728457054,0.008425972716736972
1.0,4,S1R0-S0R0,util_sterilizer,50,0.0003955476560737048,0.002485397216219182,-0.0003107943340854871,0.0011018896462328966
1.0,4,S0R1-S0R0,util_sterilizer,50,0.0006758943326963451,0.0017289004011750942,0.00018454633319599212,0.001167242332196698
1.0,4,S1R1-S0R0,util_sterilizer,50,0.0014704728142594847,0.003215264555112066,0.0005567048459341014,0.002384240782584868
1.0,4,S_main,util_sterilizer,50,0.0005950630688184222,0.002572898385532888,-0.0001361464755775606,0.001326272613214405
1.0,4,R_main,util_sterilizer,50,0.0008754097454410626,0.0016246565844823637,0.00041368750735382604,0.001337131983528299
1.0,4,SxR,util_sterilizer,50,0.0003990308254894348,0.001351928002623729,1.4817183624241223e-05,0.0007832444673546284
1.0,4,S1R0-S0R0,overtime_sterilizer_minutes,50,0.23547045841795466,1.2510025229757822,-0.12006048287644416,0.5910013997123535
1.0,4,S0R1-S0R0,overtime_sterilizer_minutes,50,-3.205095946360913,1.8640009486519697,-3.73483909209933,-2.6753528006224965
1.0,4,S1R1-S0R0,overtime_sterilizer_minutes,50,-3.2578269508445485,1.9743495767930752,-3.818930826008379,-2.696723075680718
1.0,4,S_main,overtime_sterilizer_minutes,50,0.09136972696715957,1.1809481195166196,-0.24425197549980016,0.4269914294341193
1.0,4,R_main,overtime_sterilizer_minutes,50,-3.3491966778117086,1.8075568067273382,-3.8628985777968525,-2.8354947778265647
1.0,4,SxR,overtime_sterilizer_minutes,50,-0.28820146290159016,1.0242497072797871,-0.5792899746045714,0.002887048801391179
1.2,1,S1R0-S0R0,scheduled,50,0.0,0.0,0.0,0.0
1.2,1,S0R1-S0R0,scheduled,50,0.0,0.0,0.0,0.0
1.2,1,S1R1-S0R0,scheduled,50,0.0,0.0,0.0,0.0
1.2,1,S_main,scheduled,50,0.0,0.0,0.0,0.0
1.2,1,R_main,scheduled,50,0.0,0.0,0.0,0.0
1.2,1,SxR,scheduled,50,0.0,0.0,0.0,0.0
1.2,1,S1R0-S0R0,attended,50,0.0,0.0,0.0,0.0
1.2,1,S0R1-S0R0,attended,50,0.0,0.0,0.0,0.0
1.2,1,S1R1-S0R0,attended,50,0.0,0.0,0.0,0.0
1.2,1,S_main,attended,50,0.0,0.0,0.0,0.0
1.2,1,R_main,attended,50,0.0,0.0,0.0,0.0
1.2,1,SxR,attended,50,0.0,0.0,0.0,0.0
1.2,1,S1R0-S0R0,completed,50,0.0,0.0,0.0,0.0
1.2,1,S0R1-S0R0,completed,50,0.0,0.0,0.0,0.0
1.2,1,S1R1-S0R0,completed,50,0.0,0.0,0.0,0.0
1.2,1,S_main,completed,50,0.0,0.0,0.0,0.0
1.2,1,R_main,completed,50,0.0,0.0,0.0,0.0
1.2,1,SxR,completed,50,0.0,0.0,0.0,0.0
1.2,1,S1R0-S0R0,mean_wait,50,0.1518642427872612,2.1754801505910333,-0.4664003022490588,0.7701287878235812
1.2,1,S0R1-S0R0,mean_wait,50,-124.03169903697822,7.7945914122313065,-126.24689714481568,-121.81650092914077
1.2,1,S1R1-S0R0,mean_wait,50,-124.45747297413938,7.917036757452698,-126.70746965995262,-122.20747628832613
1.2,1,S_main,mean_wait,50,-0.13695484718695583,1.5432071118900814,-0.5755294040130994,0.30161970963918777
1.2,1,R_main,mean_wait,50,-124.32051812695246,7.791904775919762,-126.53495270128842,-122.10608355261651
1.2,1,SxR,mean_wait,50,-0.5776381799484364,2.3983864432991018,-1.2592519849674066,0.10397562507053404
1.2,1,S1R0-S0R0,p90_wait,50,0.3122656237237675,3.185341240647135,-0.592998233728155,1.21752948117569
1.2,1,S0R1-S0R0,p90_wait,50,-159.72720382671284,14.705831795211507,-163.90655448719897,-155.5478531662267
1.2,1,S1R1-S0R0,p90_wait,50,-160.46862289170414,15.157119163953828,-164.7762279881778,-156.1610177952305
1.2,1,S_main,p90_wait,50,-0.21457672063377572,2.26432543720373,-0.8580908137716021,0.4289373725040506
1.2,1,R_main,p90_wait,50,-160.25404617107037,14.507783302354605,-164.3771120792925,-156.13098026284825
1.2,1,SxR,p90_wait,50,-1.0536846887150841,4.19653765753534,-2.246327354224572,0.13895797679440358
1.2,1,S1R0-S0R0,post_registration_wait,50,0.14334929610066752,2.1782297351383657,-0.4756966721257163,0.7623952643270513
1.2,1,S0R1-S0R0,post_registration_wait,50,-124.06490459588278,7.793246685533696,-126.27972053666636,-121.8500886550992
1.2,1,S1R1-S0R0,post_registration_wait,50,-124.49698010954009,7.917532206040526,-126.74711760026743,-122.24684261881275
1.2,1,S_main,post_registration_wait,50,-0.1443631087783268,1.5417092826086727,-0.5825119872828546,0.2937857697262009
1.2,1,R_main,post_registration_wait,50,-124.35261700076177,7.7907995199081626,-126.56673746485177,-122.13849653667177
1.2,1,SxR,post_registration_wait,50,-0.5754248097579807,2.395965653715711,-1.2563506340707162,0.1055010145547548
1.2,1,S1R0-S0R0,registration_elapsed,50,0.008514946686605294,0.022677723729279155,0.0020700096734438712,0.014959883699766717
1.2,1,S0R1-S0R0,registration_elapsed,50,0.03320555890452403,0.019642130202025192,0.027623327924572325,0.03878778988447573
1.2,1,S1R1-S0R0,registration_elapsed,50,0.03950713540069335,0.02524790749683372,0.032331760328938225,0.04668251047244848
1.2,1,S_main,registration_elapsed,50,0.007408261591387308,0.019622691025440057,0.0018315551636426293,0.012984968019131987
1.2,1,R_main,registration_elapsed,50,0.032098873809306046,0.01737623449734995,0.027160603187517198,0.03703714443109489
1.2,1,SxR,registration_elapsed,50,-0.0022133701904359705,0.02264226056633551,-0.00864822868539214,0.004221488304520198
1.2,1,S1R0-S0R0,mean_los,50,0.15398799818209455,2.1759985730866496,-0.4644238808799126,0.7723998772441016
1.2,1,S0R1-S0R0,mean_los,50,-124.00805154216947,7.796792364190328,-126.22387515355896,-121.79222793077997
1.2,1,S1R1-S0R0,mean_los,50,-124.4297703164855,7.9159325993884355,-126.67945320408593,-122.18008742888507
1.2,1,S_main,mean_los,50,-0.13386538806696138,1.54087066176603,-0.5717759331931802,0.3040451570592574
1.2,1,R_main,mean_los,50,-124.29590492841854,7.791313874400669,-126.51017157042067,-122.0816382864164
1.2,1,SxR,mean_los,50,-0.5757067724981106,2.4072798966243334,-1.2598480686883669,0.10843452369214546
1.2,1,S1R0-S0R0,completed_by_close,50,0.0020000000000000282,0.0697939955444514,-0.01783523172566472,0.02183523172566478
1.2,1,S0R1-S0R0,completed_by_close,50,2.434,0.20509275596361942,2.3757132905480005,2.492286709452
1.2,1,S1R1-S0R0,completed_by_close,50,2.440666666666667,0.2059533443412644,2.3821353807327244,2.4991979526006096
1.2,1,S_main,completed_by_close,50,0.004333333333333353,0.05692518063630687,-0.011844622093037646,0.02051128875970435
1.2,1,R_main,completed_by_close,50,2.4363333333333332,0.1964160169148133,2.3805125255439856,2.492154141122681
1.2,1,SxR,completed_by_close,50,0.00466666666666665,0.08959723432725436,-0.020796582585597433,0.03012991591893073
1.2,1,S1R0-S0R0,overtime,50,0.7186599636772325,3.1978446091300965,-0.19015731136135006,1.627477238715815
1.2,1,S0R1-S0R0,overtime,50,-143.2977161085463,15.599086429378938,-147.73092689726437,-138.86450531982823
1.2,1,S1R1-S0R0,overtime,50,-143.35244364689814,15.623213210681966,-147.79251119018667,-138.9123761036096
1.2,1,S_main,overtime,50,0.3319662126626986,2.216828077476269,-0.29804928178906437,0.9619817071144616
1.2,1,R_main,overtime,50,-143.68440985956084,15.209076230868071,-148.0067809893299,-139.36203872979178
1.2,1,SxR,overtime,50,-0.7733875020290497,4.118388297356812,-1.9438203677375459,0.39704536367944643
1.2,1,S1R0-S0R0,reprocessing_overtime,50,0.5314183175210064,3.220909482239965,-0.38395392115432503,1.446790556196338
1.2,1,S0R1-S0R0,reprocessing_overtime,50,-147.5225552315289,15.711879141457983,-151.98782135056018,-143.05728911249764
1.2,1,S1R1-S0R0,reprocessing_overtime,50,-147.5619869426999,15.645439718547543,-152.0083711888871,-143.11560269651267
1.2,1,S_main,reprocessing_overtime,50,0.24599330317501425,2.2116721337668315,-0.3825568884603189,0.8745434948103473
1.2,1,R_main,reprocessing_overtime,50,-147.8079802458749,15.27518995486407,-152.1491406858916,-143.46681980585817
1.2,1,SxR,reprocessing_overtime,50,-0.5708500286919752,4.189541875015611,-1.7615045150422284,0.6198044576582781
1.2,1,S1R0-S0R0,bypass_events,50,0.0,0.0,0.0,0.0
1.2,1,S0R1-S0R0,bypass_events,50,30.245333333333335,1.053570971213245,29.945911811604596,30.544754855062074
1.2,1,S1R1-S0R0,bypass_events,50,30.281333333333333,1.0389284554775207,29.986073168042196,30.57659349862447
1.2,1,S_main,bypass_events,50,0.017999999999999936,0.06899341057628523,-0.0016077080220025693,0.037607708022002445
1.2,1,R_main,bypass_events,50,30.26333333333334,1.043998071257373,29.966632399349006,30.560034267317672
1.2,1,SxR,bypass_events,50,0.03599999999999987,0.13798682115257047,-0.0032154160440051385,0.07521541604400489
1.2,1,S1R0-S0R0,max_bypasses,50,0.0,0.0,0.0,0.0
1.2,1,S0R1-S0R0,max_bypasses,50,2.0,0.0,2.0,2.0
1.2,1,S1R1-S0R0,max_bypasses,50,2.0,0.0,2.0,2.0
1.2,1,S_main,max_bypasses,50,0.0,0.0,0.0,0.0
1.2,1,R_main,max_bypasses,50,2.0,0.0,2.0,2.0
1.2,1,SxR,max_bypasses,50,0.0,0.0,0.0,0.0
1.2,1,S1R0-S0R0,kit_unavailable_wait,50,0.14032539351043283,0.9403405702698653,-0.1269164081208729,0.40756719514173856
1.2,1,S0R1-S0R0,kit_unavailable_wait,50,-23.14596004102144,4.226608051322505,-24.347148616880343,-21.944771465162535
1.2,1,S1R1-S0R0,kit_unavailable_wait,50,-23.274782064913115,4.295638370755547,-24.495588838173813,-22.053975291652417
1.2,1,S_main,kit_unavailable_wait,50,0.005751684809378616,0.7789554142894993,-0.2156249683806928,0.22712833799945006
1.2,1,R_main,kit_unavailable_wait,50,-23.28053374972249,4.202325248364428,-24.47482123015241,-22.08624626929257
1.2,1,SxR,kit_unavailable_wait,50,-0.26914741740210846,1.1158130130285353,-0.58625792960709,0.04796309480287303
1.2,1,S1R0-S0R0,mean_cycle_queue,50,0.009850244837214443,0.07225246257541273,-0.010683675405544412,0.030384165079973297
1.2,1,S0R1-S0R0,mean_cycle_queue,50,0.1506905005042074,0.23783278202145322,0.08309917969566435,0.21828182131275045
1.2,1,S1R1-S0R0,mean_cycle_queue,50,0.15072065961207895,0.24017001717802416,0.08246510399986388,0.218976215224294
1.2,1,S_main,mean_cycle_queue,50,0.004940201972542999,0.05456822590856347,-0.010567914410698336,0.020448318355784333
1.2,1,R_main,mean_cycle_queue,50,0.14578045763953595,0.23227904209424682,0.07976749206830061,0.2117934232107713
1.2,1,SxR,mean_cycle_queue,50,-0.00982008572934289,0.11145151363833555,-0.041494251708055346,0.021854080249369565
1.2,1,S1R0-S0R0,wait_routine,50,0.35203082877259706,2.140797946073405,-0.2563771439612259,0.96043880150642
1.2,1,S0R1-S0R0,wait_routine,50,-63.58219798035416,10.386773848691101,-66.53408609857554,-60.63030986213277
1.2,1,S1R1-S0R0,wait_routine,50,-63.789545381052264,10.963782619263958,-66.90541755811385,-60.67367320399068
1.2,1,S_main,wait_routine,50,0.07234171403724644,1.5196437000394236,-0.35953619602639175,0.5042196241008846
1.2,1,R_main,wait_routine,50,-63.861887095089514,10.550799779216618,-66.86039086148539,-60.863383328693644
1.2,1,SxR,wait_routine,50,-0.5593782294707023,2.8928857054348907,-1.3815271532505213,0.2627706943091167
1.2,1,S1R0-S0R0,count_routine,50,0.0,0.0,0.0,0.0
1.2,1,S0R1-S0R0,count_routine,50,0.0,0.0,0.0,0.0
1.2,1,S1R1-S0R0,count_routine,50,0.0,0.0,0.0,0.0
1.2,1,S_main,count_routine,50,0.0,0.0,0.0,0.0
1.2,1,R_main,count_routine,50,0.0,0.0,0.0,0.0
1.2,1,SxR,count_routine,50,0.0,0.0,0.0,0.0
1.2,1,S1R0-S0R0,wait_restorative,50,-0.22500303682892422,2.445212772877569,-0.9199247358981744,0.46991866224032597
1.2,1,S0R1-S0R0,wait_restorative,50,-157.82464892448232,18.12580269352466,-162.97594444546675,-152.67335340349788
1.2,1,S1R1-S0R0,wait_restorative,50,-158.47421166036494,18.571944442193473,-163.752299248465,-153.1961240722649
1.2,1,S_main,wait_restorative,50,-0.437282886355776,1.7708898640666555,-0.9405641577657429,0.06599838505419081
1.2,1,R_main,wait_restorative,50,-158.03692877400917,18.177390188638956,-163.202885297158,-152.87097225086035
1.2,1,SxR,wait_restorative,50,-0.4245596990537058,3.031456033434803,-1.2860898696691365,0.4369704715617249
1.2,1,S1R0-S0R0,count_restorative,50,0.0,0.0,0.0,0.0
1.2,1,S0R1-S0R0,count_restorative,50,0.0,0.0,0.0,0.0
1.2,1,S1R1-S0R0,count_restorative,50,0.0,0.0,0.0,0.0
1.2,1,S_main,count_restorative,50,0.0,0.0,0.0,0.0
1.2,1,R_main,count_restorative,50,0.0,0.0,0.0,0.0
1.2,1,SxR,count_restorative,50,0.0,0.0,0.0,0.0
1.2,1,S1R0-S0R0,wait_impression,50,0.1818008355472307,2.6238400759133653,-0.5638861753601841,0.9274878464546455
1.2,1,S0R1-S0R0,wait_impression,50,-285.6338660090248,31.5617774525017,-294.6036228564532,-276.6641091615964
1.2,1,S1R1-S0R0,wait_impression,50,-285.84867243999577,31.347788214990832,-294.75761422618984,-276.9397306538017
1.2,1,S_main,wait_impression,50,-0.016502797711862912,3.1690956588736237,-0.9171497124528526,0.8841441170291268
1.2,1,R_main,wait_impression,50,-285.8321696422838,31.292162686520616,-294.72530283006677,-276.93903645450087
1.2,1,SxR,wait_impression,50,-0.3966072665181787,3.6276739336990005,-1.427580669584711,0.6343661365483538
1.2,1,S1R0-S0R0,count_impression,50,0.0,0.0,0.0,0.0
1.2,1,S0R1-S0R0,count_impression,50,0.0,0.0,0.0,0.0
1.2,1,S1R1-S0R0,count_impression,50,0.0,0.0,0.0,0.0
1.2,1,S_main,count_impression,50,0.0,0.0,0.0,0.0
1.2,1,R_main,count_impression,50,0.0,0.0,0.0,0.0
1.2,1,SxR,count_impression,50,0.0,0.0,0.0,0.0
1.2,1,S1R0-S0R0,wait_complex,50,0.1995368276658769,2.979007240919181,-0.6470875628009436,1.0461612181326974
1.2,1,S0R1-S0R0,wait_complex,50,-309.63897094405166,32.38415185803253,-318.8424439839937,-300.43549790410964
1.2,1,S1R1-S0R0,wait_complex,50,-310.55959288921866,33.101529266089976,-319.96694230867695,-301.1522434697604
1.2,1,S_main,wait_complex,50,-0.3605425587505601,3.6673863364732773,-1.402802100477961,0.6817169829768406
1.2,1,R_main,wait_complex,50,-310.1990503304681,32.66299176882325,-319.4817687868926,-300.9163318740436
1.2,1,SxR,wait_complex,50,-1.120158772832881,7.3994764277908365,-3.2230664577833448,0.982748912117583
1.2,1,S1R0-S0R0,count_complex,50,0.0,0.0,0.0,0.0
1.2,1,S0R1-S0R0,count_complex,50,0.0,0.0,0.0,0.0
1.2,1,S1R1-S0R0,count_complex,50,0.0,0.0,0.0,0.0
1.2,1,S_main,count_complex,50,0.0,0.0,0.0,0.0
1.2,1,R_main,count_complex,50,0.0,0.0,0.0,0.0
1.2,1,SxR,count_complex,50,0.0,0.0,0.0,0.0
1.2,1,S1R0-S0R0,util_chair,50,4.149245172860749e-05,0.0013161996389604387,-0.00033256730272962677,0.00041555220618684177
1.2,1,S0R1-S0R0,util_chair,50,0.06888031696918982,0.004401968330955392,0.06762929155916113,0.07013134237921852
1.2,1,S1R1-S0R0,util_chair,50,0.06911004714772222,0.004683080079507474,0.06777913067213924,0.0704409636233052
1.2,1,S_main,util_chair,50,0.00013561131513049386,0.0010910472611852455,-0.00017446084910716005,0.00044568347936814776
1.2,1,R_main,util_chair,50,0.06897443583259172,0.0044769610600986776,0.06770209772727036,0.07024677393791308
1.2,1,SxR,util_chair,50,0.00018823772680377272,0.0014753779578347093,-0.00023106000000355884,0.0006075354536111043
1.2,1,S1R0-S0R0,overtime_chair_minutes,50,-0.07966550731888673,2.5271033068040247,-0.7978602358786915,0.6385292212409179
1.2,1,S0R1-S0R0,overtime_chair_minutes,50,-132.25020858084446,8.451779195434325,-134.65217736809953,-129.84823979358939
1.2,1,S1R1-S0R0,overtime_chair_minutes,50,-132.6912905236266,8.991513752654344,-135.24665015674591,-130.1359308905073
1.2,1,S_main,overtime_chair_minutes,50,-0.26037372505051165,2.094810741475644,-0.8557122803867994,0.334964830285776
1.2,1,R_main,overtime_chair_minutes,50,-132.43091679857608,8.595765235389447,-134.8738059607931,-129.98802763635905
1.2,1,SxR,overtime_chair_minutes,50,-0.36141643546324304,2.8327256790426882,-1.1664680709333328,0.4436352000068467
1.2,1,S1R0-S0R0,util_dentist,50,7.778039345925247e-05,0.0021990317587100225,-0.0005471774437565455,0.0007027382306750504
1.2,1,S0R1-S0R0,util_dentist,50,0.1149575193903422,0.0073792692127335885,0.11286035453169167,0.11705468424899272
1.2,1,S1R1-S0R0,util_dentist,50,0.11529414208211548,0.008011169945239599,0.11301739304349219,0.11757089112073878
1.2,1,S_main,util_dentist,50,0.00020720154261628986,0.0018469553993773727,-0.000317697312189714,0.0007321003974222937
1.2,1,R_main,util_dentist,50,0.11508694053949921,0.0076191650820426155,0.11292159803718958,0.11725228304180883
1.2,1,SxR,util_dentist,50,0.0002588422983140748,0.0025570417183645635,-0.00046786083166578323,0.0009855454282939329
1.2,1,S1R0-S0R0,overtime_dentist_minutes,50,-0.07466917772087754,2.11107048836163,-0.6746287014480461,0.525290346006291
1.2,1,S0R1-S0R0,overtime_dentist_minutes,50,-110.35921861472848,7.084098444224238,-112.37249687903298,-108.34594035042397
1.2,1,S1R1-S0R0,overtime_dentist_minutes,50,-110.68237639883087,7.690723147430026,-112.86805547590924,-108.49669732175249
1.2,1,S_main,overtime_dentist_minutes,50,-0.19891348091164218,1.77307718340228,-0.7028163815254065,0.3049894197021221
1.2,1,R_main,overtime_dentist_minutes,50,-110.48346291791924,7.314398478760906,-112.56219172013647,-108.40473411570201
1.2,1,SxR,overtime_dentist_minutes,50,-0.24848860638152928,2.454760049630005,-0.9461236111621998,0.4491463983991413
1.2,1,S1R0-S0R0,util_assistant,50,5.562588402004853e-05,0.002061686989550848,-0.000530299006287801,0.0006415507743278982
1.2,1,S0R1-S0R0,util_assistant,50,0.10520137392935046,0.006819629386909734,0.10326325693064166,0.10713949092805926
1.2,1,S1R1-S0R0,util_assistant,50,0.10558051435246829,0.007163336017704873,0.10354471702160073,0.10761631168333585
1.2,1,S_main,util_assistant,50,0.00021738315356893578,0.0016910208447665051,-0.0002631995963828192,0.0006979659035206908
1.2,1,R_main,util_assistant,50,0.10536313119889934,0.006881356909420608,0.10340747143446545,0.10731879096333323
1.2,1,SxR,util_assistant,50,0.0003235145390977745,0.002264999240411088,-0.0003201910467702098,0.0009672201249657589
1.2,1,S1R0-S0R0,overtime_assistant_minutes,50,-0.0801012729888862,2.968829264953207,-0.9238331150321857,0.7636305690544132
1.2,1,S0R1-S0R0,overtime_assistant_minutes,50,-151.48997845826466,9.820266317150004,-154.28086693640532,-148.699089980124
1.2,1,S1R1-S0R0,overtime_assistant_minutes,50,-152.03594066755434,10.315203865495034,-154.96748882400362,-149.10439251110506
1.2,1,S_main,overtime_assistant_minutes,50,-0.31303174113927523,2.43507001646377,-1.0050709010698031,0.37900741879125277
1.2,1,R_main,overtime_assistant_minutes,50,-151.72290892641504,9.909153949565672,-154.53905898719984,-148.90675886563025
1.2,1,SxR,overtime_assistant_minutes,50,-0.4658609363007599,3.261598906191969,-1.3927969799506579,0.4610751073491381
1.2,1,S1R0-S0R0,util_frontdesk,50,1.629721601992484e-05,0.00042736872308978235,-0.00010515961688754724,0.00013775404892739693
1.2,1,S0R1-S0R0,util_frontdesk,50,0.0152245895995419,0.001408683903887783,0.014824246110909954,0.015624933088173847
1.2,1,S1R1-S0R0,util_frontdesk,50,0.015272526380570946,0.0014136093577405888,0.014870783093607318,0.015674269667534574
1.2,1,S_main,util_frontdesk,50,3.211699852448513e-05,0.0003415470953211391,-6.494960051565371e-05,0.00012918359756462398
1.2,1,R_main,util_frontdesk,50,0.01524040938204646,0.0013828517172397542,0.014847407318764176,0.015633411445328746
1.2,1,SxR,util_frontdesk,50,3.163956500912057e-05,0.0005434465129499324,-0.0001228062068768155,0.00018608533689505664
1.2,1,S1R0-S0R0,overtime_frontdesk_minutes,50,-0.007822663689562147,0.20513698708308917,-0.06612194348514694,0.05047661610602264
1.2,1,S0R1-S0R0,overtime_frontdesk_minutes,50,-7.3078030077801195,0.6761682738661381,-7.499967882323455,-7.115638133236784
1.2,1,S1R1-S0R0,overtime_frontdesk_minutes,50,-7.330812662674054,0.6785324917154906,-7.523649440416598,-7.13797588493151
1.2,1,S_main,overtime_frontdesk_minutes,50,-0.015416159291748244,0.16394260575414654,-0.06200812683101482,0.03117580824751834
1.2,1,R_main,overtime_frontdesk_minutes,50,-7.315396503382306,0.6637688242750873,-7.504037493757804,-7.126755513006809
1.2,1,SxR,overtime_frontdesk_minutes,50,-0.01518699120437205,0.26085432621596066,-0.08932096170961941,0.058946979300875314
1.2,1,S1R0-S0R0,util_sterilizer,50,2.213258917663441e-05,0.0026928156026902713,-0.0007431570472338348,0.0007874222255871035
1.2,1,S0R1-S0R0,util_sterilizer,50,0.12402142091981902,0.013106621823451646,0.12029656065095473,0.1277462811886833
1.2,1,S1R1-S0R0,util_sterilizer,50,0.1253609310566323,0.012549013063667815,0.12179454142519595,0.12892732068806861
1.2,1,S_main,util_sterilizer,50,0.0006808213629949772,0.0021944771783821157,5.715792303373458e-05,0.00130448480295622
1.2,1,R_main,util_sterilizer,50,0.12468010969363735,0.012793321663546546,0.12104428833453784,0.12831593105273686
1.2,1,SxR,util_sterilizer,50,0.0013173775476366856,0.003971934585960083,0.00018856636127147328,0.0024461887340018976
1.2,1,S1R0-S0R0,overtime_sterilizer_minutes,50,0.3953763571952254,1.6124528543412109,-0.06287761956983084,0.8536303339602817
1.2,1,S0R1-S0R0,overtime_sterilizer_minutes,50,-67.97894870817977,6.327259522979669,-69.77713575633048,-66.18076166002906
1.2,1,S1R1-S0R0,overtime_sterilizer_minutes,50,-68.56391357385017,6.5357501970459175,-70.42135300897893,-66.70647413872142
1.2,1,S_main,overtime_sterilizer_minutes,50,-0.09479425423758812,1.183504791887095,-0.4311425548670314,0.24155404639185513
1.2,1,R_main,overtime_sterilizer_minutes,50,-68.4691193196126,6.272591166841319,-70.25176979468698,-66.68646884453823
1.2,1,SxR,overtime_sterilizer_minutes,50,-0.9803412228656271,2.367154587609713,-1.6530790337537415,-0.30760341197751273
1.2,2,S1R0-S0R0,scheduled,50,0.0,0.0,0.0,0.0
1.2,2,S0R1-S0R0,scheduled,50,0.0,0.0,0.0,0.0
1.2,2,S1R1-S0R0,scheduled,50,0.0,0.0,0.0,0.0
1.2,2,S_main,scheduled,50,0.0,0.0,0.0,0.0
1.2,2,R_main,scheduled,50,0.0,0.0,0.0,0.0
1.2,2,SxR,scheduled,50,0.0,0.0,0.0,0.0
1.2,2,S1R0-S0R0,attended,50,0.0,0.0,0.0,0.0
1.2,2,S0R1-S0R0,attended,50,0.0,0.0,0.0,0.0
1.2,2,S1R1-S0R0,attended,50,0.0,0.0,0.0,0.0
1.2,2,S_main,attended,50,0.0,0.0,0.0,0.0
1.2,2,R_main,attended,50,0.0,0.0,0.0,0.0
1.2,2,SxR,attended,50,0.0,0.0,0.0,0.0
1.2,2,S1R0-S0R0,completed,50,0.0,0.0,0.0,0.0
1.2,2,S0R1-S0R0,completed,50,0.0,0.0,0.0,0.0
1.2,2,S1R1-S0R0,completed,50,0.0,0.0,0.0,0.0
1.2,2,S_main,completed,50,0.0,0.0,0.0,0.0
1.2,2,R_main,completed,50,0.0,0.0,0.0,0.0
1.2,2,SxR,completed,50,0.0,0.0,0.0,0.0
1.2,2,S1R0-S0R0,mean_wait,50,0.11592461884916531,1.0466861288305875,-0.18154025255472162,0.41338949025305227
1.2,2,S0R1-S0R0,mean_wait,50,-45.80037477931317,3.8907734050573692,-46.90612021599926,-44.694629342627074
1.2,2,S1R1-S0R0,mean_wait,50,-45.98955773159052,3.7731272512889467,-47.061868505259746,-44.9172469579213
1.2,2,S_main,mean_wait,50,-0.03662916671408681,0.9347295929108579,-0.30227634641186973,0.22901801298369615
1.2,2,R_main,mean_wait,50,-45.95292856487642,3.8124219150466314,-47.03640675710559,-44.86945037264726
1.2,2,SxR,mean_wait,50,-0.3051075711265042,1.2652614638785267,-0.6646908581099868,0.05447571585697847
1.2,2,S1R0-S0R0,p90_wait,50,0.12305219928369752,1.8886761784470771,-0.41370356834363625,0.6598079669110313
1.2,2,S0R1-S0R0,p90_wait,50,-61.66051792272223,7.971294041725432,-63.92593435629399,-59.39510148915046
1.2,2,S1R1-S0R0,p90_wait,50,-61.92960177813972,7.964734134985204,-64.19315390706355,-59.666049649215886
1.2,2,S_main,p90_wait,50,-0.07301582806689509,1.6992190524729487,-0.5559284825945942,0.409896826460804
1.2,2,R_main,p90_wait,50,-61.85658595007281,7.621946194085945,-64.02271883558666,-59.690453064558966
1.2,2,SxR,p90_wait,50,-0.39213605470118523,2.4572154003248246,-1.0904688623461223,0.30619675294375176
1.2,2,S1R0-S0R0,post_registration_wait,50,0.1179595282531011,1.0440373992189638,-0.17875258261292945,0.41467163911913163
1.2,2,S0R1-S0R0,post_registration_wait,50,-45.82207243263945,3.8932033170852303,-46.928508442601505,-44.7156364226774
1.2,2,S1R1-S0R0,post_registration_wait,50,-46.01698073228071,3.772132840868088,-47.08900889766859,-44.94495256689282
1.2,2,S_main,post_registration_wait,50,-0.03847438569407615,0.9349137290463447,-0.3041738962963726,0.2272251249082203
1.2,2,R_main,post_registration_wait,50,-45.97850634658663,3.813482540616625,-47.06228596523207,-44.89472672794118
1.2,2,SxR,post_registration_wait,50,-0.31286782789435447,1.2681450707020743,-0.6732706267728732,0.047534970984164315
1.2,2,S1R0-S0R0,registration_elapsed,50,-0.002034909403932206,0.030026745969302587,-0.010568415182225992,0.006498596374361581
1.2,2,S0R1-S0R0,registration_elapsed,50,0.021697653326277048,0.024978925410658506,0.014598722108577244,0.02879658454397685
1.2,2,S1R1-S0R0,registration_elapsed,50,0.02742300069019316,0.03092800686713854,0.018633359428977044,0.036212641951409275
1.2,2,S_main,registration_elapsed,50,0.0018452189799919516,0.024808259835044144,-0.005205209623500176,0.008895647583484078
1.2,2,R_main,registration_elapsed,50,0.025577781710201208,0.02109895818140965,0.01958152484836517,0.03157403857203724
1.2,2,SxR,registration_elapsed,50,0.0077602567678483145,0.036945056894192384,-0.0027394109886343925,0.01825992452433102
1.2,2,S1R0-S0R0,mean_los,50,0.11063067086214858,1.0403970224146464,-0.1850468564853559,0.406308198209653
1.2,2,S0R1-S0R0,mean_los,50,-45.77463562771723,3.8886500506786517,-46.87977761383699,-44.66949364159747
1.2,2,S1R1-S0R0,mean_los,50,-45.97212199769827,3.7609025348185043,-47.04095854579722,-44.903285449599316
1.2,2,S_main,mean_los,50,-0.04342784955944296,0.9332269159166269,-0.3086479732310322,0.2217922741121463
1.2,2,R_main,mean_los,50,-45.92869414813883,3.8083139059283786,-47.011004857232,-44.84638343904566
1.2,2,SxR,mean_los,50,-0.30811704084318536,1.267352927960361,-0.66829471527197,0.052060633585599314
1.2,2,S1R0-S0R0,completed_by_close,50,-0.0193333333333333,0.08139654062303173,-0.042465971496985076,0.003799304830318477
1.2,2,S0R1-S0R0,completed_by_close,50,2.0086666666666666,0.18354162564571333,1.9565047199606744,2.0608286133726588
1.2,2,S1R1-S0R0,completed_by_close,50,2.0260000000000007,0.19878200550926534,1.9695067857713147,2.0824932142286867
1.2,2,S_main,completed_by_close,50,-0.000999999999999872,0.05998960605360843,-0.018048855391103232,0.016048855391103487
1.2,2,R_main,completed_by_close,50,2.027,0.18025838094309707,1.9757711410042103,2.07822885899579
1.2,2,SxR,completed_by_close,50,0.036666666666666854,0.10546302185881017,0.0066944110200326395,0.06663892231330107
1.2,2,S1R0-S0R0,overtime,50,0.38229378706743433,1.8587052944320561,-0.14594435057148103,0.9105319247063497
1.2,2,S0R1-S0R0,overtime,50,-62.892724645394644,8.061088256839337,-65.18366030953223,-60.60178898125706
1.2,2,S1R1-S0R0,overtime,50,-62.776683057343355,8.287482582059424,-65.1319592692184,-60.42140684546831
1.2,2,S_main,overtime,50,0.24916768755936744,1.8751732371993595,-0.2837505870782444,0.7820859621969793
1.2,2,R_main,overtime,50,-63.025850744902726,7.86725007844866,-65.26169821476705,-60.7900032750384
1.2,2,SxR,overtime,50,-0.2662521990161338,2.512981263152523,-0.9804334876505929,0.4479290896183254
1.2,2,S1R0-S0R0,reprocessing_overtime,50,0.35884609188023203,2.013778594095886,-0.21346338469408627,0.9311555684545503
1.2,2,S0R1-S0R0,reprocessing_overtime,50,-66.17427430482782,8.932364253381971,-68.71282383823336,-63.635724771422275
1.2,2,S1R1-S0R0,reprocessing_overtime,50,-65.86855101071447,9.135251056590192,-68.46476032880953,-63.272341692619406
1.2,2,S_main,reprocessing_overtime,50,0.33228469299678864,1.6941248377253677,-0.14918020188926318,0.8137495878828405
1.2,2,R_main,reprocessing_overtime,50,-66.20083570371125,8.766738696590089,-68.6923149802411,-63.70935642718141
1.2,2,SxR,reprocessing_overtime,50,-0.05312279776688683,2.669422455844138,-0.8117641761880277,0.7055185806542539
1.2,2,S1R0-S0R0,bypass_events,50,0.0,0.0,0.0,0.0
1.2,2,S0R1-S0R0,bypass_events,50,19.73266666666667,1.1489419366078273,19.40614101966548,20.05919231366786
1.2,2,S1R1-S0R0,bypass_events,50,19.802666666666667,1.0766084312718873,19.49669797200322,20.108635361330116
1.2,2,S_main,bypass_events,50,0.03499999999999996,0.12033824212197357,0.0008002540286109194,0.069199745971389
1.2,2,R_main,bypass_events,50,19.767666666666663,1.1068402556258619,19.453106183599743,20.082227149733583
1.2,2,SxR,bypass_events,50,0.06999999999999992,0.24067648424394714,0.0016005080572218389,0.138399491942778
1.2,2,S1R0-S0R0,max_bypasses,50,0.0,0.0,0.0,0.0
1.2,2,S0R1-S0R0,max_bypasses,50,1.9946666666666666,0.012344267996967475,1.9911584649324987,1.9981748684008345
1.2,2,S1R1-S0R0,max_bypasses,50,1.9933333333333332,0.013468700594029607,1.9895055714285712,1.9971610952380952
1.2,2,S_main,max_bypasses,50,-0.0006666666666666731,0.0032991443953693223,-0.001604273019019731,0.0002709396856863845
1.2,2,R_main,max_bypasses,50,1.994,0.012490359093908695,1.9904502796403645,1.9975497203596355
1.2,2,SxR,max_bypasses,50,-0.0013333333333333463,0.006598288790738645,-0.003208546038039462,0.000541879371372769
1.2,2,S1R0-S0R0,kit_unavailable_wait,50,0.20738794504063748,0.5110571390157806,0.06214713029208055,0.3526287597891944
1.2,2,S0R1-S0R0,kit_unavailable_wait,50,-1.2239807890159438,1.4943731366232826,-1.648676885267561,-0.7992846927643265
1.2,2,S1R1-S0R0,kit_unavailable_wait,50,-1.0735696540371433,1.5745626628307028,-1.521055358791435,-0.6260839492828516
1.2,2,S_main,kit_unavailable_wait,50,0.17889954000971897,0.4899102000175642,0.03966861811864966,0.3181304619007883
1.2,2,R_main,kit_unavailable_wait,50,-1.2524691940468622,1.4366650632892606,-1.6607648392554817,-0.8441735488382427
1.2,2,SxR,kit_unavailable_wait,50,-0.056976810061837,0.7800129431031663,-0.2786540095798843,0.1647003894562103
1.2,2,S1R0-S0R0,mean_cycle_queue,50,0.013998213293347526,0.1464303581047269,-0.027616829118567162,0.05561325570526221
1.2,2,S0R1-S0R0,mean_cycle_queue,50,0.45782732109178226,0.31774822785675255,0.3675242845512834,0.5481303576322811
1.2,2,S1R1-S0R0,mean_cycle_queue,50,0.46247471597088174,0.31663363040887227,0.3724884444828358,0.5524609874589277
1.2,2,S_main,mean_cycle_queue,50,0.009322804086223506,0.10796789440238502,-0.021361328376711022,0.04000693654915804
1.2,2,R_main,mean_cycle_queue,50,0.4531519118846582,0.28256738967624095,0.37284715774897054,0.5334566660203458
1.2,2,SxR,mean_cycle_queue,50,-0.009350818414248039,0.2049447289223807,-0.0675954590515635,0.048893822223067415
1.2,2,S1R0-S0R0,wait_routine,50,-0.03658371522500204,1.072596839586219,-0.3414123282803796,0.26824489783037553
1.2,2,S0R1-S0R0,wait_routine,50,-21.693134091650972,4.417885241813171,-22.948683037160873,-20.43758514614107
1.2,2,S1R1-S0R0,wait_routine,50,-21.87634928549097,4.76511269602076,-23.230579169984136,-20.522119400997806
1.2,2,S_main,wait_routine,50,-0.10989945453250187,1.0459708571268338,-0.4071610479913436,0.18736213892633985
1.2,2,R_main,wait_routine,50,-21.766449830958468,4.3908670976312685,-23.0143203057566,-20.518579356160338
1.2,2,SxR,wait_routine,50,-0.14663147861499964,1.4555724442693616,-0.5603005414097619,0.2670375841797627
1.2,2,S1R0-S0R0,count_routine,50,0.0,0.0,0.0,0.0
1.2,2,S0R1-S0R0,count_routine,50,0.0,0.0,0.0,0.0
1.2,2,S1R1-S0R0,count_routine,50,0.0,0.0,0.0,0.0
1.2,2,S_main,count_routine,50,0.0,0.0,0.0,0.0
1.2,2,R_main,count_routine,50,0.0,0.0,0.0,0.0
1.2,2,SxR,count_routine,50,0.0,0.0,0.0,0.0
1.2,2,S1R0-S0R0,wait_restorative,50,0.14211088866451974,1.166967341540078,-0.18953752113297032,0.4737592984620098
1.2,2,S0R1-S0R0,wait_restorative,50,-71.28265227113019,8.516140876383833,-73.70291244356716,-68.86239209869322
1.2,2,S1R1-S0R0,wait_restorative,50,-71.4490336096846,8.309385589510274,-73.81053458666855,-69.08753263270066
1.2,2,S_main,wait_restorative,50,-0.012135224944947396,1.0993988762435656,-0.32458089164041404,0.30031044175051924
1.2,2,R_main,wait_restorative,50,-71.43689838473965,8.479120185644724,-73.84663739452178,-69.02715937495752
1.2,2,SxR,wait_restorative,50,-0.30849222721893343,1.6287656411047808,-0.771382246139517,0.1543977917016502
1.2,2,S1R0-S0R0,count_restorative,50,0.0,0.0,0.0,0.0
1.2,2,S0R1-S0R0,count_restorative,50,0.0,0.0,0.0,0.0
1.2,2,S1R1-S0R0,count_restorative,50,0.0,0.0,0.0,0.0
1.2,2,S_main,count_restorative,50,0.0,0.0,0.0,0.0
1.2,2,R_main,count_restorative,50,0.0,0.0,0.0,0.0
1.2,2,SxR,count_restorative,50,0.0,0.0,0.0,0.0
1.2,2,S1R0-S0R0,wait_impression,50,0.032654768718348916,1.3944320798428884,-0.3636383968128974,0.42894793424959526
1.2,2,S0R1-S0R0,wait_impression,50,-92.3766231018622,10.075210408628115,-95.23996588057858,-89.5132803231458
1.2,2,S1R1-S0R0,wait_impression,50,-93.23004270885251,9.935027256342345,-96.05354588119685,-90.40653953650816
1.2,2,S_main,wait_impression,50,-0.41038241913598456,1.431638994718385,-0.8172496716298052,-0.0035151666421638916
1.2,2,R_main,wait_impression,50,-92.81966028971654,9.897813169736512,-95.63258733691534,-90.00673324251774
1.2,2,SxR,wait_impression,50,-0.886074375708667,2.357298672389363,-1.556011166813645,-0.21613758460368904
1.2,2,S1R0-S0R0,count_impression,50,0.0,0.0,0.0,0.0
1.2,2,S0R1-S0R0,count_impression,50,0.0,0.0,0.0,0.0
1.2,2,S1R1-S0R0,count_impression,50,0.0,0.0,0.0,0.0
1.2,2,S_main,count_impression,50,0.0,0.0,0.0,0.0
1.2,2,R_main,count_impression,50,0.0,0.0,0.0,0.0
1.2,2,SxR,count_impression,50,0.0,0.0,0.0,0.0
1.2,2,S1R0-S0R0,wait_complex,50,1.2567822257803027,1.6301112330150722,0.7935097939151584,1.7200546576454472
1.2,2,S0R1-S0R0,wait_complex,50,-91.53259226361689,10.770294018942096,-94.59347559538139,-88.47170893185239
1.2,2,S1R1-S0R0,wait_complex,50,-91.07764648523975,10.543401985597482,-94.07404782219955,-88.08124514827996
1.2,2,S_main,wait_complex,50,0.8558640020787273,1.8357992372118734,0.33413569310543534,1.3775923110520192
1.2,2,R_main,wait_complex,50,-91.93351048731847,10.749469150814765,-94.98847545774345,-88.8785455168935
1.2,2,SxR,wait_complex,50,-0.8018364474031501,3.0070935962030956,-1.6564428907821152,0.052769995975815
1.2,2,S1R0-S0R0,count_complex,50,0.0,0.0,0.0,0.0
1.2,2,S0R1-S0R0,count_complex,50,0.0,0.0,0.0,0.0
1.2,2,S1R1-S0R0,count_complex,50,0.0,0.0,0.0,0.0
1.2,2,S_main,count_complex,50,0.0,0.0,0.0,0.0
1.2,2,R_main,count_complex,50,0.0,0.0,0.0,0.0
1.2,2,SxR,count_complex,50,0.0,0.0,0.0,0.0
1.2,2,S1R0-S0R0,util_chair,50,-0.00014320051413451161,0.0013759434152591354,-0.0005342392599487599,0.0002478382316797367
1.2,2,S0R1-S0R0,util_chair,50,0.05764680681251536,0.004168747545965351,0.056462062008396,0.058831551616634725
1.2,2,S1R1-S0R0,util_chair,50,0.05783588790131113,0.004477159665873696,0.056563493352859685,0.05910828244976258
1.2,2,S_main,util_chair,50,2.294028733062392e-05,0.0012091235862429757,-0.0003206887932372226,0.00036656936789847044
1.2,2,R_main,util_chair,50,0.0578129476139805,0.0040369628690846435,0.05666565559621373,0.05896023963174727
1.2,2,SxR,util_chair,50,0.0003322816029302711,0.0020492482726148916,-0.0002501082435551123,0.0009146714494156546
1.2,2,S1R0-S0R0,overtime_chair_minutes,50,0.2749449871382649,2.641811357297521,-0.47584940482508664,1.0257393791016165
1.2,2,S0R1-S0R0,overtime_chair_minutes,50,-110.68186908002954,8.003995288253485,-112.95657910393874,-108.40715905612035
1.2,2,S1R1-S0R0,overtime_chair_minutes,50,-111.04490477051739,8.596146558477496,-113.48790230354417,-108.60190723749061
1.2,2,S_main,overtime_chair_minutes,50,-0.04404535167479139,2.3215172855865154,-0.7038131863650573,0.6157224830154745
1.2,2,R_main,overtime_chair_minutes,50,-111.0008594188426,7.750968708642513,-113.20366009295478,-108.79805874473041
1.2,2,SxR,overtime_chair_minutes,50,-0.6379806776261125,3.9345566834205687,-1.7561691828780424,0.48020782762581726
1.2,2,S1R0-S0R0,util_dentist,50,-0.0001123852045692919,0.0022599600450086328,-0.0007546586671186601,0.0005298882579800762
1.2,2,S0R1-S0R0,util_dentist,50,0.09629862551121998,0.007091704478190217,0.09428318563623463,0.09831406538620534
1.2,2,S1R1-S0R0,util_dentist,50,0.09655888872146916,0.007550154511889484,0.09441315880387875,0.09870461863905956
1.2,2,S_main,util_dentist,50,7.393900283994226e-05,0.002021492678388366,-0.0005005627919746348,0.0006484407976545193
1.2,2,R_main,util_dentist,50,0.09648494971862924,0.006837672933885352,0.09454170480121307,0.09842819463604541
1.2,2,SxR,util_dentist,50,0.0003726484148184683,0.0034083608440734613,-0.0005959969051621277,0.0013412937347990642
1.2,2,S1R0-S0R0,overtime_dentist_minutes,50,0.10788979638648812,2.1695616432082736,-0.5086927276609015,0.7244723204338777
1.2,2,S0R1-S0R0,overtime_dentist_minutes,50,-92.44668049077121,6.808036299062624,-94.38150277075715,-90.51185821078528
1.2,2,S1R1-S0R0,overtime_dentist_minutes,50,-92.69653317261043,7.248148331413929,-94.75643389349723,-90.63663245172363
1.2,2,S_main,overtime_dentist_minutes,50,-0.07098144272636489,1.9406329712528303,-0.6225031657483586,0.4805402802956289
1.2,2,R_main,overtime_dentist_minutes,50,-92.62555172988407,6.564166016529956,-94.49106685060359,-90.76003660916454
1.2,2,SxR,overtime_dentist_minutes,50,-0.35774247822570826,3.272026410310516,-1.2876419854070784,0.5721570289556619
1.2,2,S1R0-S0R0,util_assistant,50,-0.00030019553650816765,0.002120534074072713,-0.0009028445812187776,0.00030245350820244226
1.2,2,S0R1-S0R0,util_assistant,50,0.08787428142467359,0.006341506533497668,0.08607204542141123,0.08967651742793595
1.2,2,S1R1-S0R0,util_assistant,50,0.08815034842884013,0.0068778465573432895,0.08619568629531058,0.09010501056236969
1.2,2,S_main,util_assistant,50,-1.2064266170820348e-05,0.0018790204685748292,-0.0005460759117386877,0.0005219473793970471
1.2,2,R_main,util_assistant,50,0.08816241269501096,0.006170846609476241,0.08640867769979152,0.0899161476902304
1.2,2,SxR,util_assistant,50,0.0005762625406746946,0.003186555276786982,-0.00032934634198991783,0.001481871423339307
1.2,2,S1R0-S0R0,overtime_assistant_minutes,50,0.43228157257174643,3.0535690666647266,-0.4355330518115375,1.3000961969550304
1.2,2,S0R1-S0R0,overtime_assistant_minutes,50,-126.53896525153,9.131769408236647,-129.1341850962278,-123.94374540683219
1.2,2,S1R1-S0R0,overtime_assistant_minutes,50,-126.93650173752981,9.904099042574321,-129.75121520981236,-124.12178826524725
1.2,2,S_main,overtime_assistant_minutes,50,0.017372543285969187,2.7057894747477436,-0.7516042263317569,0.7863493129036953
1.2,2,R_main,overtime_assistant_minutes,50,-126.95387428081578,8.88601911764578,-129.47925267393177,-124.4284958876998
1.2,2,SxR,overtime_assistant_minutes,50,-0.8298180585715546,4.588639598573255,-2.1338948496085965,0.47425873246548755
1.2,2,S1R0-S0R0,util_frontdesk,50,-0.00011198959224668514,0.00046465355096178773,-0.00024404265474272882,2.006347024935855e-05
1.2,2,S0R1-S0R0,util_frontdesk,50,0.012547664930213134,0.0013092338002519352,0.012175584844978146,0.012919745015448122
1.2,2,S1R1-S0R0,util_frontdesk,50,0.012714604955518863,0.0013954764030821713,0.012318014996641913,0.013111194914395812
1.2,2,S_main,util_frontdesk,50,2.7475216529521672e-05,0.0003613931895328536,-7.523157941391692e-05,0.00013018201247296025
1.2,2,R_main,util_frontdesk,50,0.012687129738989342,0.0012885890011872627,0.01232091684003855,0.013053342637940134
1.2,2,SxR,util_frontdesk,50,0.00027892961755241364,0.0006896528365253822,8.293247315579286e-05,0.00047492676194903444
1.2,2,S1R0-S0R0,overtime_frontdesk_minutes,50,0.05375500427840379,0.22303370446166418,-0.00963046571969891,0.11714047427650648
1.2,2,S0R1-S0R0,overtime_frontdesk_minutes,50,-6.022879166502306,0.6284322241209361,-6.201477607415102,-5.84428072558951
1.2,2,S1R1-S0R0,overtime_frontdesk_minutes,50,-6.103010378649055,0.6698286734794414,-6.29337355890999,-5.912647198388119
1.2,2,S_main,overtime_frontdesk_minutes,50,-0.013188103934171807,0.17346873097577042,-0.06248736598702253,0.03611115811867891
1.2,2,R_main,overtime_frontdesk_minutes,50,-6.089822274714882,0.6185227205698894,-6.265604466211263,-5.9140400832185005
1.2,2,SxR,overtime_frontdesk_minutes,50,-0.1338862164251512,0.3310333615321893,-0.22796484573553083,-0.03980758711477156
1.2,2,S1R0-S0R0,util_sterilizer,50,-0.00021700733459746767,0.0029586150640069867,-0.0010578363331929844,0.0006238216639980491
1.2,2,S0R1-S0R0,util_sterilizer,50,0.04924450859216663,0.008975063627503468,0.046693824032336045,0.05179519315199721
1.2,2,S1R1-S0R0,util_sterilizer,50,0.049574326985475745,0.009441563580523716,0.04689106462155204,0.05225758934939945
1.2,2,S_main,util_sterilizer,50,5.640552935581744e-05,0.002502787438367386,-0.0006548787066710828,0.0007676897653827177
1.2,2,R_main,util_sterilizer,50,0.04951792145611991,0.008981353297671423,0.04696544939201642,0.052070393520223406
1.2,2,SxR,util_sterilizer,50,0.0005468257279065702,0.004184236756535657,-0.0006423210606315555,0.001735972516444696
1.2,2,S1R0-S0R0,overtime_sterilizer_minutes,50,0.529496853940127,2.343252034330244,-0.1364479272692185,1.1954416351494725
1.2,2,S0R1-S0R0,overtime_sterilizer_minutes,50,-52.73403079090664,6.441897928647597,-54.5647977096228,-50.90326387219047
1.2,2,S1R1-S0R0,overtime_sterilizer_minutes,50,-53.02767695302833,6.353412989492033,-54.833296733245106,-51.22205717281156
1.2,2,S_main,overtime_sterilizer_minutes,50,0.11792534590921946,1.6581974706059437,-0.35332910542008056,0.5891797972385195
1.2,2,R_main,overtime_sterilizer_minutes,50,-53.14560229893755,6.121872166758421,-54.88541891317929,-51.40578568469581
1.2,2,SxR,overtime_sterilizer_minutes,50,-0.8231430160618152,3.0205341137891906,-1.6815692118242538,0.03528317970062356
1.2,4,S1R0-S0R0,scheduled,50,0.0,0.0,0.0,0.0
1.2,4,S0R1-S0R0,scheduled,50,0.0,0.0,0.0,0.0
1.2,4,S1R1-S0R0,scheduled,50,0.0,0.0,0.0,0.0
1.2,4,S_main,scheduled,50,0.0,0.0,0.0,0.0
1.2,4,R_main,scheduled,50,0.0,0.0,0.0,0.0
1.2,4,SxR,scheduled,50,0.0,0.0,0.0,0.0
1.2,4,S1R0-S0R0,attended,50,0.0,0.0,0.0,0.0
1.2,4,S0R1-S0R0,attended,50,0.0,0.0,0.0,0.0
1.2,4,S1R1-S0R0,attended,50,0.0,0.0,0.0,0.0
1.2,4,S_main,attended,50,0.0,0.0,0.0,0.0
1.2,4,R_main,attended,50,0.0,0.0,0.0,0.0
1.2,4,SxR,attended,50,0.0,0.0,0.0,0.0
1.2,4,S1R0-S0R0,completed,50,0.0,0.0,0.0,0.0
1.2,4,S0R1-S0R0,completed,50,0.0,0.0,0.0,0.0
1.2,4,S1R1-S0R0,completed,50,0.0,0.0,0.0,0.0
1.2,4,S_main,completed,50,0.0,0.0,0.0,0.0
1.2,4,R_main,completed,50,0.0,0.0,0.0,0.0
1.2,4,SxR,completed,50,0.0,0.0,0.0,0.0
1.2,4,S1R0-S0R0,mean_wait,50,-0.16315843124947038,0.5864042148345969,-0.32981264548975864,0.0034957829908178473
1.2,4,S0R1-S0R0,mean_wait,50,-2.678088411935444,0.7201328776694252,-2.8827478871584296,-2.473428936712458
1.2,4,S1R1-S0R0,mean_wait,50,-2.8921812814922703,0.8586706642650425,-3.1362127553871852,-2.6481498075973553
1.2,4,S_main,mean_wait,50,-0.18862565040314863,0.5530970032029665,-0.3458140609493586,-0.03143723985693861
1.2,4,R_main,mean_wait,50,-2.7035556310891224,0.7144503473737844,-2.9066001492613927,-2.5005111129168522
1.2,4,SxR,mean_wait,50,-0.050934438307356514,0.24867869727861663,-0.12160813376323928,0.019739257148526257
1.2,4,S1R0-S0R0,p90_wait,50,-0.3426911713195102,0.9036101557952152,-0.599494305887825,-0.08588803675119533
1.2,4,S0R1-S0R0,p90_wait,50,-4.270314153734834,1.4348267694584875,-4.678087361678918,-3.86254094579075
1.2,4,S1R1-S0R0,p90_wait,50,-4.736943651407081,1.8149626201049818,-5.252750260018185,-4.221137042795978
1.2,4,S_main,p90_wait,50,-0.40466033449587885,0.860852827539943,-0.6493119722585196,-0.16000869673323811
1.2,4,R_main,p90_wait,50,-4.3322833169112025,1.3995693992632046,-4.730036492295099,-3.934530141527306
1.2,4,SxR,p90_wait,50,-0.12393832635273724,0.6543412277334004,-0.30990002375236114,0.06202337104688663
1.2,4,S1R0-S0R0,post_registration_wait,50,-0.16630883259019952,0.5914307575924708,-0.3343915743077245,0.0017739091273254737
1.2,4,S0R1-S0R0,post_registration_wait,50,-2.681656806458495,0.7217964941547439,-2.8867890761995696,-2.4765245367174202
1.2,4,S1R1-S0R0,post_registration_wait,50,-2.898880043700949,0.8672460781278182,-3.1453486229626617,-2.6524114644392367
1.2,4,S_main,post_registration_wait,50,-0.1917660349163269,0.5570004197221806,-0.35006378403208604,-0.033468285800567765
1.2,4,R_main,post_registration_wait,50,-2.7071140087846226,0.714573628714758,-2.9101935631222045,-2.5040344544470408
1.2,4,SxR,post_registration_wait,50,-0.05091440465225475,0.24845671139800204,-0.12152501242634674,0.019696203121837244
1.2,4,S1R0-S0R0,registration_elapsed,50,0.0031504013407295784,0.032206134019366936,-0.006002479595211385,0.012303282276670543
1.2,4,S0R1-S0R0,registration_elapsed,50,0.00356839452305306,0.012074642208563682,0.00013681958106804724,0.006999969465038072
1.2,4,S1R1-S0R0,registration_elapsed,50,0.0066987622086789236,0.029400134997998057,-0.001656662722964478,0.015054187140322325
1.2,4,S_main,registration_elapsed,50,0.0031403845131777208,0.030525899244527768,-0.005534979039606284,0.011815748065961725
1.2,4,R_main,registration_elapsed,50,0.0035583776955012024,0.009693147562120226,0.0008036159635515816,0.006313139427450824
1.2,4,SxR,registration_elapsed,50,-2.003365510371502e-05,0.018479985861334532,-0.005271986906771648,0.005231919596564218
1.2,4,S1R0-S0R0,mean_los,50,-0.1677343319202589,0.5862794730680637,-0.33435309494693266,-0.0011155688935851615
1.2,4,S0R1-S0R0,mean_los,50,-2.676024021368607,0.7218523060047443,-2.8811721526600795,-2.470875890077134
1.2,4,S1R1-S0R0,mean_los,50,-2.8897503740711374,0.8593810158448977,-3.133983727627522,-2.645517020514753
1.2,4,S_main,mean_los,50,-0.19073034231139474,0.5526394073042341,-0.3477887055574428,-0.03367197906534666
1.2,4,R_main,mean_los,50,-2.699020031759743,0.7165322398833417,-2.9026562171668924,-2.4953838463525932
1.2,4,SxR,mean_los,50,-0.04599202078227165,0.25141235009604834,-0.11744261168121212,0.02545857011666882
1.2,4,S1R0-S0R0,completed_by_close,50,0.003999999999999702,0.05497474167490245,-0.011623646872112044,0.019623646872111447
1.2,4,S0R1-S0R0,completed_by_close,50,0.18999999999999992,0.08116219309075873,0.16693396266025443,0.2130660373397454
1.2,4,S1R1-S0R0,completed_by_close,50,0.1926666666666666,0.09765736762399028,0.1649127531468914,0.22042058018644178
1.2,4,S_main,completed_by_close,50,0.0033333333333331796,0.049257525870421974,-0.01066549897668235,0.01733216564334871
1.2,4,R_main,completed_by_close,50,0.1893333333333334,0.08030271525357967,0.16651155686345978,0.21215510980320704
1.2,4,SxR,completed_by_close,50,-0.0013333333333330445,0.06279939627365566,-0.01918072217534978,0.016514055508683692
1.2,4,S1R0-S0R0,overtime,50,-0.2719911217957457,0.8459665503847419,-0.5124121269000537,-0.031570116691437666
1.2,4,S0R1-S0R0,overtime,50,-5.791460683266885,1.7111906248048638,-6.277775620605185,-5.305145745928584
1.2,4,S1R1-S0R0,overtime,50,-6.098033660004923,1.7802811306030282,-6.6039838995187115,-5.592083420491134
1.2,4,S_main,overtime,50,-0.2892820492668926,0.7706012045465245,-0.5082844625980183,-0.07027963593576686
1.2,4,R_main,overtime,50,-5.808751610738031,1.6439850196789227,-6.2759669286816,-5.341536292794461
1.2,4,SxR,overtime,50,-0.03458185494229383,0.7144622105725269,-0.23762974459794467,0.16846603471335703
1.2,4,S1R0-S0R0,reprocessing_overtime,50,-0.28161754325521715,0.9947535330528916,-0.564323335982919,0.0010882494724845926
1.2,4,S0R1-S0R0,reprocessing_overtime,50,-5.487810892101033,2.0870208356057165,-6.080935580945715,-4.8946862032563505
1.2,4,S1R1-S0R0,reprocessing_overtime,50,-5.940880331224167,1.8016388836385704,-6.452900376274876,-5.4288602861734585
1.2,4,S_main,reprocessing_overtime,50,-0.36734349118917575,0.9131688958266773,-0.6268631892963796,-0.10782379308197187
1.2,4,R_main,reprocessing_overtime,50,-5.573536840034991,1.7959820879239818,-6.083949241721133,-5.063124438348848
1.2,4,SxR,reprocessing_overtime,50,-0.1714518958679156,1.230948478558486,-0.5212835414714623,0.17837974973563114
1.2,4,S1R0-S0R0,bypass_events,50,0.0,0.0,0.0,0.0
1.2,4,S0R1-S0R0,bypass_events,50,1.9273333333333336,0.5895034229877598,1.759798333985322,2.094868332681345
1.2,4,S1R1-S0R0,bypass_events,50,1.9419999999999995,0.5853002795433812,1.775659520661125,2.108340479338874
1.2,4,S_main,bypass_events,50,0.007333333333333336,0.07183692795273944,-0.013082493290247176,0.02774915995691385
1.2,4,R_main,bypass_events,50,1.9346666666666663,0.5829964041537785,1.76898094139171,2.1003523919416227
1.2,4,SxR,bypass_events,50,0.014666666666666672,0.14367385590547888,-0.02616498658049435,0.0554983199138277
1.2,4,S1R0-S0R0,max_bypasses,50,0.0,0.0,0.0,0.0
1.2,4,S0R1-S0R0,max_bypasses,50,0.7153333333333333,0.13182995988012539,0.6778676776962094,0.7527989889704572
1.2,4,S1R1-S0R0,max_bypasses,50,0.7093333333333334,0.1314561737750752,0.6719739065193577,0.746692760147309
1.2,4,S_main,max_bypasses,50,-0.003000000000000003,0.02644679766202259,-0.010516095846581617,0.004516095846581612
1.2,4,R_main,max_bypasses,50,0.7123333333333335,0.1289592915078753,0.6756835125245059,0.7489831541421611
1.2,4,SxR,max_bypasses,50,-0.006000000000000006,0.05289359532404518,-0.021032191693163234,0.009032191693163223
1.2,4,S1R0-S0R0,kit_unavailable_wait,50,0.07850735020578545,0.22903155906480968,0.013417308990887097,0.14359739142068378
1.2,4,S0R1-S0R0,kit_unavailable_wait,50,-0.4902438329304233,0.37553243725334373,-0.5969689581409388,-0.38351870771990787
1.2,4,S1R1-S0R0,kit_unavailable_wait,50,-0.4522881278046543,0.4185345046294982,-0.5712343039012081,-0.3333419517081006
1.2,4,S_main,kit_unavailable_wait,50,0.058231527665777195,0.21790661972378608,-0.0036968411438979,0.12015989647545229
1.2,4,R_main,kit_unavailable_wait,50,-0.5105196554704315,0.3684125646068638,-0.6152213355020533,-0.4058179754388099
1.2,4,SxR,kit_unavailable_wait,50,-0.04055164508001656,0.2140154567869312,-0.10137415774930665,0.02027086758927353
1.2,4,S1R0-S0R0,mean_cycle_queue,50,-0.032212719495156535,0.1960500121506627,-0.08792950989371018,0.023504070903397102
1.2,4,S0R1-S0R0,mean_cycle_queue,50,0.07451257367456118,0.18260840271216502,0.02261584596046408,0.1264093013886583
1.2,4,S1R1-S0R0,mean_cycle_queue,50,0.030112461079226698,0.2908859242488739,-0.052556394145372526,0.11278131630382593
1.2,4,S_main,mean_cycle_queue,50,-0.03830641604524551,0.2018507536310149,-0.09567175873753021,0.01905892664703919
1.2,4,R_main,mean_cycle_queue,50,0.06841887712447221,0.18870856034569408,0.014788503997467506,0.12204925025147692
1.2,4,SxR,mean_cycle_queue,50,-0.012187393100177957,0.1355050856372997,-0.05069750779779629,0.02632272159744038
1.2,4,S1R0-S0R0,wait_routine,50,-0.4473059152468582,0.6168028556637376,-0.6225993266027097,-0.27201250389100673
1.2,4,S0R1-S0R0,wait_routine,50,-0.5242199208904518,0.6748652899246929,-0.7160144915385624,-0.3324253502423411
1.2,4,S1R1-S0R0,wait_routine,50,-0.9689958456683166,0.9012519976431186,-1.2251287991841253,-0.7128628921525081
1.2,4,S_main,wait_routine,50,-0.44604092001236156,0.6236258647467455,-0.6232734088658122,-0.26880843115891095
1.2,4,R_main,wait_routine,50,-0.5229549256559551,0.6592556409980077,-0.7103132836871814,-0.3355965676247289
1.2,4,SxR,wait_routine,50,0.0025299904689933326,0.21006269055871066,-0.05716915860028333,0.062229139538269994
1.2,4,S1R0-S0R0,count_routine,50,0.0,0.0,0.0,0.0
1.2,4,S0R1-S0R0,count_routine,50,0.0,0.0,0.0,0.0
1.2,4,S1R1-S0R0,count_routine,50,0.0,0.0,0.0,0.0
1.2,4,S_main,count_routine,50,0.0,0.0,0.0,0.0
1.2,4,R_main,count_routine,50,0.0,0.0,0.0,0.0
1.2,4,SxR,count_routine,50,0.0,0.0,0.0,0.0
1.2,4,S1R0-S0R0,wait_restorative,50,0.0701490787455083,0.641447340284655,-0.11214821681846457,0.25244637430948114
1.2,4,S0R1-S0R0,wait_restorative,50,-5.844779124499855,1.6714527813968163,-6.319800693030021,-5.369757555969689
1.2,4,S1R1-S0R0,wait_restorative,50,-5.8970527919125235,1.7920523528825723,-6.406348375388751,-5.387757208436296
1.2,4,S_main,wait_restorative,50,0.008937705666420043,0.5855826422444903,-0.15748302025474994,0.17535843158759004
1.2,4,R_main,wait_restorative,50,-5.9059904975789435,1.6581650425267283,-6.377235732951188,-5.4347452622066985
1.2,4,SxR,wait_restorative,50,-0.1224227461581765,0.46176308890841045,-0.2536543485246527,0.008808856208299687
1.2,4,S1R0-S0R0,count_restorative,50,0.0,0.0,0.0,0.0
1.2,4,S0R1-S0R0,count_restorative,50,0.0,0.0,0.0,0.0
1.2,4,S1R1-S0R0,count_restorative,50,0.0,0.0,0.0,0.0
1.2,4,S_main,count_restorative,50,0.0,0.0,0.0,0.0
1.2,4,R_main,count_restorative,50,0.0,0.0,0.0,0.0
1.2,4,SxR,count_restorative,50,0.0,0.0,0.0,0.0
1.2,4,S1R0-S0R0,wait_impression,50,-0.1850608211602392,0.813247420451426,-0.4161831535201832,0.04606151119970478
1.2,4,S0R1-S0R0,wait_impression,50,-6.17796885443428,2.747847386063543,-6.958898348786256,-5.397039360082303
1.2,4,S1R1-S0R0,wait_impression,50,-6.508647032217882,2.7777552789252598,-7.298076254672697,-5.719217809763068
1.2,4,S_main,wait_impression,50,-0.25786949947192056,0.8045748554813636,-0.4865271164291261,-0.029211882514715015
1.2,4,R_main,wait_impression,50,-6.250777532745961,2.724925152062054,-7.025192601042478,-5.476362464449445
1.2,4,SxR,wait_impression,50,-0.14561735662336248,0.7305605816513335,-0.3532403521783525,0.06200563893162753
1.2,4,S1R0-S0R0,count_impression,50,0.0,0.0,0.0,0.0
1.2,4,S0R1-S0R0,count_impression,50,0.0,0.0,0.0,0.0
1.2,4,S1R1-S0R0,count_impression,50,0.0,0.0,0.0,0.0
1.2,4,S_main,count_impression,50,0.0,0.0,0.0,0.0
1.2,4,R_main,count_impression,50,0.0,0.0,0.0,0.0
1.2,4,SxR,count_impression,50,0.0,0.0,0.0,0.0
1.2,4,S1R0-S0R0,wait_complex,50,1.115601431404605,1.0711656720066314,0.8111795516270393,1.4200233111821707
1.2,4,S0R1-S0R0,wait_complex,50,-5.810208641565879,2.9844115391149844,-6.658368916404874,-4.962048366726884
1.2,4,S1R1-S0R0,wait_complex,50,-4.874764044939061,3.0326265834617168,-5.736626882152087,-4.012901207726036
1.2,4,S_main,wait_complex,50,1.0255230140157108,1.0833201649426312,0.7176468659731916,1.33339916205823
1.2,4,R_main,wait_complex,50,-5.900287058954773,2.9227810021562344,-6.730932131054367,-5.06964198685518
1.2,4,SxR,wait_complex,50,-0.18015683477778852,0.9975607597683583,-0.46366043241654875,0.10334676286097169
1.2,4,S1R0-S0R0,count_complex,50,0.0,0.0,0.0,0.0
1.2,4,S0R1-S0R0,count_complex,50,0.0,0.0,0.0,0.0
1.2,4,S1R1-S0R0,count_complex,50,0.0,0.0,0.0,0.0
1.2,4,S_main,count_complex,50,0.0,0.0,0.0,0.0
1.2,4,R_main,count_complex,50,0.0,0.0,0.0,0.0
1.2,4,SxR,count_complex,50,0.0,0.0,0.0,0.0
1.2,4,S1R0-S0R0,util_chair,50,0.00021019066888974702,0.000711504294392754,7.983409612013424e-06,0.0004123979281674806
1.2,4,S0R1-S0R0,util_chair,50,0.005360961093551917,0.0016155604665557743,0.004901823943271596,0.005820098243832238
1.2,4,S1R1-S0R0,util_chair,50,0.005661820278418839,0.0017245325446306992,0.0051717136098671825,0.006151926946970495
1.2,4,S_main,util_chair,50,0.00025552492687833437,0.000628136405821136,7.701055658621933e-05,0.0004340392971704494
1.2,4,R_main,util_chair,50,0.005406295351540504,0.001591378874707952,0.004954030532813283,0.005858560170267726
1.2,4,SxR,util_chair,50,9.066851597717473e-05,0.0006007802940707076,-8.007133429426982e-05,0.0002614083662486193
1.2,4,S1R0-S0R0,overtime_chair_minutes,50,-0.40356608426832735,1.3660882452341006,-0.7918040220815795,-0.015328146455075187
1.2,4,S0R1-S0R0,overtime_chair_minutes,50,-10.293045299619699,3.1018760957871105,-11.174588628157922,-9.411501971081476
1.2,4,S1R1-S0R0,overtime_chair_minutes,50,-10.870694934564185,3.311102485690955,-11.811699738183368,-9.929690130945001
1.2,4,S_main,overtime_chair_minutes,50,-0.4906078596064071,1.2060218991765932,-0.8333554505672714,-0.1478602686455428
1.2,4,R_main,overtime_chair_minutes,50,-10.380087074957778,3.0554474394392774,-11.248435526914047,-9.51173862300151
1.2,4,SxR,overtime_chair_minutes,50,-0.17408355067615958,1.1534981646157532,-0.5019040631973315,0.15373696184501237
1.2,4,S1R0-S0R0,util_dentist,50,0.00032887835145771314,0.0012185882954108946,-1.744056937643719e-05,0.0006751972722918635
1.2,4,S0R1-S0R0,util_dentist,50,0.009020085955813315,0.002811789990140767,0.008220984176594706,0.009819187735031923
1.2,4,S1R1-S0R0,util_dentist,50,0.009520745953396414,0.0030399147752159543,0.008656811835248995,0.010384680071543834
1.2,4,S_main,util_dentist,50,0.0004147691745204063,0.0010848480635988517,0.00010645880253551133,0.0007230795465053013
1.2,4,R_main,util_dentist,50,0.009105976778876009,0.002772628354773108,0.008318004611971668,0.00989394894578035
1.2,4,SxR,util_dentist,50,0.00017178164612538627,0.0010116157379200133,-0.00011571633163679984,0.0004592796238875724
1.2,4,S1R0-S0R0,overtime_dentist_minutes,50,-0.3157232173994066,1.1698447635944496,-0.6481893814001883,0.016742946601375097
1.2,4,S0R1-S0R0,overtime_dentist_minutes,50,-8.659282517580788,2.6993183905351255,-9.426420225630649,-7.892144809530928
1.2,4,S1R1-S0R0,overtime_dentist_minutes,50,-9.13991611526056,2.918318184207309,-9.96929286868208,-8.310539361839039
1.2,4,S_main,overtime_dentist_minutes,50,-0.39817840753958933,1.041454141054896,-0.6941563646450881,-0.10220045043409054
1.2,4,R_main,overtime_dentist_minutes,50,-8.74173770772097,2.661723220582181,-9.498190987949135,-7.985284427492805
1.2,4,SxR,overtime_dentist_minutes,50,-0.16491038028036542,0.9711511084032005,-0.4409084389320606,0.11108767837132977
1.2,4,S1R0-S0R0,util_assistant,50,0.0003019423652438191,0.0011182439993036976,-1.5859025534793313e-05,0.0006197437560224316
1.2,4,S0R1-S0R0,util_assistant,50,0.008099454245252382,0.0024656368070167865,0.007398728100589151,0.008800180389915611
1.2,4,S1R1-S0R0,util_assistant,50,0.008520805981616742,0.0026326553852408147,0.007772613687813867,0.009268998275419618
1.2,4,S_main,util_assistant,50,0.0003616470508040892,0.0009996049774065527,7.756249300915839e-05,0.00064573160859902
1.2,4,R_main,util_assistant,50,0.008159158930812652,0.0024198147733105026,0.007471455262504519,0.008846862599120786
1.2,4,SxR,util_assistant,50,0.00011940937112054018,0.0008760685641945512,-0.0001295665306431295,0.00036838527288420985
1.2,4,S1R0-S0R0,overtime_assistant_minutes,50,-0.4347970059510874,1.610271358997329,-0.8924310086722906,0.022836996770115803
1.2,4,S0R1-S0R0,overtime_assistant_minutes,50,-11.663214113163422,3.550517002104158,-12.672259761478468,-10.654168464848375
1.2,4,S1R1-S0R0,overtime_assistant_minutes,50,-12.269960613528077,3.791023754746771,-13.347357516604218,-11.192563710451937
1.2,4,S_main,overtime_assistant_minutes,50,-0.520771753157872,1.4394311674654499,-0.9298535163825765,-0.11168998993316759
1.2,4,R_main,overtime_assistant_minutes,50,-11.749188860370204,3.4845332735671164,-12.739482142733914,-10.758895578006493
1.2,4,SxR,overtime_assistant_minutes,50,-0.1719494944135738,1.261538732440122,-0.5304747929532491,0.1865758041261015
1.2,4,S1R0-S0R0,util_frontdesk,50,2.1705903397617465e-05,0.0003436689724269062,-7.596372637257132e-05,0.00011937553316780625
1.2,4,S0R1-S0R0,util_frontdesk,50,0.0011228651461050487,0.0004763124537861082,0.0009874986604787857,0.0012582316317313116
1.2,4,S1R1-S0R0,util_frontdesk,50,0.0011487622083081806,0.0005464467773084928,0.0009934637708265,0.0013040606457898612
1.2,4,S_main,util_frontdesk,50,2.3801482800374642e-05,0.0002825819580862487,-5.6507411631138226e-05,0.00010411037723188751
1.2,4,R_main,util_frontdesk,50,0.001124960725507806,0.00046030972326348,0.0009941421650387656,0.0012557792859768462
1.2,4,SxR,util_frontdesk,50,4.19115880551435e-06,0.00035454469701384094,-9.656931732879996e-05,0.00010495163493982867
1.2,4,S1R0-S0R0,overtime_frontdesk_minutes,50,-0.010418833630863987,0.16496110676490783,-0.05730025592055258,0.0364625886588246
1.2,4,S0R1-S0R0,overtime_frontdesk_minutes,50,-0.5389752701304298,0.22862997781732738,-0.6039511832310347,-0.4739993570298249
1.2,4,S1R1-S0R0,overtime_frontdesk_minutes,50,-0.5514058599879318,0.2622944531080766,-0.6259491099791384,-0.47686260999672514
1.2,4,S_main,overtime_frontdesk_minutes,50,-0.011424711744182971,0.13563933988139532,-0.049972981071307994,0.027123557582942055
1.2,4,R_main,overtime_frontdesk_minutes,50,-0.5399811482437488,0.22094866716646733,-0.6027740572688872,-0.4771882392186103
1.2,4,SxR,overtime_frontdesk_minutes,50,-0.0020117562266380416,0.170181454566638,-0.05037678477110731,0.04635327231783122
1.2,4,S1R0-S0R0,util_sterilizer,50,-0.00035267144074997204,0.0015843081835592878,-0.0008029267915236787,9.758391002373453e-05
1.2,4,S0R1-S0R0,util_sterilizer,50,0.0009729109425750804,0.0020072912366540085,0.00040244515236866616,0.0015433767327814947
1.2,4,S1R1-S0R0,util_sterilizer,50,0.0007373917235030402,0.002584391259306146,2.9159409055032857e-06,0.0014718675061005772
1.2,4,S_main,util_sterilizer,50,-0.0002940953299110061,0.0014934036823243601,-0.0007185159103318337,0.00013032525050982142
1.2,4,R_main,util_sterilizer,50,0.0010314870534140464,0.0020280152787415964,0.0004551315563081621,0.0016078425505199308
1.2,4,SxR,util_sterilizer,50,0.00011715222167793193,0.0013502110671395977,-0.00026657347257916025,0.0005008779159350241
1.2,4,S1R0-S0R0,overtime_sterilizer_minutes,50,-0.3333843751066854,1.1972288809493907,-0.6736330182319372,0.006864268018566433
1.2,4,S0R1-S0R0,overtime_sterilizer_minutes,50,-5.10699725243604,2.206246922182461,-5.734005616180632,-4.479988888691448
1.2,4,S1R1-S0R0,overtime_sterilizer_minutes,50,-5.419281360614788,1.9753739553319296,-5.9806763609038445,-4.857886360325731
1.2,4,S_main,overtime_sterilizer_minutes,50,-0.3228342416427168,1.0696671745986897,-0.6268302532192292,-0.01883823006620433
1.2,4,R_main,overtime_sterilizer_minutes,50,-5.096447118972072,1.981769685088545,-5.659659765332078,-4.533234472612065
1.2,4,SxR,overtime_sterilizer_minutes,50,0.02110026692793838,1.3658724789785524,-0.36707635080120066,0.4092768846570774
1.5,1,S1R0-S0R0,scheduled,50,0.0,0.0,0.0,0.0
1.5,1,S0R1-S0R0,scheduled,50,0.0,0.0,0.0,0.0
1.5,1,S1R1-S0R0,scheduled,50,0.0,0.0,0.0,0.0
1.5,1,S_main,scheduled,50,0.0,0.0,0.0,0.0
1.5,1,R_main,scheduled,50,0.0,0.0,0.0,0.0
1.5,1,SxR,scheduled,50,0.0,0.0,0.0,0.0
1.5,1,S1R0-S0R0,attended,50,0.0,0.0,0.0,0.0
1.5,1,S0R1-S0R0,attended,50,0.0,0.0,0.0,0.0
1.5,1,S1R1-S0R0,attended,50,0.0,0.0,0.0,0.0
1.5,1,S_main,attended,50,0.0,0.0,0.0,0.0
1.5,1,R_main,attended,50,0.0,0.0,0.0,0.0
1.5,1,SxR,attended,50,0.0,0.0,0.0,0.0
1.5,1,S1R0-S0R0,completed,50,0.0,0.0,0.0,0.0
1.5,1,S0R1-S0R0,completed,50,0.0,0.0,0.0,0.0
1.5,1,S1R1-S0R0,completed,50,0.0,0.0,0.0,0.0
1.5,1,S_main,completed,50,0.0,0.0,0.0,0.0
1.5,1,R_main,completed,50,0.0,0.0,0.0,0.0
1.5,1,SxR,completed,50,0.0,0.0,0.0,0.0
1.5,1,S1R0-S0R0,mean_wait,50,0.28369839318226925,2.6872915115306824,-0.4800213140764242,1.0474181004409626
1.5,1,S0R1-S0R0,mean_wait,50,-140.57702722626345,7.798768996725107,-142.7934125903375,-138.3606418621894
1.5,1,S1R1-S0R0,mean_wait,50,-140.70996696729222,8.185236260843986,-143.03618509962067,-138.38374883496377
1.5,1,S_main,mean_wait,50,0.07537932607675202,1.7960148712469493,-0.4350423925255914,0.5858010446790954
1.5,1,R_main,mean_wait,50,-140.78534629336895,7.718801404263121,-142.97900512180547,-138.59168746493242
1.5,1,SxR,mean_wait,50,-0.4166381342110344,2.7206204089852193,-1.1898298082057577,0.3565535397836889
1.5,1,S1R0-S0R0,p90_wait,50,0.46086276890389855,4.7063691697221985,-0.8766723921044565,1.7983979299122534
1.5,1,S0R1-S0R0,p90_wait,50,-187.0619314162108,15.356257179481666,-191.426130903829,-182.6977319285926
1.5,1,S1R1-S0R0,p90_wait,50,-186.98784341568472,16.271309469907457,-191.6120978561697,-182.36358897519975
1.5,1,S_main,p90_wait,50,0.2674753847149623,3.15027099640174,-0.6278216207770373,1.162772390206962
1.5,1,R_main,p90_wait,50,-187.25531880039972,15.485150900500388,-191.65614947390213,-182.8544881268973
1.5,1,SxR,p90_wait,50,-0.38677476837787256,4.401744681016291,-1.6377366178046389,0.8641870810488936
1.5,1,S1R0-S0R0,post_registration_wait,50,0.27814287741111454,2.6847305892486197,-0.48484902387372864,1.0411347786959577
1.5,1,S0R1-S0R0,post_registration_wait,50,-140.61259455194363,7.798244874179921,-142.82883096205603,-138.39635814183123
1.5,1,S1R1-S0R0,post_registration_wait,50,-140.7572369278856,8.1869210315735,-143.0839338667011,-138.4305399890701
1.5,1,S_main,post_registration_wait,50,0.06675025073456481,1.7933428176708432,-0.4429120787333409,0.5764125802024704
1.5,1,R_main,post_registration_wait,50,-140.82398717862017,7.721136408845091,-143.01830960793816,-138.62966474930218
1.5,1,SxR,post_registration_wait,50,-0.4227852533530995,2.721289712420193,-1.1961671412569697,0.35059663455077067
1.5,1,S1R0-S0R0,registration_elapsed,50,0.005555515771170363,0.019993953843261136,-0.00012670236951120052,0.011237733911851927
1.5,1,S0R1-S0R0,registration_elapsed,50,0.03556732568017632,0.01939286120008073,0.03005593615839052,0.04107871520196212
1.5,1,S1R1-S0R0,registration_elapsed,50,0.04726996059339132,0.026918557041699404,0.039619792230375456,0.05492012895640719
1.5,1,S_main,registration_elapsed,50,0.008629075342192682,0.020597780919045405,0.0027752514655594723,0.014482899218825892
1.5,1,R_main,registration_elapsed,50,0.038640885251198645,0.01518624116755999,0.034325003773851,0.04295676672854629
1.5,1,SxR,registration_elapsed,50,0.0061471191420446394,0.028676488648192125,-0.0020026477967605323,0.014296886080849811
1.5,1,S1R0-S0R0,mean_los,50,0.2792195199119487,2.6874338125475794,-0.48454062884350857,1.042979668667406
1.5,1,S0R1-S0R0,mean_los,50,-140.5557101068431,7.795663141931218,-142.77121279685525,-138.34020741683094
1.5,1,S1R1-S0R0,mean_los,50,-140.6959332521172,8.182974850913348,-143.0215086989302,-138.37035780530417
1.5,1,S_main,mean_los,50,0.06949818731893175,1.7947701530587616,-0.44056978633009214,0.5795661609679557
1.5,1,R_main,mean_los,50,-140.76543143943607,7.716751236289892,-142.9585076166501,-138.57235526222203
1.5,1,SxR,mean_los,50,-0.419442665186034,2.7251923298680776,-1.1939336645659209,0.35504833419385284
1.5,1,S1R0-S0R0,completed_by_close,50,0.003999999999999808,0.060474315681476355,-0.013186608326917315,0.021186608326916934
1.5,1,S0R1-S0R0,completed_by_close,50,2.4219999999999997,0.19443621621722348,2.3667418452770224,2.477258154722977
1.5,1,S1R1-S0R0,completed_by_close,50,2.43,0.2004812803335322,2.37302385726662,2.4869761427333805
1.5,1,S_main,completed_by_close,50,0.005999999999999872,0.052786310325908706,-0.009001701637648922,0.021001701637648668
1.5,1,R_main,completed_by_close,50,2.424,0.19258240277712418,2.3692686931652065,2.4787313068347934
1.5,1,SxR,completed_by_close,50,0.004000000000000128,0.08210385547524693,-0.019333654796776734,0.02733365479677699
1.5,1,S1R0-S0R0,overtime,50,0.9675513026457339,4.387141656063789,-0.27926041349852015,2.214363018789988
1.5,1,S0R1-S0R0,overtime,50,-165.35834939976942,17.062750650709837,-170.20752890860717,-160.50916989093167
1.5,1,S1R1-S0R0,overtime,50,-164.61524870183663,17.380495684329283,-169.55473033942278,-159.6757670642505
1.5,1,S_main,overtime,50,0.8553260002892512,2.83838906016732,0.048664849901989604,1.661987150676513
1.5,1,R_main,overtime,50,-165.47057470212593,16.93851743794972,-170.2844475267153,-160.65670187753656
1.5,1,SxR,overtime,50,-0.2244506047129653,4.6694532524969725,-1.551494379366151,1.1025931699402205
1.5,1,S1R0-S0R0,reprocessing_overtime,50,0.9263184388914033,4.409801632082942,-0.32693317042319714,2.1795700482060036
1.5,1,S0R1-S0R0,reprocessing_overtime,50,-170.05578087352663,16.90767924704647,-174.86088958226628,-165.25067216478698
1.5,1,S1R1-S0R0,reprocessing_overtime,50,-169.35084708683098,17.22465457420102,-174.24603917618788,-164.45565499747408
1.5,1,S_main,reprocessing_overtime,50,0.8156261127935386,2.862844881897186,0.002014695592214233,1.629237529994863
1.5,1,R_main,reprocessing_overtime,50,-170.16647319962448,16.78191123776876,-174.9358390398231,-165.39710735942586
1.5,1,SxR,reprocessing_overtime,50,-0.22138465219572936,4.5802688229266355,-1.5230824953966573,1.0803131910051984
1.5,1,S1R0-S0R0,bypass_events,50,0.0,0.0,0.0,0.0
1.5,1,S0R1-S0R0,bypass_events,50,41.19666666666667,1.0354323644767418,40.90240007932724,41.4909332540061
1.5,1,S1R1-S0R0,bypass_events,50,41.232,0.986943333154008,40.95151384126244,41.51248615873756
1.5,1,S_main,bypass_events,50,0.017666666666666657,0.09656281073598444,-0.00977617726408218,0.0451095105974155
1.5,1,R_main,bypass_events,50,41.214333333333336,1.006858622505804,40.92818731265357,41.5004793540131
1.5,1,SxR,bypass_events,50,0.035333333333333314,0.19312562147196888,-0.01955235452816436,0.090219021194831
1.5,1,S1R0-S0R0,max_bypasses,50,0.0,0.0,0.0,0.0
1.5,1,S0R1-S0R0,max_bypasses,50,2.0,0.0,2.0,2.0
1.5,1,S1R1-S0R0,max_bypasses,50,2.0,0.0,2.0,2.0
1.5,1,S_main,max_bypasses,50,0.0,0.0,0.0,0.0
1.5,1,R_main,max_bypasses,50,2.0,0.0,2.0,2.0
1.5,1,SxR,max_bypasses,50,0.0,0.0,0.0,0.0
1.5,1,S1R0-S0R0,kit_unavailable_wait,50,0.19543186183462125,1.1406663854502548,-0.1287418998276159,0.5196056234968585
1.5,1,S0R1-S0R0,kit_unavailable_wait,50,-22.31735115369855,3.0131202862658317,-23.173670363240287,-21.46103194415681
1.5,1,S1R1-S0R0,kit_unavailable_wait,50,-22.346534066235677,3.0783461887063073,-23.22139026996051,-21.471677862510845
1.5,1,S_main,kit_unavailable_wait,50,0.08312447464874935,0.9906481754103155,-0.19841458848392063,0.3646635377814193
1.5,1,R_main,kit_unavailable_wait,50,-22.42965854088442,3.0043016085069527,-23.28347151023319,-21.575845571535652
1.5,1,SxR,kit_unavailable_wait,50,-0.22461477437174382,1.0002555809606135,-0.508884231629095,0.05965468288560738
1.5,1,S1R0-S0R0,mean_cycle_queue,50,0.011162227697628495,0.0764046814385092,-0.010551739950107194,0.032876195345364186
1.5,1,S0R1-S0R0,mean_cycle_queue,50,0.2773774698879957,0.2167395641340515,0.21578077456797454,0.3389741652080169
1.5,1,S1R1-S0R0,mean_cycle_queue,50,0.267842002878792,0.20774936523691745,0.20880029351412993,0.3268837122434541
1.5,1,S_main,mean_cycle_queue,50,0.0008133803442124066,0.05101397284468828,-0.013684628613831904,0.015311389302256716
1.5,1,R_main,mean_cycle_queue,50,0.2670286225345796,0.20559212337552854,0.2085999944511246,0.3254572506180346
1.5,1,SxR,mean_cycle_queue,50,-0.02069769470683218,0.1042392143668932,-0.05032214815357203,0.00892675873990767
1.5,1,S1R0-S0R0,wait_routine,50,0.9551744728886592,2.696423908512832,0.18885936743075638,1.721489578346562
1.5,1,S0R1-S0R0,wait_routine,50,-71.52154268243633,10.553348918309855,-74.52077090606123,-68.52231445881144
1.5,1,S1R1-S0R0,wait_routine,50,-71.23444735114482,11.111410771451508,-74.39227497989002,-68.07661972239963
1.5,1,S_main,wait_routine,50,0.6211349020900877,1.95816225887549,0.06463141123450089,1.1776383929456746
1.5,1,R_main,wait_routine,50,-71.8555822532349,10.461063737056245,-74.82858332163347,-68.88258118483633
1.5,1,SxR,wait_routine,50,-0.668079141597143,2.638671370472021,-1.417981159283689,0.0818228760894032
1.5,1,S1R0-S0R0,count_routine,50,0.0,0.0,0.0,0.0
1.5,1,S0R1-S0R0,count_routine,50,0.0,0.0,0.0,0.0
1.5,1,S1R1-S0R0,count_routine,50,0.0,0.0,0.0,0.0
1.5,1,S_main,count_routine,50,0.0,0.0,0.0,0.0
1.5,1,R_main,count_routine,50,0.0,0.0,0.0,0.0
1.5,1,SxR,count_routine,50,0.0,0.0,0.0,0.0
1.5,1,S1R0-S0R0,wait_restorative,50,-0.28501062824311246,2.960271855073115,-1.1263104815942757,0.5562892251080507
1.5,1,S0R1-S0R0,wait_restorative,50,-160.3148170587955,15.753144213441963,-164.7918105801426,-155.83782353744843
1.5,1,S1R1-S0R0,wait_restorative,50,-160.46522198772934,15.57047628381782,-164.8903018640031,-156.04014211145557
1.5,1,S_main,wait_restorative,50,-0.21770777858846713,2.3028913763208956,-0.8721821890593175,0.4367666318823833
1.5,1,R_main,wait_restorative,50,-160.2475142091409,15.440258087830548,-164.63558648795365,-155.85944193032813
1.5,1,SxR,wait_restorative,50,0.13460569930929067,3.891041940689166,-0.9712160543499416,1.240427452968523
1.5,1,S1R0-S0R0,count_restorative,50,0.0,0.0,0.0,0.0
1.5,1,S0R1-S0R0,count_restorative,50,0.0,0.0,0.0,0.0
1.5,1,S1R1-S0R0,count_restorative,50,0.0,0.0,0.0,0.0
1.5,1,S_main,count_restorative,50,0.0,0.0,0.0,0.0
1.5,1,R_main,count_restorative,50,0.0,0.0,0.0,0.0
1.5,1,SxR,count_restorative,50,0.0,0.0,0.0,0.0
1.5,1,S1R0-S0R0,wait_impression,50,-0.3352741754277144,2.9333104694010093,-1.1689116886552113,0.4983633377997825
1.5,1,S0R1-S0R0,wait_impression,50,-338.01731955987384,30.723620645552934,-346.7488749064628,-329.2857642132849
1.5,1,S1R1-S0R0,wait_impression,50,-338.6560474719245,29.821308372984248,-347.1311685382334,-330.18092640561565
1.5,1,S_main,wait_impression,50,-0.4870010437391801,3.414232350972685,-1.457315027320655,0.48331293984229484
1.5,1,R_main,wait_impression,50,-338.1690464281853,30.471970175497944,-346.82908351093977,-329.50900934543085
1.5,1,SxR,wait_impression,50,-0.3034537366229256,5.894052272652036,-1.9785246609802343,1.3716171877343832
1.5,1,S1R0-S0R0,count_impression,50,0.0,0.0,0.0,0.0
1.5,1,S0R1-S0R0,count_impression,50,0.0,0.0,0.0,0.0
1.5,1,S1R1-S0R0,count_impression,50,0.0,0.0,0.0,0.0
1.5,1,S_main,count_impression,50,0.0,0.0,0.0,0.0
1.5,1,R_main,count_impression,50,0.0,0.0,0.0,0.0
1.5,1,SxR,count_impression,50,0.0,0.0,0.0,0.0
1.5,1,S1R0-S0R0,wait_complex,50,-1.2605505728111803,3.269165764504311,-2.189637093545672,-0.3314640520766886
1.5,1,S0R1-S0R0,wait_complex,50,-395.7532485385086,42.764891161258255,-407.9068946980288,-383.59960237898844
1.5,1,S1R1-S0R0,wait_complex,50,-396.87691483938005,43.20346166694854,-409.15520134282303,-384.59862833593706
1.5,1,S_main,wait_complex,50,-1.1921084368412638,4.200244769367207,-2.3858046517520206,0.00158777806949284
1.5,1,R_main,wait_complex,50,-395.6848064025387,42.752481797387865,-407.83492586028433,-383.53468694479307
1.5,1,SxR,wait_complex,50,0.1368842719398367,7.883045024869541,-2.1034520715003366,2.37722061538001
1.5,1,S1R0-S0R0,count_complex,50,0.0,0.0,0.0,0.0
1.5,1,S0R1-S0R0,count_complex,50,0.0,0.0,0.0,0.0
1.5,1,S1R1-S0R0,count_complex,50,0.0,0.0,0.0,0.0
1.5,1,S_main,count_complex,50,0.0,0.0,0.0,0.0
1.5,1,R_main,count_complex,50,0.0,0.0,0.0,0.0
1.5,1,SxR,count_complex,50,0.0,0.0,0.0,0.0
1.5,1,S1R0-S0R0,util_chair,50,1.7345849994349071e-06,0.0013238237666445547,-0.00037449192231684694,0.0003779610923157167
1.5,1,S0R1-S0R0,util_chair,50,0.06879280275921748,0.004619581860167564,0.06747993227577107,0.0701056732426639
1.5,1,S1R1-S0R0,util_chair,50,0.06896755674822297,0.004654387688188141,0.0676447945590674,0.07029031893737854
1.5,1,S_main,util_chair,50,8.824428700245495e-05,0.0012277292655544173,-0.00026067246849612117,0.0004371610425010311
1.5,1,R_main,util_chair,50,0.06887931246122052,0.004540738509349242,0.06758884900750939,0.07016977591493165
1.5,1,SxR,util_chair,50,0.0001730194040060401,0.001608631090994365,-0.00028414843976155705,0.0006301872477736373
1.5,1,S1R0-S0R0,overtime_chair_minutes,50,-0.003330403198897329,2.5417416319575548,-0.725685297246161,0.7190244908483664
1.5,1,S0R1-S0R0,overtime_chair_minutes,50,-132.08218129769753,8.86959717152175,-134.60289262591465,-129.5614699694804
1.5,1,S1R1-S0R0,overtime_chair_minutes,50,-132.41770895658806,8.93642436132123,-134.95741235976675,-129.87800555340937
1.5,1,S_main,overtime_chair_minutes,50,-0.1694290310447218,2.357240189864487,-0.8393492016019897,0.500491139512546
1.5,1,R_main,overtime_chair_minutes,50,-132.24827992554333,8.718217937950559,-134.7259697566687,-129.77059009441797
1.5,1,SxR,overtime_chair_minutes,50,-0.33219725569164893,3.088571694709187,-1.2099595157254373,0.5455650043421394
1.5,1,S1R0-S0R0,util_dentist,50,-4.1102522047808956e-07,0.0023046701917399195,-0.0006553909693802697,0.0006545689189393134
1.5,1,S0R1-S0R0,util_dentist,50,0.1148912533758945,0.007806662007153277,0.11267262484334105,0.11710988190844794
1.5,1,S1R1-S0R0,util_dentist,50,0.11522977771167406,0.007878724351753658,0.11299066928980214,0.11746888613354597
1.5,1,S_main,util_dentist,50,0.00016905665527952918,0.00208229582866215,-0.00042272520160804947,0.0007608385121671079
1.5,1,R_main,util_dentist,50,0.11506072105639452,0.007651943586981729,0.11288606300715258,0.11723537910563646
1.5,1,SxR,util_dentist,50,0.00033893536100001456,0.0027864941991676217,-0.0004529774348150462,0.0011308481568150753
1.5,1,S1R0-S0R0,overtime_dentist_minutes,50,0.0003945842116672793,2.2124833840703504,-0.6283861621817405,0.629175330605075
1.5,1,S0R1-S0R0,overtime_dentist_minutes,50,-110.29560324085867,7.494395526867165,-112.42548663211,-108.16571984960734
1.5,1,S1R1-S0R0,overtime_dentist_minutes,50,-110.62058660320707,7.563575377683526,-112.7701306882041,-108.47104251821004
1.5,1,S_main,overtime_dentist_minutes,50,-0.16229438906835866,1.999003995515667,-0.7304049716804353,0.4058161935437179
1.5,1,R_main,overtime_dentist_minutes,50,-110.45829221413871,7.345865843502475,-112.54596394141097,-108.37062048686644
1.5,1,SxR,overtime_dentist_minutes,50,-0.32537794656005414,2.6750344312009404,-1.0856142305425194,0.434858337422411
1.5,1,S1R0-S0R0,util_assistant,50,1.4192943773948529e-05,0.001973955246556483,-0.0005467988639898392,0.0005751847515377363
1.5,1,S0R1-S0R0,util_assistant,50,0.10497041092288724,0.007044610899306582,0.10296835489335536,0.10697246695241912
1.5,1,S1R1-S0R0,util_assistant,50,0.10524164743699174,0.007074970078894079,0.10323096342510377,0.10725233144887972
1.5,1,S_main,util_assistant,50,0.0001427147289392261,0.0018543058012678046,-0.00038427308672417165,0.0006697025446026238
1.5,1,R_main,util_assistant,50,0.1050989327080525,0.0069330111828892795,0.10312859296325813,0.10706927245284686
1.5,1,SxR,util_assistant,50,0.0002570435703305551,0.0023996560523765814,-0.0004249310535533674,0.0009390181942144776
1.5,1,S1R0-S0R0,overtime_assistant_minutes,50,-0.020437839034484567,2.842495555041351,-0.8282660422143434,0.7873903641453742
1.5,1,S0R1-S0R0,overtime_assistant_minutes,50,-151.15739172895758,10.144239695001447,-154.04035241148347,-148.2744310464317
1.5,1,S1R1-S0R0,overtime_assistant_minutes,50,-151.5479723092681,10.187956913607465,-154.44335728638677,-148.6525873321494
1.5,1,S_main,overtime_assistant_minutes,50,-0.20550920967248432,2.6702003538256274,-0.9643716642277739,0.5533532448828052
1.5,1,R_main,overtime_assistant_minutes,50,-151.3424630995956,9.98353610336055,-154.1797523320995,-148.50517386709168
1.5,1,SxR,overtime_assistant_minutes,50,-0.37014274127599944,3.455504715422296,-1.3521861996688531,0.6119007171168542
1.5,1,S1R0-S0R0,util_frontdesk,50,2.7215316919744214e-05,0.0003882152220645161,-8.311421542771645e-05,0.0001375448492672049
1.5,1,S0R1-S0R0,util_frontdesk,50,0.015125605355720138,0.0012540157982190588,0.014769218051177906,0.015481992660262369
1.5,1,S1R1-S0R0,util_frontdesk,50,0.015134091038643454,0.0013152656209475325,0.014760296729136141,0.015507885348150766
1.5,1,S_main,util_frontdesk,50,1.7850499921528985e-05,0.0003224438094920369,-7.37870059969742e-05,0.00010948800584003219
1.5,1,R_main,util_frontdesk,50,0.015116240538721924,0.0012618231368317304,0.014757634413358003,0.015474846664085846
1.5,1,SxR,util_frontdesk,50,-1.872963399643046e-05,0.0005052300708157706,-0.00016231441448119694,0.00012485514648833602
1.5,1,S1R0-S0R0,overtime_frontdesk_minutes,50,-0.013063352121467914,0.18634330659096615,-0.06602152764824859,0.03989482340531276
1.5,1,S0R1-S0R0,overtime_frontdesk_minutes,50,-7.26029057074566,0.6019275831451483,-7.431356476925931,-7.089224664565389
1.5,1,S1R1-S0R0,overtime_frontdesk_minutes,50,-7.264363698548854,0.6313274980548138,-7.4437849671123635,-7.084942429985344
1.5,1,S_main,overtime_frontdesk_minutes,50,-0.008568239962331034,0.1547730285561757,-0.052554242803212,0.03541776287854993
1.5,1,R_main,overtime_frontdesk_minutes,50,-7.2557954585865225,0.6056751056792299,-7.427926398761205,-7.08366451841184
1.5,1,SxR,overtime_frontdesk_minutes,50,0.008990224318273761,0.24251043399156652,-0.059930470314413176,0.0779109189509607
1.5,1,S1R0-S0R0,util_sterilizer,50,-0.0005820389285977889,0.003842220002010963,-0.001673985642442721,0.0005099077852471431
1.5,1,S0R1-S0R0,util_sterilizer,50,0.12378649431693681,0.009618917313213085,0.12105282858581994,0.12652016004805366
1.5,1,S1R1-S0R0,util_sterilizer,50,0.12350665012993606,0.009565873937586828,0.12078805915759823,0.12622524110227387
1.5,1,S_main,util_sterilizer,50,-0.0004309415577992898,0.002874535328463353,-0.0012478753627620188,0.00038599224716343933
1.5,1,R_main,util_sterilizer,50,0.12393759168773533,0.009575813198718619,0.12121617600897121,0.12665900736649943
1.5,1,SxR,util_sterilizer,50,0.0003021947415969983,0.00421643312631012,-0.0008961021529096978,0.0015004916361036945
1.5,1,S1R0-S0R0,overtime_sterilizer_minutes,50,0.2213786857269474,2.1167763391803827,-0.3802024226694918,0.8229597941233866
1.5,1,S0R1-S0R0,overtime_sterilizer_minutes,50,-70.456850605463,6.517124543740197,-72.30899668911533,-68.60470452181067
1.5,1,S1R1-S0R0,overtime_sterilizer_minutes,50,-70.49652539570263,6.738159075853348,-72.41148879092506,-68.5815620004802
1.5,1,S_main,overtime_sterilizer_minutes,50,0.09085194774366868,1.5277551206399715,-0.3433312022762309,0.5250350977635683
1.5,1,R_main,overtime_sterilizer_minutes,50,-70.58737734344629,6.504381408146325,-72.43590186846103,-68.73885281843155
1.5,1,SxR,overtime_sterilizer_minutes,50,-0.2610534759665575,2.470001280164559,-0.963019990027917,0.4409130380948021
1.5,2,S1R0-S0R0,scheduled,50,0.0,0.0,0.0,0.0
1.5,2,S0R1-S0R0,scheduled,50,0.0,0.0,0.0,0.0
1.5,2,S1R1-S0R0,scheduled,50,0.0,0.0,0.0,0.0
1.5,2,S_main,scheduled,50,0.0,0.0,0.0,0.0
1.5,2,R_main,scheduled,50,0.0,0.0,0.0,0.0
1.5,2,SxR,scheduled,50,0.0,0.0,0.0,0.0
1.5,2,S1R0-S0R0,attended,50,0.0,0.0,0.0,0.0
1.5,2,S0R1-S0R0,attended,50,0.0,0.0,0.0,0.0
1.5,2,S1R1-S0R0,attended,50,0.0,0.0,0.0,0.0
1.5,2,S_main,attended,50,0.0,0.0,0.0,0.0
1.5,2,R_main,attended,50,0.0,0.0,0.0,0.0
1.5,2,SxR,attended,50,0.0,0.0,0.0,0.0
1.5,2,S1R0-S0R0,completed,50,0.0,0.0,0.0,0.0
1.5,2,S0R1-S0R0,completed,50,0.0,0.0,0.0,0.0
1.5,2,S1R1-S0R0,completed,50,0.0,0.0,0.0,0.0
1.5,2,S_main,completed,50,0.0,0.0,0.0,0.0
1.5,2,R_main,completed,50,0.0,0.0,0.0,0.0
1.5,2,SxR,completed,50,0.0,0.0,0.0,0.0
1.5,2,S1R0-S0R0,mean_wait,50,-0.03486643278937663,1.5732662868909464,-0.48198371162152337,0.4122508460427701
1.5,2,S0R1-S0R0,mean_wait,50,-56.714901496296285,3.571966073675335,-57.730042902585865,-55.699760090006706
1.5,2,S1R1-S0R0,mean_wait,50,-56.90777766073617,4.125734487862938,-58.08029829044003,-55.73525703103232
1.5,2,S_main,mean_wait,50,-0.11387129861462313,1.261124671377458,-0.4722789223161917,0.2445363250869454
1.5,2,R_main,mean_wait,50,-56.79390636212153,3.616977972555559,-57.82184000702328,-55.76597271721978
1.5,2,SxR,mean_wait,50,-0.15800973165049415,1.5912630420680203,-0.6102416311095681,0.2942221678085798
1.5,2,S1R0-S0R0,p90_wait,50,-0.36992477856028133,2.6338009280172847,-1.1184426319796494,0.37859307485908683
1.5,2,S0R1-S0R0,p90_wait,50,-82.63248124877296,7.670608546536957,-84.81244382020252,-80.4525186773434
1.5,2,S1R1-S0R0,p90_wait,50,-83.19566414872153,8.082619508835416,-85.49271892624924,-80.89860937119383
1.5,2,S_main,p90_wait,50,-0.46655383925441585,1.936965986739883,-1.0170334169316513,0.08392573842281958
1.5,2,R_main,p90_wait,50,-82.7291103094671,7.673556930832344,-84.90991080234332,-80.54830981659089
1.5,2,SxR,p90_wait,50,-0.1932581213882713,2.9095863953180774,-1.0201533281574413,0.6336370853808988
1.5,2,S1R0-S0R0,post_registration_wait,50,-0.04570826449931587,1.5609073157915543,-0.4893131630223126,0.39789663402368086
1.5,2,S0R1-S0R0,post_registration_wait,50,-56.743196246583885,3.5746136702810176,-57.759090091414635,-55.727302401753136
1.5,2,S1R1-S0R0,post_registration_wait,50,-56.942665637424,4.128062799213235,-58.11584796581414,-55.76948330903386
1.5,2,S_main,post_registration_wait,50,-0.12258882766971708,1.2586606642612428,-0.48029618837956894,0.2351185330401348
1.5,2,R_main,post_registration_wait,50,-56.82007680975428,3.6187312525618687,-57.84850873126184,-55.79164488824673
1.5,2,SxR,post_registration_wait,50,-0.15376112634080186,1.5825299434506348,-0.6035111069269464,0.2959888542453427
1.5,2,S1R0-S0R0,registration_elapsed,50,0.010841831709937884,0.030383483488000324,0.002206942262556093,0.019476721157319674
1.5,2,S0R1-S0R0,registration_elapsed,50,0.02829475028758937,0.029021295011374265,0.020046990476176044,0.036542510099002695
1.5,2,S1R1-S0R0,registration_elapsed,50,0.03488797668783669,0.03232798327417167,0.025700466580921955,0.04407548679475143
1.5,2,S_main,registration_elapsed,50,0.008717529055092604,0.02467534199841185,0.0017048752783532526,0.015730182831831956
1.5,2,R_main,registration_elapsed,50,0.02617044763274409,0.021593803894135448,0.020033557191990556,0.03230733807349762
1.5,2,SxR,registration_elapsed,50,-0.0042486053096905604,0.03437598420521146,-0.014018150772579136,0.005520940153198015
1.5,2,S1R0-S0R0,mean_los,50,-0.03813440494911333,1.5704457193439876,-0.48445008744828916,0.40818127755006245
1.5,2,S0R1-S0R0,mean_los,50,-56.68790637659138,3.57398186620655,-57.70362066471206,-55.672192088470695
1.5,2,S1R1-S0R0,mean_los,50,-56.886884978177676,4.127391116327241,-58.059876416426256,-55.713893539929096
1.5,2,S_main,mean_los,50,-0.11855650326771468,1.2574172875543146,-0.47591050026895776,0.23879749373352843
1.5,2,R_main,mean_los,50,-56.768328474909964,3.616845880871746,-57.79622457977497,-55.74043237004496
1.5,2,SxR,mean_los,50,-0.16084419663720267,1.5952779494815021,-0.6142171200236541,0.29252872674924885
1.5,2,S1R0-S0R0,completed_by_close,50,0.003333333333333357,0.08709210075319958,-0.021417964918597574,0.02808463158526429
1.5,2,S0R1-S0R0,completed_by_close,50,2.107333333333333,0.1927589403122327,2.0525518550921054,2.1621148115745608
1.5,2,S1R1-S0R0,completed_by_close,50,2.1033333333333335,0.2314550249431381,2.0375545508176844,2.1691121158489826
1.5,2,S_main,completed_by_close,50,-0.00033333333333327884,0.07122908651976328,-0.020576413353405994,0.019909746686739435
1.5,2,R_main,completed_by_close,50,2.1036666666666664,0.19617342736834223,2.0479148020554665,2.159418531277866
1.5,2,SxR,completed_by_close,50,-0.007333333333333236,0.12568000975735044,-0.04305119269034833,0.02838452602368186
1.5,2,S1R0-S0R0,overtime,50,-0.069047589991103,2.879005250694097,-0.8872517326462204,0.7491565526640145
1.5,2,S0R1-S0R0,overtime,50,-78.9523980687574,7.752293512713161,-81.15557524797619,-76.74922088953862
1.5,2,S1R1-S0R0,overtime,50,-78.90310043036828,7.4141493638679465,-81.01017811712069,-76.79602274361588
1.5,2,S_main,overtime,50,-0.009874975800987612,2.078914127033453,-0.6006957638328717,0.5809458122308965
1.5,2,R_main,overtime,50,-78.89322545456729,7.473611637290621,-81.01720213045297,-76.7692487786816
1.5,2,SxR,overtime,50,0.11834522838023076,3.6184000572817485,-0.9099925684812634,1.146683025241725
1.5,2,S1R0-S0R0,reprocessing_overtime,50,-0.09234385095401422,3.0659065381154624,-0.9636647455146269,0.7789770436065985
1.5,2,S0R1-S0R0,reprocessing_overtime,50,-81.96418288605571,7.523898380482001,-84.10245089454314,-79.82591487756828
1.5,2,S1R1-S0R0,reprocessing_overtime,50,-82.04501886409658,7.406232624926871,-84.14984663880163,-79.94019108939152
1.5,2,S_main,reprocessing_overtime,50,-0.0865899144974435,2.1489596952432675,-0.6973174304069807,0.5241376014120938
1.5,2,R_main,reprocessing_overtime,50,-81.95842894959915,7.337052785704472,-84.04359603385346,-79.87326186534484
1.5,2,SxR,reprocessing_overtime,50,0.011507872913141455,3.774170464770248,-1.0610993787120904,1.0841151245383733
1.5,2,S1R0-S0R0,bypass_events,50,0.0,0.0,0.0,0.0
1.5,2,S0R1-S0R0,bypass_events,50,27.788000000000007,1.2165666718763022,27.442255618149588,28.133744381850427
1.5,2,S1R1-S0R0,bypass_events,50,27.87,1.2290373793414886,27.520711482720376,28.219288517279626
1.5,2,S_main,bypass_events,50,0.0410000000000003,0.14018169291843513,0.0011608083755255197,0.08083919162447509
1.5,2,R_main,bypass_events,50,27.828999999999997,1.2147562580369402,27.48377013200916,28.174229867990835
1.5,2,SxR,bypass_events,50,0.0820000000000006,0.28036338583687026,0.0023216167510510394,0.16167838324895017
1.5,2,S1R0-S0R0,max_bypasses,50,0.0,0.0,0.0,0.0
1.5,2,S0R1-S0R0,max_bypasses,50,2.0,0.0,2.0,2.0
1.5,2,S1R1-S0R0,max_bypasses,50,2.0,0.0,2.0,2.0
1.5,2,S_main,max_bypasses,50,0.0,0.0,0.0,0.0
1.5,2,R_main,max_bypasses,50,2.0,0.0,2.0,2.0
1.5,2,SxR,max_bypasses,50,0.0,0.0,0.0,0.0
1.5,2,S1R0-S0R0,kit_unavailable_wait,50,0.11548868599322276,0.7037620465766389,-0.08451825106033958,0.31549562304678513
1.5,2,S0R1-S0R0,kit_unavailable_wait,50,1.0290928671748154,1.6244017571326563,0.5674430502105143,1.4907426841391165
1.5,2,S1R1-S0R0,kit_unavailable_wait,50,1.087005094755281,1.8327999831432633,0.5661291642565404,1.6078810252540214
1.5,2,S_main,kit_unavailable_wait,50,0.08670045678684417,0.5980460839499272,-0.08326233965770209,0.25666325323139044
1.5,2,R_main,kit_unavailable_wait,50,1.0003046379684368,1.6580834151397887,0.5290826008401452,1.4715266750967284
1.5,2,SxR,kit_unavailable_wait,50,-0.05757645841275718,0.842276113015951,-0.2969486529452102,0.18179573611969585
1.5,2,S1R0-S0R0,mean_cycle_queue,50,-0.01892682442663862,0.1166403956910748,-0.05207565419426792,0.01422200534099068
1.5,2,S0R1-S0R0,mean_cycle_queue,50,0.5728463043917045,0.2550790555115798,0.5003536474666043,0.6453389613168047
1.5,2,S1R1-S0R0,mean_cycle_queue,50,0.5811393319553888,0.3006302509984614,0.49570117003641123,0.6665774938743664
1.5,2,S_main,mean_cycle_queue,50,-0.005316898431477099,0.10651168344298395,-0.03558718036764566,0.024953383504691465
1.5,2,R_main,mean_cycle_queue,50,0.5864562303868659,0.2559007247284958,0.5137300576816153,0.6591824030921165
1.5,2,SxR,mean_cycle_queue,50,0.027219851990323035,0.18830538316724776,-0.02629593946388019,0.08073564344452626
1.5,2,S1R0-S0R0,wait_routine,50,0.07032125813999414,1.5866125510492044,-0.38058898655097606,0.5212315028309643
1.5,2,S0R1-S0R0,wait_routine,50,-27.86264368113941,5.17318505877682,-29.332846434257796,-26.392440928021024
1.5,2,S1R1-S0R0,wait_routine,50,-27.78156152101293,5.538094111706339,-29.355470267278534,-26.207652774747324
1.5,2,S_main,wait_routine,50,0.07570170913324148,1.2213774882740682,-0.27140989144845795,0.4228133097149409
1.5,2,R_main,wait_routine,50,-27.85726323014616,5.156065847729255,-29.322600757890356,-26.391925702401963
1.5,2,SxR,wait_routine,50,0.010760901986494674,1.7309223220861718,-0.48116172101104226,0.5026835249840316
1.5,2,S1R0-S0R0,count_routine,50,0.0,0.0,0.0,0.0
1.5,2,S0R1-S0R0,count_routine,50,0.0,0.0,0.0,0.0
1.5,2,S1R1-S0R0,count_routine,50,0.0,0.0,0.0,0.0
1.5,2,S_main,count_routine,50,0.0,0.0,0.0,0.0
1.5,2,R_main,count_routine,50,0.0,0.0,0.0,0.0
1.5,2,SxR,count_routine,50,0.0,0.0,0.0,0.0
1.5,2,S1R0-S0R0,wait_restorative,50,-0.15518617306233523,1.7490204479867753,-0.6522522259242662,0.34187987979959583
1.5,2,S0R1-S0R0,wait_restorative,50,-81.0074958500528,7.352195992639412,-83.09696658559233,-78.91802511451328
1.5,2,S1R1-S0R0,wait_restorative,50,-81.44678758334857,7.530824336355609,-83.5870239264843,-79.30655124021283
1.5,2,S_main,wait_restorative,50,-0.29723895317905,1.5351684675991535,-0.7335289528448403,0.13905104648674027
1.5,2,R_main,wait_restorative,50,-81.14954863016953,7.263529274129854,-83.21382056609495,-79.08527669424411
1.5,2,SxR,wait_restorative,50,-0.2841055602334279,1.740460611494028,-0.7787389347676179,0.21052781430076206
1.5,2,S1R0-S0R0,count_restorative,50,0.0,0.0,0.0,0.0
1.5,2,S0R1-S0R0,count_restorative,50,0.0,0.0,0.0,0.0
1.5,2,S1R1-S0R0,count_restorative,50,0.0,0.0,0.0,0.0
1.5,2,S_main,count_restorative,50,0.0,0.0,0.0,0.0
1.5,2,R_main,count_restorative,50,0.0,0.0,0.0,0.0
1.5,2,SxR,count_restorative,50,0.0,0.0,0.0,0.0
1.5,2,S1R0-S0R0,wait_impression,50,-0.2209991117822642,1.8189695690587733,-0.7379444825517937,0.29594625898726534
1.5,2,S0R1-S0R0,wait_impression,50,-117.77656726096686,11.635774808246,-121.08341748251948,-114.46971703941423
1.5,2,S1R1-S0R0,wait_impression,50,-118.37968957159326,12.08332098212624,-121.81373099344327,-114.94564814974325
1.5,2,S_main,wait_impression,50,-0.41206071120432425,1.8193393386421068,-0.9291111693142948,0.10498974690564639
1.5,2,R_main,wait_impression,50,-117.9676288603889,11.891579909295592,-121.34717807870112,-114.58807964207668
1.5,2,SxR,wait_impression,50,-0.3821231988441184,2.6268777338796725,-1.1286735024917611,0.36442710480352425
1.5,2,S1R0-S0R0,count_impression,50,0.0,0.0,0.0,0.0
1.5,2,S0R1-S0R0,count_impression,50,0.0,0.0,0.0,0.0
1.5,2,S1R1-S0R0,count_impression,50,0.0,0.0,0.0,0.0
1.5,2,S_main,count_impression,50,0.0,0.0,0.0,0.0
1.5,2,R_main,count_impression,50,0.0,0.0,0.0,0.0
1.5,2,SxR,count_impression,50,0.0,0.0,0.0,0.0
1.5,2,S1R0-S0R0,wait_complex,50,-0.11793622512089712,1.9461647144762417,-0.6710300519868864,0.43515760174509216
1.5,2,S0R1-S0R0,wait_complex,50,-120.00796005878823,13.384613974446463,-123.81182481349524,-116.20409530408122
1.5,2,S1R1-S0R0,wait_complex,50,-120.78557427827437,13.950610241762995,-124.75029337339429,-116.82085518315445
1.5,2,S_main,wait_complex,50,-0.4477752223035034,2.338148974673996,-1.1122697301762678,0.21671928556926112
1.5,2,R_main,wait_complex,50,-120.33779905597086,13.574823851906359,-124.19572085335749,-116.47987725858424
1.5,2,SxR,wait_complex,50,-0.659677994365212,3.77356190451938,-1.7321122951011758,0.4127563063707518
1.5,2,S1R0-S0R0,count_complex,50,0.0,0.0,0.0,0.0
1.5,2,S0R1-S0R0,count_complex,50,0.0,0.0,0.0,0.0
1.5,2,S1R1-S0R0,count_complex,50,0.0,0.0,0.0,0.0
1.5,2,S_main,count_complex,50,0.0,0.0,0.0,0.0
1.5,2,R_main,count_complex,50,0.0,0.0,0.0,0.0
1.5,2,SxR,count_complex,50,0.0,0.0,0.0,0.0
1.5,2,S1R0-S0R0,util_chair,50,9.345456808745989e-05,0.001614152022153964,-0.0003652823067699585,0.0005521914429448783
1.5,2,S0R1-S0R0,util_chair,50,0.058581663483155945,0.004634550912808792,0.057264538842521126,0.059898788123790764
1.5,2,S1R1-S0R0,util_chair,50,0.058869116377666196,0.005347701690449467,0.057349316552447176,0.060388916202885216
1.5,2,S_main,util_chair,50,0.00019045373129884967,0.0014095189236386922,-0.0002101270672925799,0.0005910345298902793
1.5,2,R_main,util_chair,50,0.05867866264636734,0.0047849512199793385,0.05731879471641276,0.06003853057632192
1.5,2,SxR,util_chair,50,0.0001939983264227796,0.0022920273128287545,-0.00045738855173002634,0.0008453852045755855
1.5,2,S1R0-S0R0,overtime_chair_minutes,50,-0.17943277072792851,3.0991718825356087,-1.0602075704541711,0.7013420289983141
1.5,2,S0R1-S0R0,overtime_chair_minutes,50,-112.47679388765938,8.898337752592893,-115.00567319767823,-109.94791457764053
1.5,2,S1R1-S0R0,overtime_chair_minutes,50,-113.02870344511908,10.267587245662975,-115.9467191095396,-110.11068778069856
1.5,2,S_main,overtime_chair_minutes,50,-0.3656711640938022,2.7062763333862887,-1.134786297389347,0.4034439692017425
1.5,2,R_main,overtime_chair_minutes,50,-112.66303228102522,9.187106342360329,-115.27397870653802,-110.05208585551243
1.5,2,SxR,overtime_chair_minutes,50,-0.37247678673174733,4.400692440631219,-1.6231395927851375,0.8781860193216429
1.5,2,S1R0-S0R0,util_dentist,50,0.0001741529633649619,0.0026226824950240433,-0.0005712050667325454,0.0009195109934624692
1.5,2,S0R1-S0R0,util_dentist,50,0.09761083725209599,0.007854533253511447,0.09537860386346425,0.09984307064072773
1.5,2,S1R1-S0R0,util_dentist,50,0.09816457544479924,0.008922899746636476,0.09562871569413219,0.1007004351954663
1.5,2,S_main,util_dentist,50,0.0003639455780341183,0.002333011085935543,-0.00029908875818759076,0.0010269799142558274
1.5,2,R_main,util_dentist,50,0.09780062986676516,0.008056252389472654,0.09551106854076462,0.1000901911927657
1.5,2,SxR,util_dentist,50,0.00037958522933831287,0.003907051990900666,-0.0007307865297104571,0.0014899569883870829
1.5,2,S1R0-S0R0,overtime_dentist_minutes,50,-0.16718684483035304,2.5177751952230762,-0.8827305537239585,0.5483568640632523
1.5,2,S0R1-S0R0,overtime_dentist_minutes,50,-93.70640376201214,7.540351923370985,-95.84934781509861,-91.56345970892568
1.5,2,S1R1-S0R0,overtime_dentist_minutes,50,-94.23799242700728,8.565983756771022,-96.67241778764766,-91.80356706636691
1.5,2,S_main,overtime_dentist_minutes,50,-0.34938775491275126,2.239690642498111,-0.985900717685589,0.2871252078600865
1.5,2,R_main,overtime_dentist_minutes,50,-93.88860467209456,7.734002293893748,-96.08658354505508,-91.69062579913404
1.5,2,SxR,overtime_dentist_minutes,50,-0.3644018201647964,3.750769911264634,-1.4303587088516143,0.7015550685220214
1.5,2,S1R0-S0R0,util_assistant,50,0.0001483635325856958,0.0024016199511188263,-0.0005341692250794251,0.0008308962902508167
1.5,2,S0R1-S0R0,util_assistant,50,0.08958929569550655,0.007032497256611573,0.08759068232473097,0.09158790906628214
1.5,2,S1R1-S0R0,util_assistant,50,0.09000654473860768,0.00820306879269352,0.08767525865740008,0.09233783081981528
1.5,2,S_main,util_assistant,50,0.00028280628784341786,0.0021024781170844433,-0.0003147113112736688,0.0008803238869605045
1.5,2,R_main,util_assistant,50,0.08972373845076426,0.007337448280916018,0.08763845896802772,0.0918090179335008
1.5,2,SxR,util_assistant,50,0.00026888551051544417,0.0034170048152330546,-0.0007022163985978271,0.0012399874196287154
1.5,2,S1R0-S0R0,overtime_assistant_minutes,50,-0.21364348692339719,3.458332729611131,-1.1964906579611774,0.7692036841143829
1.5,2,S0R1-S0R0,overtime_assistant_minutes,50,-129.00858580152936,10.126796049520658,-131.8865890554462,-126.13058254761252
1.5,2,S1R1-S0R0,overtime_assistant_minutes,50,-129.60942442359507,11.8124190614787,-132.96647638053403,-126.25237246665611
1.5,2,S_main,overtime_assistant_minutes,50,-0.40724105449454784,3.0275684886016148,-1.2676663972231572,0.4531842882340614
1.5,2,R_main,overtime_assistant_minutes,50,-129.20218336910054,10.565925524519056,-132.20498582424113,-126.19938091395993
1.5,2,SxR,overtime_assistant_minutes,50,-0.3871951351423013,4.920486933935648,-1.7855818842654263,1.0111916139808237
1.5,2,S1R0-S0R0,util_frontdesk,50,-7.368656783635075e-06,0.0005163670945460601,-0.00015411854401864948,0.00013938123045137933
1.5,2,S0R1-S0R0,util_frontdesk,50,0.013296181784819167,0.0012610957071690532,0.012937782392653578,0.013654581176984756
1.5,2,S1R1-S0R0,util_frontdesk,50,0.013214213925756106,0.0015221554163277753,0.012781622193905651,0.013646805657606561
1.5,2,S_main,util_frontdesk,50,-4.466825792334761e-05,0.0004058160353419788,-0.00015999988546818496,7.066336962148973e-05
1.5,2,R_main,util_frontdesk,50,0.013258882183679455,0.0013149746481925168,0.012885170567704395,0.013632593799654515
1.5,2,SxR,util_frontdesk,50,-7.459920227942507e-05,0.0007445746428171372,-0.0002862049494804978,0.00013700654492164766
1.5,2,S1R0-S0R0,overtime_frontdesk_minutes,50,0.0035369552561456885,0.2478562053821104,-0.06690299061666168,0.07397690112895304
1.5,2,S0R1-S0R0,overtime_frontdesk_minutes,50,-6.382167256713192,0.6053259394411394,-6.554198964952673,-6.210135548473711
1.5,2,S1R1-S0R0,overtime_frontdesk_minutes,50,-6.34282268436292,0.7306345998373261,-6.550466715651137,-6.1351786530747034
1.5,2,S_main,overtime_frontdesk_minutes,50,0.02144076380320854,0.19479169696414939,-0.033918417418313265,0.07679994502473034
1.5,2,R_main,overtime_frontdesk_minutes,50,-6.364263448166128,0.6311878311324032,-6.543645023834156,-6.184881872498101
1.5,2,SxR,overtime_frontdesk_minutes,50,0.035807617094125416,0.3573958285522286,-0.0657631415623903,0.13737837575064113
1.5,2,S1R0-S0R0,util_sterilizer,50,-0.0006937824950661886,0.003907142722292663,-0.001804180039688216,0.000416615049555839
1.5,2,S0R1-S0R0,util_sterilizer,50,0.04852001059534538,0.010634589426742324,0.04549769407740951,0.05154232711328125
1.5,2,S1R1-S0R0,util_sterilizer,50,0.04813622800159423,0.011125165274568272,0.044974491386775596,0.05129796461641286
1.5,2,S_main,util_sterilizer,50,-0.0005387825444086758,0.0025510999988203604,-0.0012637970565770903,0.0001862319677597387
1.5,2,R_main,util_sterilizer,50,0.04867501054600289,0.010149382272932866,0.04579058835917221,0.051559432732833574
1.5,2,SxR,util_sterilizer,50,0.00030999990131502564,0.005593294603464982,-0.0012795966492790474,0.0018995964519090988
1.5,2,S1R0-S0R0,overtime_sterilizer_minutes,50,-0.18898440236823488,2.1914964226926177,-0.8118007210354813,0.4338319162990115
1.5,2,S0R1-S0R0,overtime_sterilizer_minutes,50,-61.24093841909911,6.003194951167671,-62.947027345830826,-59.53484949236739
1.5,2,S1R1-S0R0,overtime_sterilizer_minutes,50,-61.38538944076523,6.312566275873334,-63.17940071478404,-59.59137816674642
1.5,2,S_main,overtime_sterilizer_minutes,50,-0.16671771201717717,1.714769737433402,-0.6540498217899475,0.3206143977555932
1.5,2,R_main,overtime_sterilizer_minutes,50,-61.21867172874805,5.9718991343191625,-62.91586648379076,-59.52147697370534
1.5,2,SxR,overtime_sterilizer_minutes,50,0.04453338070211657,3.0434934575736357,-0.8204177875981622,0.9094845490023953
1.5,4,S1R0-S0R0,scheduled,50,0.0,0.0,0.0,0.0
1.5,4,S0R1-S0R0,scheduled,50,0.0,0.0,0.0,0.0
1.5,4,S1R1-S0R0,scheduled,50,0.0,0.0,0.0,0.0
1.5,4,S_main,scheduled,50,0.0,0.0,0.0,0.0
1.5,4,R_main,scheduled,50,0.0,0.0,0.0,0.0
1.5,4,SxR,scheduled,50,0.0,0.0,0.0,0.0
1.5,4,S1R0-S0R0,attended,50,0.0,0.0,0.0,0.0
1.5,4,S0R1-S0R0,attended,50,0.0,0.0,0.0,0.0
1.5,4,S1R1-S0R0,attended,50,0.0,0.0,0.0,0.0
1.5,4,S_main,attended,50,0.0,0.0,0.0,0.0
1.5,4,R_main,attended,50,0.0,0.0,0.0,0.0
1.5,4,SxR,attended,50,0.0,0.0,0.0,0.0
1.5,4,S1R0-S0R0,completed,50,0.0,0.0,0.0,0.0
1.5,4,S0R1-S0R0,completed,50,0.0,0.0,0.0,0.0
1.5,4,S1R1-S0R0,completed,50,0.0,0.0,0.0,0.0
1.5,4,S_main,completed,50,0.0,0.0,0.0,0.0
1.5,4,R_main,completed,50,0.0,0.0,0.0,0.0
1.5,4,SxR,completed,50,0.0,0.0,0.0,0.0
1.5,4,S1R0-S0R0,mean_wait,50,-0.06607878576131668,0.7740176582148056,-0.28605214436734355,0.1538945728447102
1.5,4,S0R1-S0R0,mean_wait,50,-4.392145453619,1.146257733305674,-4.717908258572224,-4.066382648665777
1.5,4,S1R1-S0R0,mean_wait,50,-4.414576467907138,1.1968375254047132,-4.754713889030336,-4.07443904678394
1.5,4,S_main,mean_wait,50,-0.04425490002472714,0.7119771817363185,-0.24659655238264716,0.15808675233319286
1.5,4,R_main,mean_wait,50,-4.370321567882411,1.1067165240877894,-4.684846886839433,-4.055796248925389
1.5,4,SxR,mean_wait,50,0.04364777147317909,0.4775305382981339,-0.09206488990028097,0.17936043284663913
1.5,4,S1R0-S0R0,p90_wait,50,-0.25684697356845393,1.2228471075136915,-0.6043762352675465,0.09068228813063861
1.5,4,S0R1-S0R0,p90_wait,50,-7.795834245593485,2.082993812372664,-8.387814467233373,-7.203854023953598
1.5,4,S1R1-S0R0,p90_wait,50,-8.10140758307807,2.1714545754210968,-8.71852807244453,-7.484287093711609
1.5,4,S_main,p90_wait,50,-0.28121015552651896,1.1013343240292202,-0.5942058703317392,0.03178555927870136
1.5,4,R_main,p90_wait,50,-7.82019742755155,2.04406310847601,-8.40111366686732,-7.239281188235781
1.5,4,SxR,p90_wait,50,-0.04872636391613014,1.025885712315496,-0.3402798230509715,0.24282709521871124
1.5,4,S1R0-S0R0,post_registration_wait,50,-0.08088908319471329,0.7746549846660719,-0.30104356795274145,0.13926540156331485
1.5,4,S0R1-S0R0,post_registration_wait,50,-4.396140757175164,1.1477870657876186,-4.7223381935594775,-4.069943320790851
1.5,4,S1R1-S0R0,post_registration_wait,50,-4.429594566325959,1.1986631314788576,-4.770250818893581,-4.088938313758337
1.5,4,S_main,post_registration_wait,50,-0.05717144617275409,0.714471025404789,-0.26022184097571993,0.14587894863021178
1.5,4,R_main,post_registration_wait,50,-4.372423120153205,1.106310577427093,-4.686833070359372,-4.0580131699470385
1.5,4,SxR,post_registration_wait,50,0.04743527404391841,0.4808236155951715,-0.08921326943183029,0.18408381751966713
1.5,4,S1R0-S0R0,registration_elapsed,50,0.01481029743339727,0.029562390857590545,0.0064087599021132,0.02321183496468134
1.5,4,S0R1-S0R0,registration_elapsed,50,0.003995303556160686,0.01678484967284578,-0.000774897377948355,0.008765504490269726
1.5,4,S1R1-S0R0,registration_elapsed,50,0.015018098418818137,0.03625314110054106,0.004715070931955478,0.025321125905680794
1.5,4,S_main,registration_elapsed,50,0.012916546148027362,0.03082256783345995,0.0041568703250932995,0.021676221970961425
1.5,4,R_main,registration_elapsed,50,0.0021015522707907765,0.014430785004046204,-0.001999630965755712,0.006202735507337265
1.5,4,SxR,registration_elapsed,50,-0.003787502570739818,0.015872462544063676,-0.008298405982451237,0.0007234008409715996
1.5,4,S1R0-S0R0,mean_los,50,-0.05806673261174069,0.7778549306763443,-0.27913063185633374,0.16299716663285235
1.5,4,S0R1-S0R0,mean_los,50,-4.388240510373346,1.1464549126823853,-4.714059353078787,-4.062421667667905
1.5,4,S1R1-S0R0,mean_los,50,-4.399706549515192,1.1923601916299393,-4.738571526608742,-4.060841572421642
1.5,4,S_main,mean_los,50,-0.03476638587679332,0.715475741856022,-0.23810231790217112,0.1685695461485845
1.5,4,R_main,mean_los,50,-4.364940163638398,1.106602313142884,-4.679433024207844,-4.050447303068951
1.5,4,SxR,mean_los,50,0.04660069346989473,0.48159310920556986,-0.09026653764444817,0.18346792458423763
1.5,4,S1R0-S0R0,completed_by_close,50,0.006666666666666998,0.06666666666666643,-0.012279788130705682,0.025613121464039677
1.5,4,S0R1-S0R0,completed_by_close,50,0.2373333333333332,0.10661563405071628,0.20703350896480624,0.26763315770186014
1.5,4,S1R1-S0R0,completed_by_close,50,0.2266666666666667,0.11288828182028224,0.1945841757367509,0.2587491575965825
1.5,4,S_main,completed_by_close,50,-0.001999999999999744,0.049331126996075565,-0.01601974951601875,0.012019749516019258
1.5,4,R_main,completed_by_close,50,0.22866666666666646,0.09577467888563353,0.20144780730307327,0.25588552603025966
1.5,4,SxR,completed_by_close,50,-0.017333333333333485,0.07384484561897235,-0.03831980377641592,0.003653137109748947
1.5,4,S1R0-S0R0,overtime,50,-0.21291678863343236,1.401811745669219,-0.611307231739653,0.1854736544727882
1.5,4,S0R1-S0R0,overtime,50,-9.099955491149608,2.1133746472679458,-9.700569849515244,-8.499341132783972
1.5,4,S1R1-S0R0,overtime,50,-9.288247219841155,2.2340507177630435,-9.92315733392819,-8.65333710575412
1.5,4,S_main,overtime,50,-0.20060425866249035,1.2401734335631396,-0.5530576071610891,0.15184908983610837
1.5,4,R_main,overtime,50,-9.087642961178664,2.1086263936064302,-9.686907880943835,-8.488378041413494
1.5,4,SxR,overtime,50,0.024625059941884048,1.054181137606756,-0.2749698691367567,0.32421998902052485
1.5,4,S1R0-S0R0,reprocessing_overtime,50,-0.30218354581911966,1.9844707382952411,-0.8661638229164152,0.26179673127817593
1.5,4,S0R1-S0R0,reprocessing_overtime,50,-9.139578932565248,2.3599213371551495,-9.81026107666173,-8.468896788468767
1.5,4,S1R1-S0R0,reprocessing_overtime,50,-9.444011865410518,2.5062114110850526,-10.156269183602259,-8.731754547218777
1.5,4,S_main,reprocessing_overtime,50,-0.3033082393321951,1.6315482222312745,-0.7669890589657757,0.16037258030138557
1.5,4,R_main,reprocessing_overtime,50,-9.140703626078324,2.248061833776643,-9.779595654808544,-8.501811597348103
1.5,4,SxR,reprocessing_overtime,50,-0.002249387026150771,1.689865312903397,-0.48250373849473627,0.4780049644424347
1.5,4,S1R0-S0R0,bypass_events,50,0.0,0.0,0.0,0.0
1.5,4,S0R1-S0R0,bypass_events,50,3.160666666666666,0.6736602560560992,2.9692145628143645,3.3521187705189672
1.5,4,S1R1-S0R0,bypass_events,50,3.1140000000000003,0.6288632078921161,2.9352790748691184,3.292720925130882
1.5,4,S_main,bypass_events,50,-0.023333333333333327,0.10738068841694934,-0.053850583721370804,0.0071839170547041455
1.5,4,R_main,bypass_events,50,3.137333333333333,0.6427386134114459,2.954669062050443,3.3199976046162227
1.5,4,SxR,bypass_events,50,-0.046666666666666655,0.21476137683389868,-0.10770116744274161,0.014367834109408291
1.5,4,S1R0-S0R0,max_bypasses,50,0.0,0.0,0.0,0.0
1.5,4,S0R1-S0R0,max_bypasses,50,0.9346666666666666,0.14332621402980655,0.8939338121357521,0.9753995211975812
1.5,4,S1R1-S0R0,max_bypasses,50,0.9259999999999999,0.13235868260782144,0.8883840830439665,0.9636159169560333
1.5,4,S_main,max_bypasses,50,-0.004333333333333338,0.024236645105839113,-0.01122131084739953,0.002554644180732854
1.5,4,R_main,max_bypasses,50,0.9303333333333333,0.13580573360102133,0.8917377754398964,0.9689288912267703
1.5,4,SxR,max_bypasses,50,-0.008666666666666677,0.048473290211678226,-0.02244262169479906,0.005109288361465708
1.5,4,S1R0-S0R0,kit_unavailable_wait,50,0.06271884852800752,0.4119112464879938,-0.054345018653706056,0.1797827157097211
1.5,4,S0R1-S0R0,kit_unavailable_wait,50,-0.8362206422323907,0.7106579543258221,-1.0381873743528043,-0.6342539101119771
1.5,4,S1R1-S0R0,kit_unavailable_wait,50,-0.7930574234836986,0.858389502234865,-1.037008992023181,-0.5491058549442162
1.5,4,S_main,kit_unavailable_wait,50,0.052941033638349726,0.3843540396157616,-0.05629116292816489,0.16217323020486435
1.5,4,R_main,kit_unavailable_wait,50,-0.8459984571220484,0.7035992871736623,-1.0459591384705405,-0.6460377757735561
1.5,4,SxR,kit_unavailable_wait,50,-0.019555629779315603,0.4264764461946258,-0.14075888042887535,0.10164762087024413
1.5,4,S1R0-S0R0,mean_cycle_queue,50,-0.0055750322135160605,0.17560402831351757,-0.05548113898369544,0.04433107455666332
1.5,4,S0R1-S0R0,mean_cycle_queue,50,0.09001500918077131,0.19766946535884516,0.03383797532713834,0.14619204303440428
1.5,4,S1R1-S0R0,mean_cycle_queue,50,0.04612884356267322,0.2810624801031419,-0.0337482200550016,0.12600590718034804
1.5,4,S_main,mean_cycle_queue,50,-0.024730598915807072,0.15865523714834287,-0.06981991310077004,0.020358715269155902
1.5,4,R_main,mean_cycle_queue,50,0.07085944247848029,0.1826346150999882,0.01895526528706784,0.12276361966989274
1.5,4,SxR,mean_cycle_queue,50,-0.038311133404582025,0.1684101330428952,-0.0861727580013332,0.009550491192169143
1.5,4,S1R0-S0R0,wait_routine,50,-0.07219069956073611,0.7691353422452902,-0.29077651948441924,0.14639512036294705
1.5,4,S0R1-S0R0,wait_routine,50,-1.2890619218717227,0.9423749650763092,-1.556881892041633,-1.0212419517018125
1.5,4,S1R1-S0R0,wait_routine,50,-1.3840877358119195,1.10333191686748,-1.6976511601533446,-1.0705243114704943
1.5,4,S_main,wait_routine,50,-0.0836082567504664,0.7655520953075404,-0.30117572928214104,0.13395921578120823
1.5,4,R_main,wait_routine,50,-1.3004794790614531,0.9101085998054839,-1.5591294507651752,-1.041829507357731
1.5,4,SxR,wait_routine,50,-0.022835114379460605,0.503277937118952,-0.16586510467154902,0.12019487591262783
1.5,4,S1R0-S0R0,count_routine,50,0.0,0.0,0.0,0.0
1.5,4,S0R1-S0R0,count_routine,50,0.0,0.0,0.0,0.0
1.5,4,S1R1-S0R0,count_routine,50,0.0,0.0,0.0,0.0
1.5,4,S_main,count_routine,50,0.0,0.0,0.0,0.0
1.5,4,R_main,count_routine,50,0.0,0.0,0.0,0.0
1.5,4,SxR,count_routine,50,0.0,0.0,0.0,0.0
1.5,4,S1R0-S0R0,wait_restorative,50,-0.07899928970587154,0.9206870401730011,-0.34065562054334164,0.18265704113159853
1.5,4,S0R1-S0R0,wait_restorative,50,-8.879860381235153,2.3672941776861856,-9.552637863179378,-8.207082899290928
1.5,4,S1R1-S0R0,wait_restorative,50,-8.782138520703835,2.3328604165968865,-9.44513003717833,-8.11914700422934
1.5,4,S_main,wait_restorative,50,0.009361285412722395,0.8256042412110465,-0.2252728161366424,0.24399538696208717
1.5,4,R_main,wait_restorative,50,-8.79149980611656,2.285845307540444,-9.441129778013085,-8.141869834220035
1.5,4,SxR,wait_restorative,50,0.17672115023718787,0.6929313598840338,-0.020207740078685227,0.37365004055306095
1.5,4,S1R0-S0R0,count_restorative,50,0.0,0.0,0.0,0.0
1.5,4,S0R1-S0R0,count_restorative,50,0.0,0.0,0.0,0.0
1.5,4,S1R1-S0R0,count_restorative,50,0.0,0.0,0.0,0.0
1.5,4,S_main,count_restorative,50,0.0,0.0,0.0,0.0
1.5,4,R_main,count_restorative,50,0.0,0.0,0.0,0.0
1.5,4,SxR,count_restorative,50,0.0,0.0,0.0,0.0
1.5,4,S1R0-S0R0,wait_impression,50,-0.24145390867859703,0.9694320542978437,-0.5169634176167716,0.03405560025957746
1.5,4,S0R1-S0R0,wait_impression,50,-9.122501716779473,2.380257326104622,-9.79896328430682,-8.446040149252125
1.5,4,S1R1-S0R0,wait_impression,50,-9.304008307277131,2.3280707735450825,-9.965638622417979,-8.642377992136284
1.5,4,S_main,wait_impression,50,-0.21148024958812697,0.9164962646376542,-0.4719455753369013,0.04898507616064732
1.5,4,R_main,wait_impression,50,-9.092528057689004,2.331577388335602,-9.755154941609156,-8.429901173768851
1.5,4,SxR,wait_impression,50,0.0599473181809401,0.7671416647459466,-0.15807190493341525,0.27796654129529547
1.5,4,S1R0-S0R0,count_impression,50,0.0,0.0,0.0,0.0
1.5,4,S0R1-S0R0,count_impression,50,0.0,0.0,0.0,0.0
1.5,4,S1R1-S0R0,count_impression,50,0.0,0.0,0.0,0.0
1.5,4,S_main,count_impression,50,0.0,0.0,0.0,0.0
1.5,4,R_main,count_impression,50,0.0,0.0,0.0,0.0
1.5,4,SxR,count_impression,50,0.0,0.0,0.0,0.0
1.5,4,S1R0-S0R0,wait_complex,50,0.33617744974130687,1.2845217335028947,-0.028879544659525247,0.701234444142139
1.5,4,S0R1-S0R0,wait_complex,50,-8.406291699628015,2.7691642174999367,-9.193279369728485,-7.619304029527546
1.5,4,S1R1-S0R0,wait_complex,50,-7.918649924194069,2.8510560656010804,-8.728910997269363,-7.108388851118775
1.5,4,S_main,wait_complex,50,0.41190961258762654,1.2177623818753622,0.06582541375548873,0.7579938114197644
1.5,4,R_main,wait_complex,50,-8.330559536781696,2.7230517243347307,-9.104442182871933,-7.556676890691457
1.5,4,SxR,wait_complex,50,0.15146432569263937,0.8654814655995734,-0.09450275629655414,0.3974314076818329
1.5,4,S1R0-S0R0,count_complex,50,0.0,0.0,0.0,0.0
1.5,4,S0R1-S0R0,count_complex,50,0.0,0.0,0.0,0.0
1.5,4,S1R1-S0R0,count_complex,50,0.0,0.0,0.0,0.0
1.5,4,S_main,count_complex,50,0.0,0.0,0.0,0.0
1.5,4,R_main,count_complex,50,0.0,0.0,0.0,0.0
1.5,4,SxR,count_complex,50,0.0,0.0,0.0,0.0
1.5,4,S1R0-S0R0,util_chair,50,0.0002563151268256125,0.0010116297300270436,-3.118682744892415e-05,0.0005438170811001492
1.5,4,S0R1-S0R0,util_chair,50,0.006519054212541473,0.0020535891020415495,0.00593543071612836,0.007102677708954586
1.5,4,S1R1-S0R0,util_chair,50,0.006633525168645513,0.0020274325929111425,0.006057335269000845,0.007209715068290181
1.5,4,S_main,util_chair,50,0.00018539304146482637,0.0007754457707887781,-3.4986182196125435e-05,0.0004057722651257782
1.5,4,R_main,util_chair,50,0.006448132127180687,0.001940625701031736,0.005896612470332423,0.00699965178402895
1.5,4,SxR,util_chair,50,-0.0001418441707215723,0.0008970458992770612,-0.00039678176444889375,0.00011309342300574914
1.5,4,S1R0-S0R0,overtime_chair_minutes,50,-0.4921250435051684,1.9423290816519092,-1.0441287957122747,0.0598787087019379
1.5,4,S0R1-S0R0,overtime_chair_minutes,50,-12.516584088079634,3.9428910759198037,-13.637141201192819,-11.39602697496645
1.5,4,S1R1-S0R0,overtime_chair_minutes,50,-12.736368323799375,3.8926705783894016,-13.84265293111714,-11.63008371648161
1.5,4,S_main,overtime_chair_minutes,50,-0.355954639612454,1.4888558799144471,-0.7790827490414796,0.06717346981657152
1.5,4,R_main,overtime_chair_minutes,50,-12.38041368418692,3.726001345980953,-13.439331425335592,-11.321495943038247
1.5,4,SxR,overtime_chair_minutes,50,0.27234080778542874,1.7223281266119799,-0.21713937217103474,0.7618209877418922
1.5,4,S1R0-S0R0,util_dentist,50,0.00041796277886760655,0.001676436779544327,-5.8475226096739474e-05,0.0008944007838319525
1.5,4,S0R1-S0R0,util_dentist,50,0.01084355749804464,0.003409549695047443,0.009874574310395455,0.011812540685693826
1.5,4,S1R1-S0R0,util_dentist,50,0.011076685914716299,0.0033773867237938734,0.010116843341282187,0.01203652848815041
1.5,4,S_main,util_dentist,50,0.00032554559776963197,0.001311640846053386,-4.72185622324414e-05,0.0006983097577717053
1.5,4,R_main,util_dentist,50,0.010751140316946666,0.0032313330060221783,0.009832805745938799,0.011669474887954534
1.5,4,SxR,util_dentist,50,-0.00018483436219594916,0.0014292937927868606,-0.0005910351157539747,0.0002213663913620764
1.5,4,S1R0-S0R0,overtime_dentist_minutes,50,-0.4012442677129093,1.6093793083625505,-0.8586247524786805,0.05613621705286198
1.5,4,S0R1-S0R0,overtime_dentist_minutes,50,-10.409815198122871,3.2731677072455505,-11.340039058266091,-9.47959133797965
1.5,4,S1R1-S0R0,overtime_dentist_minutes,50,-10.633618478127648,3.242291254842102,-11.555067348624391,-9.712169607630905
1.5,4,S_main,overtime_dentist_minutes,50,-0.312523773858843,1.2591752122112512,-0.6703773674608335,0.04532981974314759
1.5,4,R_main,overtime_dentist_minutes,50,-10.321094704268805,3.1020796857812836,-11.202695892436356,-9.439493516101255
1.5,4,SxR,overtime_dentist_minutes,50,0.17744098770813252,1.372122041075392,-0.21251173570757373,0.5673937111238387
1.5,4,S1R0-S0R0,util_assistant,50,0.0004246159991051002,0.0015381158142741213,-1.2511627118932077e-05,0.0008617436253291324
1.5,4,S0R1-S0R0,util_assistant,50,0.009891608749762013,0.0031791957171949012,0.0089880914305445,0.010795126068979526
1.5,4,S1R1-S0R0,util_assistant,50,0.0101285421985599,0.0030995812736698135,0.009247651051174378,0.011009433345945422
1.5,4,S_main,util_assistant,50,0.0003307747239514935,0.001225491991538515,-1.7506205381908127e-05,0.0006790556532848952
1.5,4,R_main,util_assistant,50,0.009797767474608407,0.0030084976979791486,0.008942761989966979,0.010652772959249835
1.5,4,SxR,util_assistant,50,-0.00018768255030721326,0.0013021168861042328,-0.0005577400311592574,0.00018237493054483082
1.5,4,S1R0-S0R0,overtime_assistant_minutes,50,-0.6114470387113307,2.214886772554725,-1.2409108204739343,0.018016743051272988
1.5,4,S0R1-S0R0,overtime_assistant_minutes,50,-14.24391659965729,4.578041832760662,-15.54498153933051,-12.942851659984068
1.5,4,S1R1-S0R0,overtime_assistant_minutes,50,-14.585100765926239,4.4633970340845295,-15.85358401816139,-13.316617513691087
1.5,4,S_main,overtime_assistant_minutes,50,-0.47631560249014,1.7647084678154417,-0.9778401407302328,0.02520893574995281
1.5,4,R_main,overtime_assistant_minutes,50,-14.108785163436098,4.3322366850899705,-15.339993061319754,-12.877577265552441
1.5,4,SxR,overtime_assistant_minutes,50,0.2702628724423812,1.8750483159901168,-0.2626198999845684,0.8031456448693308
1.5,4,S1R0-S0R0,util_frontdesk,50,5.4028225464062274e-05,0.00033216156622861,-4.037103603556113e-05,0.00014842748696368568
1.5,4,S0R1-S0R0,util_frontdesk,50,0.0014595851434951311,0.0006600345001163457,0.0012720054361777182,0.0016471648508125441
1.5,4,S1R1-S0R0,util_frontdesk,50,0.0014400751170735538,0.0006497269098596948,0.0012554247941491531,0.0016247254399979546
1.5,4,S_main,util_frontdesk,50,1.725909952124238e-05,0.00027458007804070396,-6.077568603161681e-05,9.529388507410157e-05
1.5,4,R_main,util_frontdesk,50,0.0014228160175523113,0.0006186634305909077,0.0012469938367151386,0.001598638198389484
1.5,4,SxR,util_frontdesk,50,-7.353825188563979e-05,0.0004055918563055588,-0.00018880616846077638,4.172966468949681e-05
1.5,4,S1R0-S0R0,overtime_frontdesk_minutes,50,-0.02593354822274918,0.15943755178973273,-0.0712451937425684,0.019378097297070032
1.5,4,S0R1-S0R0,overtime_frontdesk_minutes,50,-0.7006008688776681,0.31681656005585096,-0.7906391283900278,-0.6105626093653085
1.5,4,S1R1-S0R0,overtime_frontdesk_minutes,50,-0.6912360561953058,0.3118689167326559,-0.7798682111990188,-0.6026039011915928
1.5,4,S_main,overtime_frontdesk_minutes,50,-0.008284367770193413,0.13179843745953984,-0.04574106483556638,0.029172329295179548
1.5,4,R_main,overtime_frontdesk_minutes,50,-0.6829516884251124,0.29695844668363763,-0.767346335226956,-0.598557041623269
1.5,4,SxR,overtime_frontdesk_minutes,50,0.035298360905111535,0.19468409102667275,-0.02003023905095532,0.09062696086117839
1.5,4,S1R0-S0R0,util_sterilizer,50,7.898802016420792e-05,0.0022851308942588317,-0.0005704389177481159,0.0007284149580765317
1.5,4,S0R1-S0R0,util_sterilizer,50,0.001629655384096309,0.0025563775073750745,0.000903141020768775,0.0023561697474238433
1.5,4,S1R1-S0R0,util_sterilizer,50,0.001487151253627501,0.003050688807607214,0.0006201551897147854,0.002354147317540217
1.5,4,S_main,util_sterilizer,50,-3.1758055152300014e-05,0.0021018857774091513,-0.0006291073132161475,0.0005655912029115474
1.5,4,R_main,util_sterilizer,50,0.0015189093087798011,0.0023163971875088643,0.0008605965896913302,0.0021772220278682723
1.5,4,SxR,util_sterilizer,50,-0.00022149215063301585,0.0015306139032515316,-0.0006564877575857969,0.00021350345631976524
1.5,4,S1R0-S0R0,overtime_sterilizer_minutes,50,-0.34724758301214137,2.0596934339229453,-0.9326059111461393,0.23811074512185665
1.5,4,S0R1-S0R0,overtime_sterilizer_minutes,50,-8.051567917699565,2.8543177411030927,-8.862755948586797,-7.240379886812332
1.5,4,S1R1-S0R0,overtime_sterilizer_minutes,50,-8.27316593507453,3.0736426829218857,-9.146685417403356,-7.3996464527457055
1.5,4,S_main,overtime_sterilizer_minutes,50,-0.28442280019355337,1.6683995725516247,-0.758576656473134,0.1897310560860272
1.5,4,R_main,overtime_sterilizer_minutes,50,-7.988743134880976,2.5292501683882644,-8.707547994680212,-7.269938275081741
1.5,4,SxR,overtime_sterilizer_minutes,50,0.125649565637176,1.9655859618362956,-0.43296371800705113,0.6842628492814031
