demand,kits,policy,metric,n,mean,sd,ci_low,ci_high
0.8,1,S0R0,scheduled,50,22.0,0.0,22.0,22.0
0.8,1,S0R0,attended,50,19.134,0.2868619806080396,19.052474736769874,19.215525263230127
0.8,1,S0R0,completed,50,19.134,0.2868619806080396,19.052474736769874,19.215525263230127
0.8,1,S0R0,mean_wait,50,262.47148853181716,14.141508194975417,258.4525168450755,266.49046021855884
0.8,1,S0R0,p90_wait,50,476.03116805292615,24.89762613239387,468.95534183173686,483.10699427411544
0.8,1,S0R0,post_registration_wait,50,259.3473547913194,14.140169854819469,255.32876345659673,263.36594612604205
0.8,1,S0R0,registration_elapsed,50,3.124133740497752,0.034814144703377195,3.114239671213776,3.134027809781728
0.8,1,S0R0,mean_los,50,305.53600350668296,14.147927071360083,301.5152075956722,309.5567994176937
0.8,1,S0R0,completed_by_close,50,8.750666666666666,0.2522677194323,8.67897298252076,8.822360350812572
0.8,1,S0R0,overtime,50,525.5709501189559,28.045423128873054,517.6005299951902,533.5413702427217
0.8,1,S0R0,reprocessing_overtime,50,574.5616438338773,27.613623528669134,566.7139397842133,582.4093478835413
0.8,1,S0R0,bypass_events,50,0.0,0.0,0.0,0.0
0.8,1,S0R0,max_bypasses,50,0.0,0.0,0.0,0.0
0.8,1,S0R0,kit_unavailable_wait,50,172.0615712979282,10.847672849912497,168.97869714831486,175.14444544754153
0.8,1,S0R0,mean_cycle_queue,50,5.896272785851036,0.3326505601068211,5.801734553845267,5.990811017856806
0.8,1,S0R0,wait_routine,50,268.7600561372339,14.957761889736334,264.50910774452757,273.01100452994024
0.8,1,S0R0,count_routine,50,9.958,0.41539588526681226,9.839945809551665,10.076054190448335
0.8,1,S0R0,wait_restorative,50,254.57448243438748,19.40749973208838,249.05893268832693,260.090032180448
0.8,1,S0R0,count_restorative,50,5.333333333333334,0.29615832010411836,5.249166079962556,5.4175005867041115
0.8,1,S0R0,wait_impression,50,249.13267742418626,24.96008897295753,242.03909946221813,256.2262553861544
0.8,1,S0R0,count_impression,50,2.478666666666667,0.25614975778379806,2.4058697195585363,2.5514636137747972
0.8,1,S0R0,wait_complex,50,246.55767724525265,33.25587295983,237.1064638385438,256.0088906519615
0.8,1,S0R0,count_complex,50,1.364,0.21112376140639758,1.3039992979679358,1.4240007020320644
0.8,1,S0R0,util_chair,50,0.231966583953819,0.007364855561651279,0.22987351540899892,0.23405965249863908
0.8,1,S0R0,overtime_chair_minutes,50,490.2361366997281,19.587384156233682,484.6694643720052,495.80280902745096
0.8,1,S0R0,util_dentist,50,0.3820025882957643,0.012774505122002964,0.37837211453797176,0.3856330620535568
0.8,1,S0R0,overtime_dentist_minutes,50,396.64750639624816,16.499693031767976,391.95834607329436,401.33666671920196
0.8,1,S0R0,util_assistant,50,0.3568026665206332,0.010925006528091407,0.3536978143854509,0.3599075186558155
0.8,1,S0R0,overtime_assistant_minutes,50,574.8881381013489,22.379663415211844,568.527908882198,581.2483673204998
0.8,1,S0R0,util_frontdesk,50,0.1748599528011609,0.002805268706468297,0.17406270435003712,0.17565720125228468
0.8,1,S0R0,overtime_frontdesk_minutes,50,31.067353446336764,1.1618492332322197,30.737159586654816,31.397547306018712
0.8,1,S0R0,util_sterilizer,50,0.4820610452922772,0.012892289662254698,0.47839709754246906,0.4857249930420854
0.8,1,S0R0,overtime_sterilizer_minutes,50,316.1306982597069,9.870902625254732,313.32541910372703,318.93597741568675
0.8,1,S0R1,scheduled,50,22.0,0.0,22.0,22.0
0.8,1,S0R1,attended,50,19.134,0.2868619806080396,19.052474736769874,19.215525263230127
0.8,1,S0R1,completed,50,19.134,0.2868619806080396,19.052474736769874,19.215525263230127
0.8,1,S0R1,mean_wait,50,179.06764615726036,12.53815954042239,175.50434106263745,182.63095125188326
0.8,1,S0R1,p90_wait,50,378.62759343936244,25.641586210231594,371.3403361283861,385.91485075033876
0.8,1,S0R1,post_registration_wait,50,175.92145149201858,12.538839714862613,172.35795309398137,179.4849498900558
0.8,1,S0R1,registration_elapsed,50,3.146194665241834,0.03488330262282021,3.136280941496939,3.156108388986729
0.8,1,S0R1,mean_los,50,222.13533357636268,12.492992751344879,218.58486473965377,225.6858024130716
0.8,1,S0R1,completed_by_close,50,10.965333333333335,0.27757943031870075,10.88644614139513,11.044220525271541
0.8,1,S0R1,overtime,50,429.35019076679106,28.86689716127345,421.1463103336939,437.5540711998882
0.8,1,S0R1,reprocessing_overtime,50,473.91991557773014,28.68861101898851,465.76670349967003,482.07312765579024
0.8,1,S0R1,bypass_events,50,14.193333333333333,0.6929185048920029,13.996408096365341,14.390258570301325
0.8,1,S0R1,max_bypasses,50,1.9926666666666666,0.015489005683134015,1.9882647404761904,1.9970685928571428
0.8,1,S0R1,kit_unavailable_wait,50,152.96804705884773,10.98555475668296,149.8459873095244,156.09010680817107
0.8,1,S0R1,mean_cycle_queue,50,5.6831662447130755,0.37723077963204465,5.5759584559959325,5.7903740334302185
0.8,1,S0R1,wait_routine,50,223.8795071017942,15.284415377259593,219.53572482605142,228.22328937753696
0.8,1,S0R1,count_routine,50,9.958,0.41539588526681226,9.839945809551665,10.076054190448335
0.8,1,S0R1,wait_restorative,50,130.3870648212979,14.40117299388039,126.29429722393242,134.47983241866342
0.8,1,S0R1,count_restorative,50,5.333333333333334,0.29615832010411836,5.249166079962556,5.4175005867041115
0.8,1,S0R1,wait_impression,50,72.13482296183655,15.203123627221519,67.81414354310621,76.45550238056688
0.8,1,S0R1,count_impression,50,2.478666666666667,0.25614975778379806,2.4058697195585363,2.5514636137747972
0.8,1,S0R1,wait_complex,50,67.83459986105706,19.68543663310692,62.24006133102147,73.42913839109265
0.8,1,S0R1,count_complex,50,1.364,0.21112376140639758,1.3039992979679358,1.4240007020320644
0.8,1,S0R1,util_chair,50,0.2938896274862158,0.008241899978672378,0.29154730570536,0.2962319492670715
0.8,1,S0R1,overtime_chair_minutes,50,371.34389311752625,20.58552944039163,365.49355107219077,377.19423516286173
0.8,1,S0R1,util_dentist,50,0.485150951546765,0.014398016144445669,0.4810590811159763,0.48924282197755375
0.8,1,S0R1,overtime_dentist_minutes,50,297.6250776752875,17.017156285467394,292.788855940151,302.46129941042403
0.8,1,S0R1,util_assistant,50,0.4515214544969943,0.012193669316917174,0.4480560524290881,0.45498685656490057
0.8,1,S0R1,overtime_assistant_minutes,50,438.4930834153888,23.581322955165202,431.7913463739045,445.1948204568731
0.8,1,S0R1,util_frontdesk,50,0.18873614994908286,0.0028868776280920813,0.18791570850178996,0.18955659139637576
0.8,1,S0R1,overtime_frontdesk_minutes,50,24.40677881533421,1.169797539550171,24.07432607225673,24.73923155841169
0.8,1,S0R1,util_sterilizer,50,0.600597806384727,0.01256425869545857,0.5970270839931869,0.6041685287762671
0.8,1,S0R1,overtime_sterilizer_minutes,50,256.81638626866436,10.605748830895292,253.80226615641166,259.83050638091703
0.8,1,S1R0,scheduled,50,22.0,0.0,22.0,22.0
0.8,1,S1R0,attended,50,19.134,0.2868619806080396,19.052474736769874,19.215525263230127
0.8,1,S1R0,completed,50,19.134,0.2868619806080396,19.052474736769874,19.215525263230127
0.8,1,S1R0,mean_wait,50,263.14644197774,14.426754237170648,259.0464042723296,267.24647968315037
0.8,1,S1R0,p90_wait,50,476.978949802368,25.364029306022562,469.77057328148106,484.1873263232549
0.8,1,S1R0,post_registration_wait,50,260.01247759433926,14.423609933993683,255.91333348989903,264.11162169877946
0.8,1,S1R0,registration_elapsed,50,3.1339643834007664,0.03575196085480428,3.1238037897469715,3.1441249770545614
0.8,1,S1R0,mean_los,50,306.20838885054457,14.425239264531243,302.10878169554366,310.3079960055455
0.8,1,S1R0,completed_by_close,50,8.738000000000001,0.26436163645644933,8.662869263070776,8.813130736929226
0.8,1,S1R0,overtime,50,526.4818546758469,28.420639962611776,518.4047991203864,534.5589102313073
0.8,1,S1R0,reprocessing_overtime,50,575.5044559273988,27.97645171032246,567.5536372615912,583.4552745932064
0.8,1,S1R0,bypass_events,50,0.0,0.0,0.0,0.0
0.8,1,S1R0,max_bypasses,50,0.0,0.0,0.0,0.0
0.8,1,S1R0,kit_unavailable_wait,50,172.30503870302667,10.986226801905419,169.18278796058686,175.42728944546647
0.8,1,S1R0,mean_cycle_queue,50,5.896139111945832,0.3275062265381172,5.8030628831913935,5.98921534070027
0.8,1,S1R0,wait_routine,50,268.7199201767438,15.194870035611588,264.4015864025188,273.03825395096885
0.8,1,S1R0,count_routine,50,9.958,0.41539588526681226,9.839945809551665,10.076054190448335
0.8,1,S1R0,wait_restorative,50,255.91694508245098,19.658871776775722,250.32995620016055,261.5039339647414
0.8,1,S1R0,count_restorative,50,5.333333333333334,0.29615832010411836,5.249166079962556,5.4175005867041115
0.8,1,S1R0,wait_impression,50,250.05244775621887,25.414934127506775,242.82960424684367,257.2752912655941
0.8,1,S1R0,count_impression,50,2.478666666666667,0.25614975778379806,2.4058697195585363,2.5514636137747972
0.8,1,S1R0,wait_complex,50,249.7230126349846,33.63674315943786,240.1635571279677,259.2824681420015
0.8,1,S1R0,count_complex,50,1.364,0.21112376140639758,1.3039992979679358,1.4240007020320644
0.8,1,S1R0,util_chair,50,0.23165029510516075,0.007496699092540343,0.22951975704786592,0.23378083316245557
0.8,1,S1R0,overtime_chair_minutes,50,490.843411289152,19.803871645184067,485.21521390507525,496.4716086732288
0.8,1,S1R0,util_dentist,50,0.3815309910629978,0.012960106911062318,0.3778477698666044,0.38521421225939123
0.8,1,S1R0,overtime_dentist_minutes,50,397.10023973970397,16.682013500553367,392.359264518943,401.8412149604649
0.8,1,S1R0,util_assistant,50,0.35630010957561525,0.011113556732845753,0.35314167207146174,0.35945854707976876
0.8,1,S1R0,overtime_assistant_minutes,50,575.6118201021745,22.610032432369753,569.1861207404692,582.0375194638799
0.8,1,S1R0,util_frontdesk,50,0.17476824499350518,0.0028062466631461063,0.17397071861020155,0.17556577137680882
0.8,1,S1R0,overtime_frontdesk_minutes,50,31.111373194011502,1.181413876057496,30.77561912501582,31.447127263007186
0.8,1,S1R0,util_sterilizer,50,0.48162122766762006,0.012996924852638989,0.47792754292923945,0.48531491240600066
0.8,1,S1R0,overtime_sterilizer_minutes,50,316.53514405287564,9.93036420628425,313.71296610453845,319.3573220012128
0.8,1,S1R1,scheduled,50,22.0,0.0,22.0,22.0
0.8,1,S1R1,attended,50,19.134,0.2868619806080396,19.052474736769874,19.215525263230127
0.8,1,S1R1,completed,50,19.134,0.2868619806080396,19.052474736769874,19.215525263230127
0.8,1,S1R1,mean_wait,50,179.13934873211383,12.398654316667363,175.615690578729,182.66300688549867
0.8,1,S1R1,p90_wait,50,378.8865674895211,25.42800423336992,371.6600094975969,386.1131254814453
0.8,1,S1R1,post_registration_wait,50,175.98248050527292,12.406992787371195,172.45645258501403,179.5085084255318
0.8,1,S1R1,registration_elapsed,50,3.1568682268409547,0.03806845653313791,3.146049292477292,3.1676871612046176
0.8,1,S1R1,mean_los,50,222.20766401101184,12.355716430855487,218.69620866831644,225.71911935370724
0.8,1,S1R1,completed_by_close,50,10.974,0.26566905230281124,10.89849769964226,11.04950230035774
0.8,1,S1R1,overtime,50,430.0718452283772,28.32869534145408,422.02092004204616,438.1227704147082
0.8,1,S1R1,reprocessing_overtime,50,474.5954203315622,28.151136261092578,466.5949568715801,482.5958837915443
0.8,1,S1R1,bypass_events,50,14.265999999999998,0.7092997409057609,14.06441926781711,14.467580732182887
0.8,1,S1R1,max_bypasses,50,1.992,0.015879363810031615,1.987487135270433,1.996512864729567
0.8,1,S1R1,kit_unavailable_wait,50,152.9899908944989,10.912308934676679,149.88874737501163,156.09123441398617
0.8,1,S1R1,mean_cycle_queue,50,5.632071475642538,0.3542810684538732,5.531385921907145,5.732757029377931
0.8,1,S1R1,wait_routine,50,224.12897859802013,15.078835156272051,219.84362156773997,228.41433562830028
0.8,1,S1R1,count_routine,50,9.958,0.41539588526681226,9.839945809551665,10.076054190448335
0.8,1,S1R1,wait_restorative,50,130.03349453983617,13.790418940638723,126.1143013034015,133.95268777627084
0.8,1,S1R1,count_restorative,50,5.333333333333334,0.29615832010411836,5.249166079962556,5.4175005867041115
0.8,1,S1R1,wait_impression,50,72.6627824720291,14.464456139156473,68.55203000589246,76.77353493816572
0.8,1,S1R1,count_impression,50,2.478666666666667,0.25614975778379806,2.4058697195585363,2.5514636137747972
0.8,1,S1R1,wait_complex,50,68.18843798200456,19.29793361380425,62.704026578554924,73.6728493854542
0.8,1,S1R1,count_complex,50,1.364,0.21112376140639758,1.3039992979679358,1.4240007020320644
0.8,1,S1R1,util_chair,50,0.2940133728456169,0.008073784169563596,0.2917188290434312,0.2963079166478026
0.8,1,S1R1,overtime_chair_minutes,50,371.10630202747615,19.971837180158037,365.43036937216084,376.78223468279145
0.8,1,S1R1,util_dentist,50,0.4853199999531881,0.014132432688229236,0.4813036074966214,0.4893363924097548
0.8,1,S1R1,overtime_dentist_minutes,50,297.46279120512133,16.60438574850988,292.7438775447871,302.1817048654556
0.8,1,S1R1,util_assistant,50,0.45164609061619104,0.011845782759041815,0.4482795568024358,0.4550126244299463
0.8,1,S1R1,overtime_assistant_minutes,50,438.3136074037455,22.794381346787826,431.83551666643064,444.79169814106035
0.8,1,S1R1,util_frontdesk,50,0.18880335822310823,0.0029527830921200256,0.18796418665238876,0.1896425297938277
0.8,1,S1R1,overtime_frontdesk_minutes,50,24.374518843802047,1.129018945744605,24.053655247488134,24.69538244011596
0.8,1,S1R1,util_sterilizer,50,0.5997707182138488,0.01287704890753002,0.5961111018380976,0.6034303345895999
0.8,1,S1R1,overtime_sterilizer_minutes,50,256.90405525735264,10.268673185403381,253.98573097230906,259.8223795423962
0.8,2,S0R0,scheduled,50,22.0,0.0,22.0,22.0
0.8,2,S0R0,attended,50,19.134,0.2868619806080396,19.052474736769874,19.215525263230127
0.8,2,S0R0,completed,50,19.134,0.2868619806080396,19.052474736769874,19.215525263230127
0.8,2,S0R0,mean_wait,50,58.03181241407233,5.845288586371606,56.370599974383,59.693024853761656
0.8,2,S0R0,p90_wait,50,109.4896521628773,10.603549032897968,106.4761572262244,112.50314709953021
0.8,2,S0R0,post_registration_wait,50,54.838310298779135,5.846200963844354,53.17683856431162,56.499782033246646
0.8,2,S0R0,registration_elapsed,50,3.193502115293184,0.03423582655499517,3.18377240218906,3.203231828397308
0.8,2,S0R0,mean_los,50,101.18173651542288,5.904525037967223,99.50368926444585,102.85978376639991
0.8,2,S0R0,completed_by_close,50,14.925333333333334,0.33241779029045254,14.830861253769626,15.019805412897043
0.8,2,S0R0,overtime,50,112.11321628212883,13.008672033545576,108.41619303226756,115.8102395319901
0.8,2,S0R0,reprocessing_overtime,50,164.483981131873,12.528643062334128,160.92338059007903,168.04458167366698
0.8,2,S0R0,bypass_events,50,0.0,0.0,0.0,0.0
0.8,2,S0R0,max_bypasses,50,0.0,0.0,0.0,0.0
0.8,2,S0R0,kit_unavailable_wait,50,29.43916596515172,3.994503140730308,28.303940867244567,30.574391063058872
0.8,2,S0R0,mean_cycle_queue,50,9.837792277872062,0.3879342637602085,9.727542592981788,9.948041962762336
0.8,2,S0R0,wait_routine,50,60.6222081931988,5.933370046472001,58.93596328247529,62.30845310392231
0.8,2,S0R0,count_routine,50,9.958,0.41539588526681226,9.839945809551665,10.076054190448335
0.8,2,S0R0,wait_restorative,50,54.418049494963746,6.729618778322487,52.50551322515818,56.33058576476931
0.8,2,S0R0,count_restorative,50,5.333333333333334,0.29615832010411836,5.249166079962556,5.4175005867041115
0.8,2,S0R0,wait_impression,50,53.82527316932008,7.986519115691505,51.555529818113044,56.09501652052711
0.8,2,S0R0,count_impression,50,2.478666666666667,0.25614975778379806,2.4058697195585363,2.5514636137747972
0.8,2,S0R0,wait_complex,50,53.033820780238486,10.182616341631196,50.139953576702915,55.92768798377406
0.8,2,S0R0,count_complex,50,1.364,0.21112376140639758,1.3039992979679358,1.4240007020320644
0.8,2,S0R0,util_chair,50,0.39492267321625923,0.00927938883671201,0.3922855003991291,0.3975598460333894
0.8,2,S0R0,overtime_chair_minutes,50,177.36044531584284,19.36171264970719,171.8579081130819,182.8629825186038
0.8,2,S0R0,util_dentist,50,0.6502649485151187,0.016158505184338035,0.6456727526940961,0.6548571443361414
0.8,2,S0R0,overtime_dentist_minutes,50,139.11564058566802,16.05308686851846,134.55340431497777,143.67787685635827
0.8,2,S0R0,util_assistant,50,0.6076436253978416,0.013808963843690408,0.6037191617588961,0.611568089036787
0.8,2,S0R0,overtime_assistant_minutes,50,213.67715731816858,22.249265714177618,207.35398671124256,220.0003279250946
0.8,2,S0R0,util_frontdesk,50,0.2135104641885964,0.0031620793087133846,0.21261181129827272,0.21440911707892008
0.8,2,S0R0,overtime_frontdesk_minutes,50,12.515107980367704,1.194545817183507,12.175621855437834,12.854594105297574
0.8,2,S0R0,util_sterilizer,50,0.7236912491305445,0.011359590917355705,0.7204628894930596,0.7269196087680294
0.8,2,S0R0,overtime_sterilizer_minutes,50,141.2588670840053,9.897086256269189,138.44614662330375,144.07158754470683
0.8,2,S0R1,scheduled,50,22.0,0.0,22.0,22.0
0.8,2,S0R1,attended,50,19.134,0.2868619806080396,19.052474736769874,19.215525263230127
0.8,2,S0R1,completed,50,19.134,0.2868619806080396,19.052474736769874,19.215525263230127
0.8,2,S0R1,mean_wait,50,40.785903592762004,4.214426889633048,39.58817686434303,41.983630321180975
0.8,2,S0R1,p90_wait,50,93.3933584330174,9.100107818160948,90.80713671159732,95.97958015443747
0.8,2,S0R1,post_registration_wait,50,37.579930480507954,4.220730350972908,36.380412328408845,38.779448632607064
0.8,2,S0R1,registration_elapsed,50,3.2059731122540494,0.031303755004408386,3.1970766845663636,3.214869539941735
0.8,2,S0R1,mean_los,50,83.9476175845887,4.29498642407082,82.72699609250388,85.16823907667352
0.8,2,S0R1,completed_by_close,50,16.113333333333333,0.27709212430430763,16.03458463221574,16.192082034450927
0.8,2,S0R1,overtime,50,85.93006765271618,11.734433227820272,82.59517902186089,89.26495628357146
0.8,2,S0R1,reprocessing_overtime,50,135.68075902652123,11.192322796822399,132.49993645730723,138.86158159573523
0.8,2,S0R1,bypass_events,50,5.915333333333334,0.6295162451818426,5.73642681708009,6.094239849586578
0.8,2,S0R1,max_bypasses,50,1.649333333333333,0.10546087172431587,1.619361688748089,1.6793049779185771
0.8,2,S0R1,kit_unavailable_wait,50,27.933228405424348,3.9566033017872964,26.808774321297616,29.05768248955108
0.8,2,S0R1,mean_cycle_queue,50,9.972970919245292,0.3563184461285901,9.87170634924961,10.074235489240973
0.8,2,S0R1,wait_routine,50,52.47626504322939,5.278697462976906,50.97607600015992,53.97645408629886
0.8,2,S0R1,count_routine,50,9.958,0.41539588526681226,9.839945809551665,10.076054190448335
0.8,2,S0R1,wait_restorative,50,24.654251516789255,3.631765366599974,23.622115341495,25.68638769208351
0.8,2,S0R1,count_restorative,50,5.333333333333334,0.29615832010411836,5.249166079962556,5.4175005867041115
0.8,2,S0R1,wait_impression,50,17.689706340158324,3.602478234874072,16.665893474624912,18.713519205691735
0.8,2,S0R1,count_impression,50,2.478666666666667,0.25614975778379806,2.4058697195585363,2.5514636137747972
0.8,2,S0R1,wait_complex,50,18.273138114553674,4.606635067320784,16.963947068488892,19.582329160618457
0.8,2,S0R1,count_complex,50,1.364,0.21112376140639758,1.3039992979679358,1.4240007020320644
0.8,2,S0R1,util_chair,50,0.42722837887848747,0.007955044897978289,0.4249675803999282,0.4294891773570467
0.8,2,S0R1,overtime_chair_minutes,50,115.3334904443644,13.99751327383995,111.3554416565879,119.3115392321409
0.8,2,S0R1,util_dentist,50,0.7037998244211465,0.014142075911909009,0.6997806913910566,0.7078189574512365
0.8,2,S0R1,overtime_dentist_minutes,50,87.72215971588119,11.26735459780251,84.52001334728266,90.92430608447972
0.8,2,S0R1,util_assistant,50,0.6571274812217868,0.011636738102812544,0.6538203572349798,0.6604346052085938
0.8,2,S0R1,overtime_assistant_minutes,50,142.42040493168767,16.45701583835004,137.74337333147346,147.09743653190188
0.8,2,S0R1,util_frontdesk,50,0.22099775601615426,0.003185778919678015,0.22009236777171273,0.2219031442605958
0.8,2,S0R1,overtime_frontdesk_minutes,50,8.921207903139921,0.9956777967473536,8.6382394376076,9.204176368672242
0.8,2,S0R1,util_sterilizer,50,0.7587387300770928,0.007681372730361126,0.7565557083588295,0.7609217517953561
0.8,2,S0R1,overtime_sterilizer_minutes,50,115.42674289632885,8.393214588418536,113.04141798426703,117.81206780839067
0.8,2,S1R0,scheduled,50,22.0,0.0,22.0,22.0
0.8,2,S1R0,attended,50,19.134,0.2868619806080396,19.052474736769874,19.215525263230127
0.8,2,S1R0,completed,50,19.134,0.2868619806080396,19.052474736769874,19.215525263230127
0.8,2,S1R0,mean_wait,50,58.7154765427769,5.950165800641855,57.02445833209588,60.40649475345791
0.8,2,S1R0,p90_wait,50,110.83008297691622,10.61859725135161,107.81231138440262,113.84785456942981
0.8,2,S1R0,post_registration_wait,50,55.521086745797746,5.947287528754815,53.83088653083977,57.21128696075572
0.8,2,S1R0,registration_elapsed,50,3.194389796979159,0.03687875226414017,3.183908972787818,3.2048706211704996
0.8,2,S1R0,mean_los,50,101.86675167397067,6.008613169475567,100.15912290681516,103.57438044112618
0.8,2,S1R0,completed_by_close,50,14.896666666666665,0.3231961978627303,14.80481533436433,14.988517998969
0.8,2,S1R0,overtime,50,113.13473316537029,13.140756146575217,109.40017203035451,116.86929430038607
0.8,2,S1R0,reprocessing_overtime,50,165.5524919882422,12.538949078722762,161.9889625093435,169.11602146714088
0.8,2,S1R0,bypass_events,50,0.0,0.0,0.0,0.0
0.8,2,S1R0,max_bypasses,50,0.0,0.0,0.0,0.0
0.8,2,S1R0,kit_unavailable_wait,50,29.82540716195126,3.9901305771506617,28.691424732717262,30.95938959118526
0.8,2,S1R0,mean_cycle_queue,50,9.824964454603453,0.35934403693841144,9.722840021315067,9.92708888789184
0.8,2,S1R0,wait_routine,50,60.67416678130933,5.863904087399319,59.00766387538872,62.34066968722994
0.8,2,S1R0,count_routine,50,9.958,0.41539588526681226,9.839945809551665,10.076054190448335
0.8,2,S1R0,wait_restorative,50,55.64009404089712,6.983638050953947,53.65536630109295,57.62482178070129
0.8,2,S1R0,count_restorative,50,5.333333333333334,0.29615832010411836,5.249166079962556,5.4175005867041115
0.8,2,S1R0,wait_impression,50,54.73315686554592,8.14981896493441,52.41700421615741,57.049309514934436
0.8,2,S1R0,count_impression,50,2.478666666666667,0.25614975778379806,2.4058697195585363,2.5514636137747972
0.8,2,S1R0,wait_complex,50,55.91218834538313,10.768911949404105,52.85169779338905,58.97267889737721
0.8,2,S1R0,count_complex,50,1.364,0.21112376140639758,1.3039992979679358,1.4240007020320644
0.8,2,S1R0,util_chair,50,0.39422671989887026,0.009028090663715568,0.3916609652238702,0.3967924745738703
0.8,2,S1R0,overtime_chair_minutes,50,178.69667568522948,19.3215832853902,173.2055431202747,184.18780825018425
0.8,2,S1R0,util_dentist,50,0.6491586580781475,0.015816399105548013,0.6446636877174905,0.6536536284388046
0.8,2,S1R0,overtime_dentist_minutes,50,140.17767940516026,16.03576833832882,135.62036500571094,144.7349938046096
0.8,2,S1R0,util_assistant,50,0.6064866174481491,0.013341740974403937,0.6026949370638022,0.6102782978324961
0.8,2,S1R0,overtime_assistant_minutes,50,215.34324876572583,22.15060481664685,209.04811727232982,221.63838025912185
0.8,2,S1R0,util_frontdesk,50,0.213295411445687,0.003113651660553464,0.2124105215390654,0.21418030135230862
0.8,2,S1R0,overtime_frontdesk_minutes,50,12.618333296964217,1.2261680200858696,12.269860242466102,12.966806351462331
0.8,2,S1R0,util_sterilizer,50,0.7233441842451382,0.011045288160637039,0.7202051484522463,0.7264832200380302
0.8,2,S1R0,overtime_sterilizer_minutes,50,142.0441248956669,9.821125523860143,139.2529922337098,144.835257557624
0.8,2,S1R1,scheduled,50,22.0,0.0,22.0,22.0
0.8,2,S1R1,attended,50,19.134,0.2868619806080396,19.052474736769874,19.215525263230127
0.8,2,S1R1,completed,50,19.134,0.2868619806080396,19.052474736769874,19.215525263230127
0.8,2,S1R1,mean_wait,50,40.811171277539145,4.244206393111313,39.604981308872084,42.01736124620621
0.8,2,S1R1,p90_wait,50,94.340182745288,9.146432740222371,91.7407956282405,96.9395698623355
0.8,2,S1R1,post_registration_wait,50,37.599767993570104,4.240044036948681,36.394760953296334,38.804775033843875
0.8,2,S1R1,registration_elapsed,50,3.2114032839690343,0.037310490747564574,3.2007997610727865,3.222006806865282
0.8,2,S1R1,mean_los,50,83.96942362163925,4.325526719547959,82.7401226746381,85.1987245686404
0.8,2,S1R1,completed_by_close,50,16.087333333333333,0.2890982147606204,16.005172539463885,16.169494127202782
0.8,2,S1R1,overtime,50,86.43036766637631,11.533770019444704,83.15250688162578,89.70822845112684
0.8,2,S1R1,reprocessing_overtime,50,136.06331222422142,11.111675774696941,132.90540928239605,139.2212151660468
0.8,2,S1R1,bypass_events,50,6.1306666666666665,0.6827262941646265,5.936638023596148,6.324695309737185
0.8,2,S1R1,max_bypasses,50,1.6719999999999997,0.09388563506551639,1.6453180008866282,1.6986819991133713
0.8,2,S1R1,kit_unavailable_wait,50,28.373097389131637,3.953055418601149,27.249651602131095,29.496543176132178
0.8,2,S1R1,mean_cycle_queue,50,10.03206198723301,0.3744601211212666,9.925641610859369,10.138482363606652
0.8,2,S1R1,wait_routine,50,52.9326673894799,5.412657572162744,51.39440730911032,54.470927469849485
0.8,2,S1R1,count_routine,50,9.958,0.41539588526681226,9.839945809551665,10.076054190448335
0.8,2,S1R1,wait_restorative,50,23.90861420923629,3.6685007598289374,22.866037951932892,24.95119046653969
0.8,2,S1R1,count_restorative,50,5.333333333333334,0.29615832010411836,5.249166079962556,5.4175005867041115
0.8,2,S1R1,wait_impression,50,17.24376268959319,3.5208924691345653,16.24313623940017,18.24438913978621
0.8,2,S1R1,count_impression,50,2.478666666666667,0.25614975778379806,2.4058697195585363,2.5514636137747972
0.8,2,S1R1,wait_complex,50,18.931653670515043,5.070066270473762,17.49075694931681,20.372550391713276
0.8,2,S1R1,count_complex,50,1.364,0.21112376140639758,1.3039992979679358,1.4240007020320644
0.8,2,S1R1,util_chair,50,0.42713046221268347,0.007936920728583837,0.42487481456546683,0.4293861098599001
0.8,2,S1R1,overtime_chair_minutes,50,115.52149044270814,13.731283646486471,111.61910326893725,119.42387761647903
0.8,2,S1R1,util_dentist,50,0.7037240734792399,0.014148795152932995,0.699703030862205,0.7077451160962749
0.8,2,S1R1,overtime_dentist_minutes,50,87.79488062011133,10.99815693559634,84.66923937159102,90.92052186863164
0.8,2,S1R1,util_assistant,50,0.6569810599337983,0.011576043082462373,0.6536911852788836,0.660270934588713
0.8,2,S1R1,overtime_assistant_minutes,50,142.63125158639107,16.13490238454292,138.0457636060596,147.21673956672254
0.8,2,S1R1,util_frontdesk,50,0.22084351351439746,0.003227978408271927,0.21992613230940916,0.22176089471938576
0.8,2,S1R1,overtime_frontdesk_minutes,50,8.995244303983183,0.9994061196796831,8.711216260922251,9.279272347044115
0.8,2,S1R1,util_sterilizer,50,0.7607673658971155,0.00825312126347467,0.7584218550627806,0.7631128767314503
0.8,2,S1R1,overtime_sterilizer_minutes,50,115.7096643693846,8.184618939471983,113.38362167782819,118.03570706094101
0.8,4,S0R0,scheduled,50,22.0,0.0,22.0,22.0
0.8,4,S0R0,attended,50,19.134,0.2868619806080396,19.052474736769874,19.215525263230127
0.8,4,S0R0,completed,50,19.134,0.2868619806080396,19.052474736769874,19.215525263230127
0.8,4,S0R0,mean_wait,50,14.199179960404445,1.8961198356425488,13.660308729058395,14.738051191750495
0.8,4,S0R0,p90_wait,50,28.730419559383243,3.461647676163357,27.74663029107035,29.714208827696137
0.8,4,S0R0,post_registration_wait,50,10.966267742644083,1.8964670271129827,10.427297840585524,11.505237644702643
0.8,4,S0R0,registration_elapsed,50,3.2329122177603655,0.03579522054518176,3.2227393298400466,3.2430851056806844
0.8,4,S0R0,mean_los,50,57.385014011948485,2.2685772651820058,56.74029156281171,58.02973646108526
0.8,4,S0R0,completed_by_close,50,17.866666666666667,0.23914056246647072,17.79870367881183,17.934629654521505
0.8,4,S0R0,overtime,50,20.210730277578865,4.287506318429706,18.99223460774519,21.42922594741254
0.8,4,S0R0,reprocessing_overtime,50,72.037490314639,5.217150770606814,70.5547926459433,73.52018798333471
0.8,4,S0R0,bypass_events,50,0.0,0.0,0.0,0.0
0.8,4,S0R0,max_bypasses,50,0.0,0.0,0.0,0.0
0.8,4,S0R0,kit_unavailable_wait,50,0.7102460561157663,0.2608807807560987,0.6361045673142853,0.7843875449172473
0.8,4,S0R0,mean_cycle_queue,50,11.299983719135748,0.38722513064147834,11.189935567624165,11.41003187064733
0.8,4,S0R0,wait_routine,50,14.688639476036231,2.084005335530452,14.09637178272956,15.280907169342901
0.8,4,S0R0,count_routine,50,9.958,0.41539588526681226,9.839945809551665,10.076054190448335
0.8,4,S0R0,wait_restorative,50,13.444564604125883,2.041059854202068,12.864501880130309,14.024627328121458
0.8,4,S0R0,count_restorative,50,5.333333333333334,0.29615832010411836,5.249166079962556,5.4175005867041115
0.8,4,S0R0,wait_impression,50,14.184867016744592,2.587083143713377,13.449626209153434,14.92010782433575
0.8,4,S0R0,count_impression,50,2.478666666666667,0.25614975778379806,2.4058697195585363,2.5514636137747972
0.8,4,S0R0,wait_complex,50,14.248418863668835,3.043856209099281,13.383364602537807,15.113473124799864
0.8,4,S0R0,count_complex,50,1.364,0.21112376140639758,1.3039992979679358,1.4240007020320644
0.8,4,S0R0,util_chair,50,0.469022973832664,0.006722353568880612,0.4671125023122927,0.47093344535303533
0.8,4,S0R0,overtime_chair_minutes,50,35.08786813234573,7.618677712219433,32.92266413899098,37.253072125700484
0.8,4,S0R0,util_dentist,50,0.7710026216952446,0.012522008405233018,0.7674439067019135,0.7745613366885756
0.8,4,S0R0,overtime_dentist_minutes,50,23.207474332747086,6.04519595498422,21.48944885421155,24.925499811282624
0.8,4,S0R0,util_assistant,50,0.7223072273712863,0.009590838051880088,0.7195815416770033,0.7250329130655693
0.8,4,S0R0,overtime_assistant_minutes,50,48.561570476408264,9.114385764715808,45.97129100795318,51.15184994486335
0.8,4,S0R0,util_frontdesk,50,0.23203605480220615,0.0031218121656807585,0.23114884570596178,0.23292326389845053
0.8,4,S0R0,overtime_frontdesk_minutes,50,3.622824485835042,0.62742012491091,3.4445136803012444,3.8011352913688397
0.8,4,S0R0,util_sterilizer,50,0.7883954719969292,0.007563989964573482,0.7862458100876556,0.7905451339062027
0.8,4,S0R0,overtime_sterilizer_minutes,50,69.42684010814064,4.954473200632156,68.01879457003206,70.83488564624922
0.8,4,S0R1,scheduled,50,22.0,0.0,22.0,22.0
0.8,4,S0R1,attended,50,19.134,0.2868619806080396,19.052474736769874,19.215525263230127
0.8,4,S0R1,completed,50,19.134,0.2868619806080396,19.052474736769874,19.215525263230127
0.8,4,S0R1,mean_wait,50,14.014350493916707,1.8612989465640346,13.485375248584612,14.543325739248802
0.8,4,S0R1,p90_wait,50,28.51065432647137,3.472624435357787,27.523745498079997,29.497563154862746
0.8,4,S0R1,post_registration_wait,50,10.783463783090658,1.8615627774739882,10.25441355785242,11.312514008328897
0.8,4,S0R1,registration_elapsed,50,3.230886710826046,0.03670367327172613,3.2204556435279414,3.2413177781241505
0.8,4,S0R1,mean_los,50,57.20060820889905,2.2458578242478455,56.56234255267248,57.83887386512561
0.8,4,S0R1,completed_by_close,50,17.886666666666667,0.2400869079229623,17.818434730440615,17.95489860289272
0.8,4,S0R1,overtime,50,19.83069352724535,4.181595693206081,18.64229732051209,21.019089733978614
0.8,4,S0R1,reprocessing_overtime,50,71.69818453150751,5.183301843423635,70.22510662034404,73.17126244267098
0.8,4,S0R1,bypass_events,50,0.1113333333333333,0.06821667493530469,0.09194637111200099,0.1307202955546656
0.8,4,S0R1,max_bypasses,50,0.09199999999999996,0.05576107111735028,0.0761528807993305,0.10784711920066942
0.8,4,S0R1,kit_unavailable_wait,50,0.7014708693487978,0.2480209784238425,0.6309840955011854,0.7719576431964101
0.8,4,S0R1,mean_cycle_queue,50,11.318283681245628,0.39991529626835165,11.204629024992734,11.431938337498522
0.8,4,S0R1,wait_routine,50,14.63827960736042,2.0825649771285155,14.046421259334066,15.230137955386775
0.8,4,S0R1,count_routine,50,9.958,0.41539588526681226,9.839945809551665,10.076054190448335
0.8,4,S0R1,wait_restorative,50,13.050268265902748,1.9377689731010137,12.499560482053601,13.600976049751894
0.8,4,S0R1,count_restorative,50,5.333333333333334,0.29615832010411836,5.249166079962556,5.4175005867041115
0.8,4,S0R1,wait_impression,50,13.692156267034868,2.568847420887592,12.962097993916952,14.422214540152783
0.8,4,S0R1,count_impression,50,2.478666666666667,0.25614975778379806,2.4058697195585363,2.5514636137747972
0.8,4,S0R1,wait_complex,50,13.852467351884862,2.9665754429223017,13.00937603890001,14.695558664869713
0.8,4,S0R1,count_complex,50,1.364,0.21112376140639758,1.3039992979679358,1.4240007020320644
0.8,4,S0R1,util_chair,50,0.46949966951364636,0.00683021746524355,0.4675585434167244,0.4714407956105683
0.8,4,S0R1,overtime_chair_minutes,50,34.17261242485946,7.440121871693796,32.058153433924595,36.28707141579432
0.8,4,S0R1,util_dentist,50,0.7717627844399185,0.01268024746512775,0.7681590984086554,0.7753664704711817
0.8,4,S0R1,overtime_dentist_minutes,50,22.47771809786013,5.870161029946006,20.809436988752566,24.145999206967694
0.8,4,S0R1,util_assistant,50,0.7230530117745424,0.009803974326216798,0.7202667534284484,0.7258392701206364
0.8,4,S0R1,overtime_assistant_minutes,50,47.487640935719526,8.914545203591727,44.954155519634725,50.02112635180433
0.8,4,S0R1,util_frontdesk,50,0.2321573136021045,0.0031219773420801326,0.23127005756325236,0.23304456964095666
0.8,4,S0R1,overtime_frontdesk_minutes,50,3.5646202618838094,0.6139620426873773,3.390134200547624,3.739106323219995
0.8,4,S0R1,util_sterilizer,50,0.7887454039351915,0.007723171685722759,0.7865505030866531,0.79094030478373
0.8,4,S0R1,overtime_sterilizer_minutes,50,69.14287277777473,4.956285976603014,67.7343120544963,70.55143350105315
0.8,4,S1R0,scheduled,50,22.0,0.0,22.0,22.0
0.8,4,S1R0,attended,50,19.134,0.2868619806080396,19.052474736769874,19.215525263230127
0.8,4,S1R0,completed,50,19.134,0.2868619806080396,19.052474736769874,19.215525263230127
0.8,4,S1R0,mean_wait,50,14.142014122679255,1.8506374553835527,13.616068839258014,14.667959406100495
0.8,4,S1R0,p90_wait,50,28.56701817519526,3.2455327483475904,27.64464808254585,29.489388267844667
0.8,4,S1R0,post_registration_wait,50,10.916467063114721,1.8515791477547783,10.390254153714313,11.44267997251513
0.8,4,S1R0,registration_elapsed,50,3.2255470595645352,0.034678697618299704,3.2156914839116824,3.235402635217388
0.8,4,S1R0,mean_los,50,57.332595659878486,2.2462281216129143,56.69422476631759,57.97096655343938
0.8,4,S1R0,completed_by_close,50,17.87333333333333,0.2545726934214032,17.80098458290502,17.945682083761643
0.8,4,S1R0,overtime,50,20.241172949014253,4.180283470006862,19.05314967194391,21.429196226084596
0.8,4,S1R0,reprocessing_overtime,50,71.99713887767628,5.150250564371893,70.53345403498105,73.46082372037151
0.8,4,S1R0,bypass_events,50,0.0,0.0,0.0,0.0
0.8,4,S1R0,max_bypasses,50,0.0,0.0,0.0,0.0
0.8,4,S1R0,kit_unavailable_wait,50,0.8401853962964526,0.29406659477309743,0.7566126046171653,0.9237581879757399
0.8,4,S1R0,mean_cycle_queue,50,11.323357700886802,0.334313884847509,11.228346757275842,11.418368644497763
0.8,4,S1R0,wait_routine,50,14.300824509204658,1.9649451355001157,13.742393346368601,14.859255672040714
0.8,4,S1R0,count_routine,50,9.958,0.41539588526681226,9.839945809551665,10.076054190448335
0.8,4,S1R0,wait_restorative,50,13.627340776885207,1.9954243235627016,13.060247525665824,14.19443402810459
0.8,4,S1R0,count_restorative,50,5.333333333333334,0.29615832010411836,5.249166079962556,5.4175005867041115
0.8,4,S1R0,wait_impression,50,14.32674152353635,2.5311716920760814,13.607390572811717,15.046092474260984
0.8,4,S1R0,count_impression,50,2.478666666666667,0.25614975778379806,2.4058697195585363,2.5514636137747972
0.8,4,S1R0,wait_complex,50,15.39796211893476,3.300801105646136,14.459884934786123,16.3360393030834
0.8,4,S1R0,count_complex,50,1.364,0.21112376140639758,1.3039992979679358,1.4240007020320644
0.8,4,S1R0,util_chair,50,0.46904812723466593,0.006914715396376862,0.46708298709425367,0.4710132673750782
0.8,4,S1R0,overtime_chair_minutes,50,35.039573600502116,7.403545225158329,32.93550957627061,37.14363762473362
0.8,4,S1R0,util_dentist,50,0.7709806308525349,0.012711419890038664,0.7673680857171793,0.7745931759878905
0.8,4,S1R0,overtime_dentist_minutes,50,23.228585541748448,5.837267159698807,21.56965276602712,24.887518317469777
0.8,4,S1R0,util_assistant,50,0.722350971500547,0.009958697209904386,0.7195207414026243,0.7251812015984695
0.8,4,S1R0,overtime_assistant_minutes,50,48.49857893027308,8.862221952403052,45.979963615890746,51.01719424465541
0.8,4,S1R0,util_frontdesk,50,0.23205623265643574,0.0031594972175609474,0.2311583135882116,0.23295415172465989
0.8,4,S1R0,overtime_frontdesk_minutes,50,3.6131391158048327,0.6461890127576021,3.4294942519932703,3.796783979616395
0.8,4,S1R0,util_sterilizer,50,0.7884097505048647,0.007510582472545796,0.7862752668350943,0.7905442341746352
0.8,4,S1R0,overtime_sterilizer_minutes,50,69.43931975766485,4.9471974703215045,68.033341958988,70.84529755634169
0.8,4,S1R1,scheduled,50,22.0,0.0,22.0,22.0
0.8,4,S1R1,attended,50,19.134,0.2868619806080396,19.052474736769874,19.215525263230127
0.8,4,S1R1,completed,50,19.134,0.2868619806080396,19.052474736769874,19.215525263230127
0.8,4,S1R1,mean_wait,50,13.89107349103113,1.7943024128321632,13.38113844766801,14.401008534394252
0.8,4,S1R1,p90_wait,50,28.300746476796856,3.239376505968623,27.38012596866677,29.22136698492694
0.8,4,S1R1,post_registration_wait,50,10.665185742061361,1.7938885732910639,10.155368310580622,11.1750031735421
0.8,4,S1R1,registration_elapsed,50,3.22588774896977,0.0348164210018319,3.215993032769007,3.2357824651705327
0.8,4,S1R1,mean_los,50,57.082160852731576,2.200228639057921,56.45686286592464,57.70745883953851
0.8,4,S1R1,completed_by_close,50,17.90066666666667,0.2528288926914639,17.82881349886394,17.9725198344694
0.8,4,S1R1,overtime,50,19.724032329252406,4.104843906856471,18.5574487362795,20.89061592222531
0.8,4,S1R1,reprocessing_overtime,50,71.46824364723985,5.131743649420783,70.00981841095802,72.92666888352167
0.8,4,S1R1,bypass_events,50,0.15466666666666665,0.08928031729720354,0.1292934842271682,0.1800398491061651
0.8,4,S1R1,max_bypasses,50,0.12333333333333331,0.06468132241526726,0.104951107062706,0.14171555960396062
0.8,4,S1R1,kit_unavailable_wait,50,0.8276555709066729,0.284824458862054,0.7467093648814319,0.9086017769319138
0.8,4,S1R1,mean_cycle_queue,50,11.323251309270333,0.35932624148744163,11.221131933392558,11.425370685148108
0.8,4,S1R1,wait_routine,50,14.26621296806873,1.951534812126457,13.711592976516933,14.820832959620528
0.8,4,S1R1,count_routine,50,9.958,0.41539588526681226,9.839945809551665,10.076054190448335
0.8,4,S1R1,wait_restorative,50,13.090599309183377,1.8691984459127864,12.559379051241287,13.621819567125467
0.8,4,S1R1,count_restorative,50,5.333333333333334,0.29615832010411836,5.249166079962556,5.4175005867041115
0.8,4,S1R1,wait_impression,50,13.697211261762757,2.435720689576693,13.0049871826014,14.389435340924113
0.8,4,S1R1,count_impression,50,2.478666666666667,0.25614975778379806,2.4058697195585363,2.5514636137747972
0.8,4,S1R1,wait_complex,50,14.735642912538735,3.171053050551528,13.834439713303553,15.636846111773917
0.8,4,S1R1,count_complex,50,1.364,0.21112376140639758,1.3039992979679358,1.4240007020320644
0.8,4,S1R1,util_chair,50,0.469692403862574,0.00707794781352425,0.4676808735879675,0.4717039341371805
0.8,4,S1R1,overtime_chair_minutes,50,33.80256247491846,7.2390416171831955,31.745249853274537,35.859875096562384
0.8,4,S1R1,util_dentist,50,0.772007076215651,0.01296076396399076,0.7683236682869035,0.7756904841443986
0.8,4,S1R1,overtime_dentist_minutes,50,22.243197993156905,5.695696471037707,20.624499157235835,23.861896829077974
0.8,4,S1R1,util_assistant,50,0.7233558411154459,0.010226094145195506,0.7204496176583115,0.7262620645725804
0.8,4,S1R1,overtime_assistant_minutes,50,47.05156668481841,8.681195363633385,44.584398551654786,49.518734817982036
0.8,4,S1R1,util_frontdesk,50,0.23223509746663695,0.0031695898177089847,0.2313343101135254,0.2331358848197485
0.8,4,S1R1,overtime_frontdesk_minutes,50,3.5272840069082427,0.6230446887931699,3.3502166864137983,3.704351327402687
0.8,4,S1R1,util_sterilizer,50,0.788798810615946,0.007594838546507514,0.7866403816377248,0.7909572395941673
0.8,4,S1R1,overtime_sterilizer_minutes,50,68.94323757101257,4.883600126232524,67.55533393541094,70.3311412066142
1.0,1,S0R0,scheduled,50,28.0,0.0,28.0,28.0
1.0,1,S0R0,attended,50,24.438000000000002,0.38397668580018685,24.328875046188628,24.547124953811377
1.0,1,S0R0,completed,50,24.438000000000002,0.38397668580018685,24.328875046188628,24.547124953811377
1.0,1,S0R0,mean_wait,50,400.76467780471086,16.58798555091897,396.0504250284115,405.4789305810102
1.0,1,S0R0,p90_wait,50,726.9709443604553,28.736331370186015,718.804170310242,735.1377184106686
1.0,1,S0R0,post_registration_wait,50,397.59312515374114,16.581590248788988,392.8806899019826,402.3055604054997
1.0,1,S0R0,registration_elapsed,50,3.171552650969821,0.03487282090370492,3.161641906096187,3.181463395843455
1.0,1,S0R0,mean_los,50,443.8287110698615,16.67175303458493,439.09065184092066,448.5667702988024
1.0,1,S0R0,completed_by_close,50,8.771333333333333,0.31255004134485603,8.682507604879474,8.860159061787192
1.0,1,S0R0,overtime,50,804.2605357253424,30.057435520529204,795.7183080741225,812.8027633765622
1.0,1,S0R0,reprocessing_overtime,50,853.6597144744478,29.928863871405245,845.1540264773033,862.1654024715923
1.0,1,S0R0,bypass_events,50,0.0,0.0,0.0,0.0
1.0,1,S0R0,max_bypasses,50,0.0,0.0,0.0,0.0
1.0,1,S0R0,kit_unavailable_wait,50,259.814438684987,12.502760387554273,256.2611939171093,263.3676834528647
1.0,1,S0R0,mean_cycle_queue,50,6.030543315236787,0.2781870777462763,5.951483431830791,6.109603198642782
1.0,1,S0R0,wait_routine,50,402.91680659815205,18.397399062210585,397.68832425233103,408.14528894397307
1.0,1,S0R0,count_routine,50,12.716000000000001,0.5138551989937241,12.569963985498058,12.862036014501944
1.0,1,S0R0,wait_restorative,50,399.89675463724495,23.42855110043651,393.2384348713596,406.55507440313033
1.0,1,S0R0,count_restorative,50,6.846,0.42962252059695577,6.723902645003647,6.968097354996353
1.0,1,S0R0,wait_impression,50,391.6267199795784,34.27931500591158,381.8846475959123,401.3687923632445
1.0,1,S0R0,count_impression,50,3.1919999999999997,0.3503519448508471,3.0924310907056767,3.2915689092943228
1.0,1,S0R0,wait_complex,50,378.08647697587884,40.415048645144715,366.600648591546,389.57230536021166
1.0,1,S0R0,count_complex,50,1.6839999999999997,0.2331135991601062,1.6177498559629024,1.750250144037097
1.0,1,S0R0,util_chair,50,0.23221127366599562,0.007463874804935531,0.2300900641669212,0.23433248316507002
1.0,1,S0R0,overtime_chair_minutes,50,748.8515403696116,23.458874972906862,742.1846026555406,755.5184780836826
1.0,1,S0R0,util_dentist,50,0.3823298651941435,0.012648172174326705,0.3787352948585895,0.3859244355296976
1.0,1,S0R0,overtime_dentist_minutes,50,607.6095811469057,19.660066262486552,602.0222527955724,613.196909498239
1.0,1,S0R0,util_assistant,50,0.35731494773647143,0.011287586123115657,0.3541070516326755,0.3605228438402674
1.0,1,S0R0,overtime_assistant_minutes,50,875.6676610678045,26.962160347678054,868.0051007838025,883.3302213518065
1.0,1,S0R0,util_frontdesk,50,0.20786170905713985,0.003434459816286459,0.2068856464921999,0.2088377716220798
1.0,1,S0R0,overtime_frontdesk_minutes,50,46.91932096421204,1.5769729028988586,46.471150276890214,47.36749165153387
1.0,1,S0R0,util_sterilizer,50,0.4817229349586027,0.013589381404427094,0.47786087595105414,0.48558499396615123
1.0,1,S0R0,overtime_sterilizer_minutes,50,467.59565788653737,12.289996685323334,464.10287988666227,471.08843588641247
1.0,1,S0R1,scheduled,50,28.0,0.0,28.0,28.0
1.0,1,S0R1,attended,50,24.438000000000002,0.38397668580018685,24.328875046188628,24.547124953811377
1.0,1,S0R1,completed,50,24.438000000000002,0.38397668580018685,24.328875046188628,24.547124953811377
1.0,1,S0R1,mean_wait,50,294.33776199019746,15.18345329820601,290.0226728164603,298.65285116393466
1.0,1,S0R1,p90_wait,50,595.2306595802978,28.773973960013354,587.0531876256852,603.4081315349105
1.0,1,S0R1,post_registration_wait,50,291.1412274719159,15.178769679595373,286.8274693677031,295.4549855761287
1.0,1,S0R1,registration_elapsed,50,3.196534518281536,0.03592226780429882,3.186325523933937,3.206743512629135
1.0,1,S0R1,mean_los,50,337.42348644993757,15.243114377183725,333.09144178716014,341.755531112715
1.0,1,S0R1,completed_by_close,50,11.133999999999999,0.3234234392996825,11.042084086403465,11.225915913596532
1.0,1,S0R1,overtime,50,683.1868814760951,33.01655101152351,673.8036826065204,692.5700803456698
1.0,1,S0R1,reprocessing_overtime,50,727.806501787975,32.608543618759086,718.5392573227604,737.0737462531896
1.0,1,S0R1,bypass_events,50,22.232000000000003,0.970072816772674,21.95630838840285,22.507691611597156
1.0,1,S0R1,max_bypasses,50,1.9993333333333334,0.0047140452079103634,1.9979936166666667,2.00067305
1.0,1,S0R1,kit_unavailable_wait,50,237.75798098344418,12.836641681432228,234.10984821293428,241.4061137539541
1.0,1,S0R1,mean_cycle_queue,50,6.006177476630747,0.35130440835850807,5.9063378802345134,6.106017073026981
1.0,1,S0R1,wait_routine,50,349.6191561528777,17.835268510711817,344.55042952331956,354.6878827824358
1.0,1,S0R1,count_routine,50,12.716000000000001,0.5138551989937241,12.569963985498058,12.862036014501944
1.0,1,S0R1,wait_restorative,50,252.09814041262192,19.69330423939695,246.50136593388225,257.6949148913616
1.0,1,S0R1,count_restorative,50,6.846,0.42962252059695577,6.723902645003647,6.968097354996353
1.0,1,S0R1,wait_impression,50,151.36738572740805,22.641838264911733,144.93264724917444,157.80212420564166
1.0,1,S0R1,count_impression,50,3.1919999999999997,0.3503519448508471,3.0924310907056767,3.2915689092943228
1.0,1,S0R1,wait_complex,50,126.36478126735878,29.492586904433995,117.9830817977221,134.74648073699547
1.0,1,S0R1,count_complex,50,1.6839999999999997,0.2331135991601062,1.6177498559629024,1.750250144037097
1.0,1,S0R1,util_chair,50,0.29813123404532105,0.009237289892160919,0.2955060256144402,0.30075644247620187
1.0,1,S0R1,overtime_chair_minutes,50,622.2852164413067,22.66410904679665,615.8441486776388,628.7262842049746
1.0,1,S0R1,util_dentist,50,0.4921099250387671,0.016074058890361436,0.487541728586119,0.4966781214914152
1.0,1,S0R1,overtime_dentist_minutes,50,502.2207236960671,19.13507953496265,496.78259490426757,507.6588524878667
1.0,1,S0R1,util_assistant,50,0.45816475232306536,0.013804540150099406,0.45424154588377974,0.462087958762351
1.0,1,S0R1,overtime_assistant_minutes,50,730.4439424631091,26.048247851632354,723.0411132060334,737.8467717201848
1.0,1,S0R1,util_frontdesk,50,0.22265367707017422,0.0037374479540262717,0.22159150623939683,0.22371584790095161
1.0,1,S0R1,overtime_frontdesk_minutes,50,39.81917631795554,1.47432683707435,39.4001773163278,40.23817531958328
1.0,1,S0R1,util_sterilizer,50,0.6073364165675437,0.015611705914066437,0.6028996193613826,0.6117732137737047
1.0,1,S0R1,overtime_sterilizer_minutes,50,402.1778533809123,12.298761236118844,398.68258452355525,405.6731222382694
1.0,1,S1R0,scheduled,50,28.0,0.0,28.0,28.0
1.0,1,S1R0,attended,50,24.438000000000002,0.38397668580018685,24.328875046188628,24.547124953811377
1.0,1,S1R0,completed,50,24.438000000000002,0.38397668580018685,24.328875046188628,24.547124953811377
1.0,1,S1R0,mean_wait,50,400.618486652582,16.545232632449128,395.9163841198413,405.3205891853227
1.0,1,S1R0,p90_wait,50,726.5366288080616,28.713047831292148,718.3764718656058,734.6967857505173
1.0,1,S1R0,post_registration_wait,50,397.4364397304075,16.544208619883022,392.73462821878377,402.1382512420313
1.0,1,S1R0,registration_elapsed,50,3.1820469221744867,0.030768209669252148,3.173302694769068,3.1907911495799053
1.0,1,S1R0,mean_los,50,443.68560016094625,16.627808393707618,438.96002985928493,448.4111704626076
1.0,1,S1R0,completed_by_close,50,8.785333333333334,0.3093523334535428,8.697416383299744,8.873250283366923
1.0,1,S1R0,overtime,50,804.0126741510425,30.02867300885608,795.4786207142317,812.5467275878532
1.0,1,S1R0,reprocessing_overtime,50,853.3710071355871,29.884138844487396,844.8780298489547,861.8639844222195
1.0,1,S1R0,bypass_events,50,0.0,0.0,0.0,0.0
1.0,1,S1R0,max_bypasses,50,0.0,0.0,0.0,0.0
1.0,1,S1R0,kit_unavailable_wait,50,259.7937262154529,12.570301894014753,256.22128636608875,263.3661660648171
1.0,1,S1R0,mean_cycle_queue,50,6.01809683012814,0.28193571783002785,5.937971595123669,6.098222065132612
1.0,1,S1R0,wait_routine,50,402.6281717373866,18.231376483078147,397.44687248092873,407.80947099384446
1.0,1,S1R0,count_routine,50,12.716000000000001,0.5138551989937241,12.569963985498058,12.862036014501944
1.0,1,S1R0,wait_restorative,50,399.91138862712955,23.495714648836515,393.2339811942373,406.5887960600218
1.0,1,S1R0,count_restorative,50,6.846,0.42962252059695577,6.723902645003647,6.968097354996353
1.0,1,S1R0,wait_impression,50,391.4159243863894,34.26015471419399,381.67929729673733,401.1525514760415
1.0,1,S1R0,count_impression,50,3.1919999999999997,0.3503519448508471,3.0924310907056767,3.2915689092943228
1.0,1,S1R0,wait_complex,50,379.11285477656196,40.92551725754131,367.4819528348754,390.7437567182485
1.0,1,S1R0,count_complex,50,1.6839999999999997,0.2331135991601062,1.6177498559629024,1.750250144037097
1.0,1,S1R0,util_chair,50,0.23247422316927843,0.007462108843188376,0.23035351555092026,0.2345949307876366
1.0,1,S1R0,overtime_chair_minutes,50,748.3466773233084,23.479943164276445,741.6737520962057,755.0196025504112
1.0,1,S1R0,util_dentist,50,0.38271837740681197,0.012726866938986552,0.3791014422692367,0.38633531254438724
1.0,1,S1R0,overtime_dentist_minutes,50,607.2366094227439,19.70427147749095,601.6367180897922,612.8365007556955
1.0,1,S1R0,util_assistant,50,0.3576985311904635,0.011263647230598937,0.3544974384438421,0.36089962393708497
1.0,1,S1R0,overtime_assistant_minutes,50,875.1153008940557,26.96038963253406,867.4532438416703,882.7773579464412
1.0,1,S1R0,util_frontdesk,50,0.2079629192145169,0.003467587691211762,0.20697744181280486,0.20894839661622894
1.0,1,S1R0,overtime_frontdesk_minutes,50,46.870740088671035,1.5577669944410606,46.42802765949578,47.31345251784629
1.0,1,S1R0,util_sterilizer,50,0.48201336238721865,0.013626215325194223,0.47814083529644774,0.48588588947798955
1.0,1,S1R0,overtime_sterilizer_minutes,50,467.63025272080165,12.198866542484634,464.16337361790613,471.09713182369717
1.0,1,S1R1,scheduled,50,28.0,0.0,28.0,28.0
1.0,1,S1R1,attended,50,24.438000000000002,0.38397668580018685,24.328875046188628,24.547124953811377
1.0,1,S1R1,completed,50,24.438000000000002,0.38397668580018685,24.328875046188628,24.547124953811377
1.0,1,S1R1,mean_wait,50,294.1570826519582,15.355300272415185,289.79315511428723,298.5210101896292
1.0,1,S1R1,p90_wait,50,594.6985875553264,28.857028136386155,586.4975118677381,602.8996632429147
1.0,1,S1R1,post_registration_wait,50,290.95258331598177,15.354009789920422,286.58902252933456,295.316144102629
1.0,1,S1R1,registration_elapsed,50,3.2044993359764646,0.0376252108659683,3.1938063706227595,3.2151923013301698
1.0,1,S1R1,mean_los,50,337.24414389043545,15.416802729275227,332.86273754998206,341.62555023088885
1.0,1,S1R1,completed_by_close,50,11.142666666666669,0.3169468863992608,11.052591368821695,11.232741964511643
1.0,1,S1R1,overtime,50,683.1737868623989,33.07964588605667,673.7726566299998,692.5749170947979
1.0,1,S1R1,reprocessing_overtime,50,727.7726611775936,32.66165196018385,718.4903234905264,737.0549988646608
1.0,1,S1R1,bypass_events,50,22.270666666666667,0.9757755215625803,21.993354364491644,22.54797896884169
1.0,1,S1R1,max_bypasses,50,1.9993333333333334,0.0047140452079103634,1.9979936166666667,2.00067305
1.0,1,S1R1,kit_unavailable_wait,50,237.6107816052542,12.885016835420924,233.94890076971888,241.27266244078953
1.0,1,S1R1,mean_cycle_queue,50,5.984395038064517,0.34593145497226524,5.886082417945196,6.082707658183838
1.0,1,S1R1,wait_routine,50,349.47775375265354,17.76871731039487,344.42794076272315,354.52756674258393
1.0,1,S1R1,count_routine,50,12.716000000000001,0.5138551989937241,12.569963985498058,12.862036014501944
1.0,1,S1R1,wait_restorative,50,251.8545199774891,20.208824724768643,246.11123621515122,257.597803739827
1.0,1,S1R1,count_restorative,50,6.846,0.42962252059695577,6.723902645003647,6.968097354996353
1.0,1,S1R1,wait_impression,50,151.73603414727305,22.334454162159496,145.38865325416282,158.08341504038327
1.0,1,S1R1,count_impression,50,3.1919999999999997,0.3503519448508471,3.0924310907056767,3.2915689092943228
1.0,1,S1R1,wait_complex,50,125.31563454082159,29.553392031216628,116.91665444739436,133.71461463424882
1.0,1,S1R1,count_complex,50,1.6839999999999997,0.2331135991601062,1.6177498559629024,1.750250144037097
1.0,1,S1R1,util_chair,50,0.2983771877728476,0.009171112803379565,0.29577078666028506,0.30098358888541016
1.0,1,S1R1,overtime_chair_minutes,50,621.8129852844557,23.22650864355137,615.2120853427183,628.4138852261932
1.0,1,S1R1,util_dentist,50,0.49248655806638825,0.015980357674270435,0.48794499120156704,0.49702812493120946
1.0,1,S1R1,overtime_dentist_minutes,50,501.85915598955086,19.584397536974148,496.29333244953,507.4249795295717
1.0,1,S1R1,util_assistant,50,0.4585714476149592,0.013680882690368783,0.45468338423274074,0.4624595109971777
1.0,1,S1R1,overtime_assistant_minutes,50,729.8583012427817,26.622956198079304,722.2921417000916,737.4244607854719
1.0,1,S1R1,util_frontdesk,50,0.2227361846117973,0.0036894420108044617,0.2216876569175188,0.22378471230607583
1.0,1,S1R1,overtime_frontdesk_minutes,50,39.77957269797644,1.4954582193800516,39.35456822465378,40.2045771712991
1.0,1,S1R1,util_sterilizer,50,0.6078739215666619,0.01541847265628386,0.6034920406382597,0.6122558024950641
1.0,1,S1R1,overtime_sterilizer_minutes,50,401.93918431466903,12.410666084546646,398.4121124550268,405.4662561743113
1.0,2,S0R0,scheduled,50,28.0,0.0,28.0,28.0
1.0,2,S0R0,attended,50,24.438000000000002,0.38397668580018685,24.328875046188628,24.547124953811377
1.0,2,S0R0,completed,50,24.438000000000002,0.38397668580018685,24.328875046188628,24.547124953811377
1.0,2,S0R0,mean_wait,50,127.94457191003747,8.399717325184609,125.55739894085268,130.33174487922224
1.0,2,S0R0,p90_wait,50,234.8400913904844,14.418845869391566,230.74230121806372,238.93788156290506
1.0,2,S0R0,post_registration_wait,50,124.69140565731773,8.403025527133599,122.30329250765264,127.07951880698282
1.0,2,S0R0,registration_elapsed,50,3.2531662527197267,0.0431716913529535,3.2408969952385536,3.2654355102009
1.0,2,S0R0,mean_los,50,171.09974196865633,8.51660127862324,168.6793509513661,173.52013298594656
1.0,2,S0R0,completed_by_close,50,15.185999999999996,0.3048429951641996,15.099364589577384,15.272635410422609
1.0,2,S0R0,overtime,50,257.2106233664684,15.235568540639969,252.88072320645574,261.540523526481
1.0,2,S0R0,reprocessing_overtime,50,310.4167226610622,15.370720786928318,306.0484126621736,314.7850326599508
1.0,2,S0R0,bypass_events,50,0.0,0.0,0.0,0.0
1.0,2,S0R0,max_bypasses,50,0.0,0.0,0.0,0.0
1.0,2,S0R0,kit_unavailable_wait,50,62.30100588927667,5.566347819476602,60.71906752905415,63.88294424949918
1.0,2,S0R0,mean_cycle_queue,50,10.083101545619963,0.34001485294454425,9.986470404993725,10.1797326862462
1.0,2,S0R0,wait_routine,50,129.31543696301893,8.808989855726587,126.81195004133835,131.8189238846995
1.0,2,S0R0,count_routine,50,12.716000000000001,0.5138551989937241,12.569963985498058,12.862036014501944
1.0,2,S0R0,wait_restorative,50,126.38982205831668,9.789114373996135,123.60778686341824,129.17185725321514
1.0,2,S0R0,count_restorative,50,6.846,0.42962252059695577,6.723902645003647,6.968097354996353
1.0,2,S0R0,wait_impression,50,125.46119304099817,13.532806357041153,121.61521248211899,129.30717359987736
1.0,2,S0R0,count_impression,50,3.1919999999999997,0.3503519448508471,3.0924310907056767,3.2915689092943228
1.0,2,S0R0,wait_complex,50,120.04546248551151,15.19360467297192,115.7274883233273,124.36343664769572
1.0,2,S0R0,count_complex,50,1.6839999999999997,0.2331135991601062,1.6177498559629024,1.750250144037097
1.0,2,S0R0,util_chair,50,0.4020089681910599,0.00799027785714768,0.39973815661747647,0.40427977976464335
1.0,2,S0R0,overtime_chair_minutes,50,422.839966881488,24.529068539510558,415.8688835569056,429.81105020607043
1.0,2,S0R0,util_dentist,50,0.6621069700956734,0.013857681365807934,0.6581686610917683,0.6660452790995786
1.0,2,S0R0,overtime_dentist_minutes,50,339.023560441437,20.547181427196982,333.18411677957994,344.86300410329403
1.0,2,S0R0,util_assistant,50,0.6185672266248102,0.0121507280572207,0.6151140283264407,0.6220204249231798
1.0,2,S0R0,overtime_assistant_minutes,50,499.4643794685963,28.145649635718936,491.4654752901087,507.46328364708387
1.0,2,S0R0,util_frontdesk,50,0.24807315490554202,0.003537566096453996,0.24706778986345426,0.24907851994762978
1.0,2,S0R0,overtime_frontdesk_minutes,50,27.617826956979,1.608978420154081,27.160560403368034,28.075093510589962
1.0,2,S0R0,util_sterilizer,50,0.7268849938744864,0.010201484293559842,0.7239857644589758,0.7297842232899969
1.0,2,S0R0,overtime_sterilizer_minutes,50,266.5912029402465,11.559640688564416,263.30598979355017,269.8764160869428
1.0,2,S0R1,scheduled,50,28.0,0.0,28.0,28.0
1.0,2,S0R1,attended,50,24.438000000000002,0.38397668580018685,24.328875046188628,24.547124953811377
1.0,2,S0R1,completed,50,24.438000000000002,0.38397668580018685,24.328875046188628,24.547124953811377
1.0,2,S0R1,mean_wait,50,92.95622806756325,7.251623969071218,90.89533958149995,95.01711655362654
1.0,2,S0R1,p90_wait,50,192.8385374315328,13.686626734179608,188.9488416103181,196.72823325274751
1.0,2,S0R1,post_registration_wait,50,89.68078601289574,7.249394401774483,87.62053116277252,91.74104086301895
1.0,2,S0R1,registration_elapsed,50,3.275442054667542,0.04191256839084021,3.2635306359306595,3.2873534734044245
1.0,2,S0R1,mean_los,50,136.13567052139678,7.358759744519013,134.04433438843293,138.22700665436062
1.0,2,S0R1,completed_by_close,50,17.084000000000003,0.3103096252004819,16.995810990694245,17.17218900930576
1.0,2,S0R1,overtime,50,208.6028451015332,16.093182974766943,204.02921364487415,213.17647655819226
1.0,2,S0R1,reprocessing_overtime,50,258.1873084722156,15.833620375508415,253.68744388136562,262.68717306306553
1.0,2,S0R1,bypass_events,50,13.393333333333333,1.0180235174524053,13.104014284992216,13.68265238167445
1.0,2,S0R1,max_bypasses,50,1.9733333333333334,0.029354352395090433,1.9649909196719375,1.9816757469947293
1.0,2,S0R1,kit_unavailable_wait,50,60.57413546569449,5.941042698092196,58.88571001176451,62.26256091962447
1.0,2,S0R1,mean_cycle_queue,50,10.582821019030357,0.3198650061804259,10.491916400817475,10.673725637243239
1.0,2,S0R1,wait_routine,50,113.8300114500545,8.941586158819536,111.28884108043118,116.37118181967782
1.0,2,S0R1,count_routine,50,12.716000000000001,0.5138551989937241,12.569963985498058,12.862036014501944
1.0,2,S0R1,wait_restorative,50,67.87083879811284,6.9255959818861825,65.90260642987775,69.83907116634794
1.0,2,S0R1,count_restorative,50,6.846,0.42962252059695577,6.723902645003647,6.968097354996353
1.0,2,S0R1,wait_impression,50,53.559639339788454,7.839980754587296,51.33154172510255,55.78773695447436
1.0,2,S0R1,count_impression,50,3.1919999999999997,0.3503519448508471,3.0924310907056767,3.2915689092943228
1.0,2,S0R1,wait_complex,50,50.82711005347404,8.542165738153535,48.39945369803016,53.25476640891792
1.0,2,S0R1,count_complex,50,1.6839999999999997,0.2331135991601062,1.6177498559629024,1.750250144037097
1.0,2,S0R1,util_chair,50,0.4555005810386178,0.00769620753393828,0.4533133433163234,0.4576878187609122
1.0,2,S0R1,overtime_chair_minutes,50,320.13607021417715,22.663396885578113,313.6952048444643,326.57693558389
1.0,2,S0R1,util_dentist,50,0.751299152903992,0.013612227546235353,0.7474306010955475,0.7551677047124364
1.0,2,S0R1,overtime_dentist_minutes,50,253.39906494545122,18.728154889274872,248.0765828447336,258.72154704616884
1.0,2,S0R1,util_assistant,50,0.7001847073107024,0.011563776624029121,0.6968983187442911,0.7034710958771137
1.0,2,S0R1,overtime_assistant_minutes,50,381.93520728091175,26.226132718306445,374.48182371005237,389.38859085177114
1.0,2,S0R1,util_frontdesk,50,0.259968838345554,0.0035377110300301886,0.2589634321138045,0.2609742445773035
1.0,2,S0R1,overtime_frontdesk_minutes,50,21.90789890577323,1.54637679895972,21.468423533955285,22.347374277591175
1.0,2,S0R1,util_sterilizer,50,0.7776628779746253,0.009225125103784485,0.7750411267379409,0.7802846292113097
1.0,2,S0R1,overtime_sterilizer_minutes,50,220.97048523884652,11.39364560497167,217.7324473673683,224.20852311032473
1.0,2,S1R0,scheduled,50,28.0,0.0,28.0,28.0
1.0,2,S1R0,attended,50,24.438000000000002,0.38397668580018685,24.328875046188628,24.547124953811377
1.0,2,S1R0,completed,50,24.438000000000002,0.38397668580018685,24.328875046188628,24.547124953811377
1.0,2,S1R0,mean_wait,50,128.34639442553055,8.468525824933751,125.93966629939318,130.7531225516679
1.0,2,S1R0,p90_wait,50,235.36724870142618,14.463961195090711,231.25663689682008,239.47786050603227
1.0,2,S1R0,post_registration_wait,50,125.09268057370103,8.457366680421554,122.68912384096983,127.49623730643223
1.0,2,S1R0,registration_elapsed,50,3.2537138518294886,0.039174675432083216,3.242580533570353,3.264847170088624
1.0,2,S1R0,mean_los,50,171.5093954296668,8.575010779959165,169.0724046177246,173.946386241609
1.0,2,S1R0,completed_by_close,50,15.176666666666666,0.3096519881116485,15.088664555731556,15.264668777601775
1.0,2,S1R0,overtime,50,257.6966932879006,15.2828072867809,253.3533680263613,262.0400185494399
1.0,2,S1R0,reprocessing_overtime,50,310.7917298699792,15.304184162475417,306.44232936830406,315.1411303716543
1.0,2,S1R0,bypass_events,50,0.0,0.0,0.0,0.0
1.0,2,S1R0,max_bypasses,50,0.0,0.0,0.0,0.0
1.0,2,S1R0,kit_unavailable_wait,50,62.57251104943534,5.565198692323939,60.99089926749764,64.15412283137304
1.0,2,S1R0,mean_cycle_queue,50,10.088372832428126,0.3325039460369935,9.993876267675057,10.182869397181195
1.0,2,S1R0,wait_routine,50,129.29336682871912,8.812451066582264,126.7888962419132,131.797837415525
1.0,2,S1R0,count_routine,50,12.716000000000001,0.5138551989937241,12.569963985498058,12.862036014501944
1.0,2,S1R0,wait_restorative,50,127.22668321332567,9.869501025835874,124.42180238744632,130.03156403920502
1.0,2,S1R0,count_restorative,50,6.846,0.42962252059695577,6.723902645003647,6.968097354996353
1.0,2,S1R0,wait_impression,50,125.85587968182352,13.801932580869305,121.93341430542613,129.7783450582209
1.0,2,S1R0,count_impression,50,3.1919999999999997,0.3503519448508471,3.0924310907056767,3.2915689092943228
1.0,2,S1R0,wait_complex,50,122.09672252057315,15.608044136346189,117.66096598000293,126.53247906114338
1.0,2,S1R0,count_complex,50,1.6839999999999997,0.2331135991601062,1.6177498559629024,1.750250144037097
1.0,2,S1R0,util_chair,50,0.4017245009119097,0.008095477910042578,0.39942379181762344,0.40402521000619596
1.0,2,S1R0,overtime_chair_minutes,50,423.38614405745665,24.369398666390676,416.46043840337774,430.31184971153556
1.0,2,S1R0,util_dentist,50,0.6616999666109222,0.01399045362336536,0.6577239241533748,0.6656760090684697
1.0,2,S1R0,overtime_dentist_minutes,50,339.4142837867982,20.456674198171832,333.6005619917945,345.2280055818019
1.0,2,S1R0,util_assistant,50,0.6180524179848944,0.012358900926805716,0.6145400576185704,0.6215647783512184
1.0,2,S1R0,overtime_assistant_minutes,50,500.20570391007533,27.983224832030466,492.2529603446036,508.15844747554706
1.0,2,S1R0,util_frontdesk,50,0.24799838853149997,0.0036376820683603726,0.24696457084836893,0.249032206214631
1.0,2,S1R0,overtime_frontdesk_minutes,50,27.653714816519184,1.5882908456375022,27.202327605839905,28.105102027198463
1.0,2,S1R0,util_sterilizer,50,0.726791862441643,0.01107403136728738,0.7236446579207679,0.729939066962518
1.0,2,S1R0,overtime_sterilizer_minutes,50,266.86790602801136,11.963931642532959,263.4677946770497,270.268017378973
1.0,2,S1R1,scheduled,50,28.0,0.0,28.0,28.0
1.0,2,S1R1,attended,50,24.438000000000002,0.38397668580018685,24.328875046188628,24.547124953811377
1.0,2,S1R1,completed,50,24.438000000000002,0.38397668580018685,24.328875046188628,24.547124953811377
1.0,2,S1R1,mean_wait,50,92.98604784470814,7.178715255586974,90.9458797833103,95.02621590610597
1.0,2,S1R1,p90_wait,50,192.98335476833702,13.401535183326212,189.17468105984267,196.79202847683138
1.0,2,S1R1,post_registration_wait,50,89.71217738293961,7.171019360653359,87.67419647042406,91.75015829545517
1.0,2,S1R1,registration_elapsed,50,3.273870461768553,0.0347121634170808,3.264005375242042,3.2837355482950636
1.0,2,S1R1,mean_los,50,136.17529298571418,7.271342780077169,134.10880047623016,138.2417854951982
1.0,2,S1R1,completed_by_close,50,17.098666666666666,0.30808898205174096,17.01110875708649,17.186224576246843
1.0,2,S1R1,overtime,50,208.7531638139779,15.714933253405738,204.28702972603716,213.21929790191862
1.0,2,S1R1,reprocessing_overtime,50,258.5244545344195,15.257512380551647,254.18831800484233,262.86059106399665
1.0,2,S1R1,bypass_events,50,13.508666666666665,1.0276408930111052,13.216614390756165,13.800718942577165
1.0,2,S1R1,max_bypasses,50,1.9713333333333332,0.03230382972599363,1.9621526875880497,1.9805139790786166
1.0,2,S1R1,kit_unavailable_wait,50,60.801741813999755,5.865691249180248,59.134731002380676,62.46875262561883
1.0,2,S1R1,mean_cycle_queue,50,10.572614749425675,0.3203342229527124,10.4815767812973,10.66365271755405
1.0,2,S1R1,wait_routine,50,113.93707528065335,8.795358841757121,111.43746224982299,116.4366883114837
1.0,2,S1R1,count_routine,50,12.716000000000001,0.5138551989937241,12.569963985498058,12.862036014501944
1.0,2,S1R1,wait_restorative,50,67.55512453802386,6.927961697670687,65.58621984088116,69.52402923516657
1.0,2,S1R1,count_restorative,50,6.846,0.42962252059695577,6.723902645003647,6.968097354996353
1.0,2,S1R1,wait_impression,50,53.78671775339783,8.088901512362014,51.487877650432324,56.08555785636334
1.0,2,S1R1,count_impression,50,3.1919999999999997,0.3503519448508471,3.0924310907056767,3.2915689092943228
1.0,2,S1R1,wait_complex,50,52.07881820160483,8.86534788936084,49.559314505873445,54.59832189733622
1.0,2,S1R1,count_complex,50,1.6839999999999997,0.2331135991601062,1.6177498559629024,1.750250144037097
1.0,2,S1R1,util_chair,50,0.45571391006245954,0.007623815013903839,0.45354724606429264,0.45788057406062643
1.0,2,S1R1,overtime_chair_minutes,50,319.7264784884008,22.40806710734472,313.35817703021377,326.09477994658783
1.0,2,S1R1,util_dentist,50,0.751614748392444,0.013379699531344897,0.7478122803068482,0.7554172164780398
1.0,2,S1R1,overtime_dentist_minutes,50,253.09609327653726,18.415111794644872,247.86257702845018,258.32960952462435
1.0,2,S1R1,util_assistant,50,0.700475297534421,0.011455541310141688,0.6972196691002404,0.7037309259686015
1.0,2,S1R1,overtime_assistant_minutes,50,381.5167573587571,25.93039872665116,374.1474204484719,388.8860942690423
1.0,2,S1R1,util_frontdesk,50,0.26006865468373375,0.0034837734513794446,0.259078577340421,0.2610587320270465
1.0,2,S1R1,overtime_frontdesk_minutes,50,21.859987063446933,1.5388574195468556,21.42264867536124,22.297325451532625
1.0,2,S1R1,util_sterilizer,50,0.7773131771987775,0.009633912048311733,0.7745752500115994,0.7800511043859555
1.0,2,S1R1,overtime_sterilizer_minutes,50,221.35100827792016,11.59548622667409,218.05560794321158,224.64640861262873
1.0,4,S0R0,scheduled,50,28.0,0.0,28.0,28.0
1.0,4,S0R0,attended,50,24.438000000000002,0.38397668580018685,24.328875046188628,24.547124953811377
1.0,4,S0R0,completed,50,24.438000000000002,0.38397668580018685,24.328875046188628,24.547124953811377
1.0,4,S0R0,mean_wait,50,52.90885261473679,4.477594222605688,51.63633456664315,54.181370662830425
1.0,4,S0R0,p90_wait,50,95.51988498141309,7.43313375249511,93.40741199174597,97.6323579710802
1.0,4,S0R0,post_registration_wait,50,49.603640744313516,4.475830957497285,48.33162381055996,50.87565767806707
1.0,4,S0R0,registration_elapsed,50,3.3052118704232702,0.03952649484149188,3.2939785662060768,3.3164451746404637
1.0,4,S0R0,mean_los,50,96.13798319195774,4.707887817265018,94.80001643614405,97.47594994777144
1.0,4,S0R0,completed_by_close,50,19.465333333333334,0.24642201509566805,19.39530097978202,19.535365686884646
1.0,4,S0R0,overtime,50,99.65293463196276,8.26027399057425,97.30539101531784,102.00047824860769
1.0,4,S0R0,reprocessing_overtime,50,154.57622759261332,8.325998399146222,152.210005307927,156.94244987729965
1.0,4,S0R0,bypass_events,50,0.0,0.0,0.0,0.0
1.0,4,S0R0,max_bypasses,50,0.0,0.0,0.0,0.0
1.0,4,S0R0,kit_unavailable_wait,50,3.9413638378117093,0.9654100647162077,3.6669973655305945,4.215730310092824
1.0,4,S0R0,mean_cycle_queue,50,12.162178436349532,0.3199396213618923,12.071252612739206,12.253104259959857
1.0,4,S0R0,wait_routine,50,53.4520726322566,4.7726659322104785,52.095696142042804,54.8084491224704
1.0,4,S0R0,count_routine,50,12.716000000000001,0.5138551989937241,12.569963985498058,12.862036014501944
1.0,4,S0R0,wait_restorative,50,52.62605996980463,4.908976292444624,51.23094450841198,54.02117543119728
1.0,4,S0R0,count_restorative,50,6.846,0.42962252059695577,6.723902645003647,6.968097354996353
1.0,4,S0R0,wait_impression,50,53.41183358781868,6.141580970417994,51.66641579421224,55.15725138142511
1.0,4,S0R0,count_impression,50,3.1919999999999997,0.3503519448508471,3.0924310907056767,3.2915689092943228
1.0,4,S0R0,wait_complex,50,50.244194462312414,6.431225401063917,48.41646064201782,52.07192828260701
1.0,4,S0R0,count_complex,50,1.6839999999999997,0.2331135991601062,1.6177498559629024,1.750250144037097
1.0,4,S0R0,util_chair,50,0.5153713164482963,0.0038291669418182806,0.5142830793726749,0.5164595535239176
1.0,4,S0R0,overtime_chair_minutes,50,205.18425822759414,18.229025835087413,200.00362701782478,210.3648894373635
1.0,4,S0R0,util_dentist,50,0.8488693216140522,0.0067269510586697116,0.8469575435016938,0.8507810997264105
1.0,4,S0R0,overtime_dentist_minutes,50,159.73170298379344,14.990850902439973,155.47135079883495,163.99205516875193
1.0,4,S0R0,util_assistant,50,0.7928666681243945,0.005813387058873909,0.7912145219974358,0.7945188142513533
1.0,4,S0R0,overtime_assistant_minutes,50,248.4731837091951,21.126990772788165,242.46896007397797,254.47740734441223
1.0,4,S0R0,util_frontdesk,50,0.27488440234116296,0.0037064549686501988,0.27383103961833255,0.27593776506399337
1.0,4,S0R0,overtime_frontdesk_minutes,50,14.74842818788095,1.2255958674074123,14.40011773735573,15.09673863840617
1.0,4,S0R0,util_sterilizer,50,0.810752504880603,0.006519758512358671,0.8088996102314402,0.8126053995297658
1.0,4,S0R0,overtime_sterilizer_minutes,50,149.98746432397712,7.836835187264768,147.76026066952755,152.2146679784267
1.0,4,S0R1,scheduled,50,28.0,0.0,28.0,28.0
1.0,4,S0R1,attended,50,24.438000000000002,0.38397668580018685,24.328875046188628,24.547124953811377
1.0,4,S0R1,completed,50,24.438000000000002,0.38397668580018685,24.328875046188628,24.547124953811377
1.0,4,S0R1,mean_wait,50,51.5327390865159,4.283361496580566,50.315421361879345,52.75005681115246
1.0,4,S0R1,p90_wait,50,93.75652262062299,7.185218848052194,91.71450625891521,95.79853898233077
1.0,4,S0R1,post_registration_wait,50,48.226736277374584,4.278080294254784,47.01091945365514,49.44255310109403
1.0,4,S0R1,registration_elapsed,50,3.3060028091413263,0.04111489023792383,3.2943180880004497,3.317687530282203
1.0,4,S0R1,mean_los,50,94.76346215910415,4.528262825673782,93.47654425504537,96.05038006316293
1.0,4,S0R1,completed_by_close,50,19.598,0.261550409634635,19.523668204799346,19.672331795200652
1.0,4,S0R1,overtime,50,96.36297764110252,7.750741870447979,94.16024143368432,98.56571384852072
1.0,4,S0R1,reprocessing_overtime,50,151.33965361272965,7.767443079687199,149.13217097472275,153.54713625073654
1.0,4,S0R1,bypass_events,50,0.982,0.324383944286177,0.889811113938827,1.074188886061173
1.0,4,S0R1,max_bypasses,50,0.4926666666666666,0.11669873223093896,0.4595012578398037,0.5258320754935295
1.0,4,S0R1,kit_unavailable_wait,50,3.78318102360886,0.9573783187232683,3.511097148013733,4.055264899203987
1.0,4,S0R1,mean_cycle_queue,50,12.186312328029283,0.30530449114521646,12.099545761915516,12.27307889414305
1.0,4,S0R1,wait_routine,50,53.355947148626285,4.753642547095121,52.0049770440052,54.70691725324737
1.0,4,S0R1,count_routine,50,12.716000000000001,0.5138551989937241,12.569963985498058,12.862036014501944
1.0,4,S0R1,wait_restorative,50,49.33816602352892,4.678561550349433,48.008533699572595,50.667798347485245
1.0,4,S0R1,count_restorative,50,6.846,0.42962252059695577,6.723902645003647,6.968097354996353
1.0,4,S0R1,wait_impression,50,49.97769842745005,5.820677638643171,48.32348034089058,51.63191651400952
1.0,4,S0R1,count_impression,50,3.1919999999999997,0.3503519448508471,3.0924310907056767,3.2915689092943228
1.0,4,S0R1,wait_complex,50,46.51079934168395,5.5873638645655195,44.92288828823698,48.098710395130915
1.0,4,S0R1,count_complex,50,1.6839999999999997,0.2331135991601062,1.6177498559629024,1.750250144037097
1.0,4,S0R1,util_chair,50,0.5190707665688535,0.004042747501311404,0.5179218305769917,0.5202197025607154
1.0,4,S0R1,overtime_chair_minutes,50,198.08131399612444,17.09961944878701,193.22165649204365,202.94097150020522
1.0,4,S0R1,util_dentist,50,0.855009972917019,0.007158384238648272,0.8529755828660224,0.8570443629680156
1.0,4,S0R1,overtime_dentist_minutes,50,153.83667773294547,14.05319711884223,149.8428037733848,157.83055169250616
1.0,4,S0R1,util_assistant,50,0.7985083044721064,0.006101823757353109,0.796774185552103,0.8002424233921098
1.0,4,S0R1,overtime_assistant_minutes,50,240.34922736848992,19.851809750806307,234.70740612714448,245.99104860983536
1.0,4,S0R1,util_frontdesk,50,0.27574009077326783,0.003859956039793186,0.274643103533851,0.27683707801268465
1.0,4,S0R1,overtime_frontdesk_minutes,50,14.337697740470592,1.1591864107088887,14.008260646487221,14.667134834453963
1.0,4,S0R1,util_sterilizer,50,0.8114283992132996,0.006555182228943905,0.8095654372564611,0.813291361170138
1.0,4,S0R1,overtime_sterilizer_minutes,50,146.78236837761625,7.170485499905392,144.74453918662863,148.82019756860387
1.0,4,S1R0,scheduled,50,28.0,0.0,28.0,28.0
1.0,4,S1R0,attended,50,24.438000000000002,0.38397668580018685,24.328875046188628,24.547124953811377
1.0,4,S1R0,completed,50,24.438000000000002,0.38397668580018685,24.328875046188628,24.547124953811377
1.0,4,S1R0,mean_wait,50,52.9689452249782,4.519508254901865,51.68451534211043,54.25337510784597
1.0,4,S1R0,p90_wait,50,95.5679163354279,7.559567033810116,93.41951140902101,97.71632126183478
1.0,4,S1R0,post_registration_wait,50,49.67126295159208,4.51111005106195,48.38921981156579,50.953306091618366
1.0,4,S1R0,registration_elapsed,50,3.2976822733861235,0.03744039926384933,3.287041830902402,3.308322715869845
1.0,4,S1R0,mean_los,50,96.19568305457823,4.740699690713039,94.84839126860803,97.54297484054842
1.0,4,S1R0,completed_by_close,50,19.45933333333333,0.24755402076572877,19.388979267368143,19.529687399298517
1.0,4,S1R0,overtime,50,99.62592285573402,8.26800410455395,97.27618236526266,101.97566334620538
1.0,4,S1R0,reprocessing_overtime,50,154.73614979004668,8.41247880221578,152.34535004964613,157.12694953044723
1.0,4,S1R0,bypass_events,50,0.0,0.0,0.0,0.0
1.0,4,S1R0,max_bypasses,50,0.0,0.0,0.0,0.0
1.0,4,S1R0,kit_unavailable_wait,50,4.076974286284207,0.9381228365805351,3.8103627575193637,4.34358581504905
1.0,4,S1R0,mean_cycle_queue,50,12.198821124156902,0.31082684359940277,12.11048512302591,12.287157125287894
1.0,4,S1R0,wait_routine,50,53.075263158488205,4.735504148931191,51.72944792898077,54.42107838799564
1.0,4,S1R0,count_routine,50,12.716000000000001,0.5138551989937241,12.569963985498058,12.862036014501944
1.0,4,S1R0,wait_restorative,50,53.14136116945207,4.991511838892094,51.72278936806027,54.55993297084387
1.0,4,S1R0,count_restorative,50,6.846,0.42962252059695577,6.723902645003647,6.968097354996353
1.0,4,S1R0,wait_impression,50,53.41763044542117,6.363178157726351,51.60923543542629,55.22602545541604
1.0,4,S1R0,count_impression,50,3.1919999999999997,0.3503519448508471,3.0924310907056767,3.2915689092943228
1.0,4,S1R0,wait_complex,50,52.020329145387684,6.765845954217226,50.097497227324226,53.94316106345114
1.0,4,S1R0,count_complex,50,1.6839999999999997,0.2331135991601062,1.6177498559629024,1.750250144037097
1.0,4,S1R0,util_chair,50,0.5154391061887181,0.003604654052491561,0.5144146749627326,0.5164635374147036
1.0,4,S1R0,overtime_chair_minutes,50,205.05410192598447,18.294705207877357,199.85480484719986,210.25339900476908
1.0,4,S1R0,util_dentist,50,0.8490500046252385,0.0064436572921210385,0.8472187377010145,0.8508812715494625
1.0,4,S1R0,overtime_dentist_minutes,50,159.55824729305468,14.93432180963889,155.31396049661856,163.8025340894908
1.0,4,S1R0,util_assistant,50,0.7929613125438528,0.005510785942875694,0.7913951646923825,0.7945274603953232
1.0,4,S1R0,overtime_assistant_minutes,50,248.3368957451751,21.21626730268829,242.30730000388468,254.36649148646552
1.0,4,S1R0,util_frontdesk,50,0.2748817192533244,0.003690102333249824,0.2738330038975054,0.27593043460914335
1.0,4,S1R0,overtime_frontdesk_minutes,50,14.749716070043448,1.2581578636960866,14.392151603656293,15.107280536430602
1.0,4,S1R0,util_sterilizer,50,0.811148052536677,0.006191823276222591,0.8093883560394329,0.812907749033921
1.0,4,S1R0,overtime_sterilizer_minutes,50,150.2229347823951,8.009556272625275,147.94664434440048,152.49922522038972
1.0,4,S1R1,scheduled,50,28.0,0.0,28.0,28.0
1.0,4,S1R1,attended,50,24.438000000000002,0.38397668580018685,24.328875046188628,24.547124953811377
1.0,4,S1R1,completed,50,24.438000000000002,0.38397668580018685,24.328875046188628,24.547124953811377
1.0,4,S1R1,mean_wait,50,51.412809658808094,4.3565043006961135,50.174704981692614,52.650914335923574
1.0,4,S1R1,p90_wait,50,93.48213650658796,7.332654883730997,91.3982192920978,95.56605372107812
1.0,4,S1R1,post_registration_wait,50,48.11493863064131,4.348560634892012,46.87909151810207,49.35078574318055
1.0,4,S1R1,registration_elapsed,50,3.297871028166774,0.038577666107922,3.2869073780602456,3.3088346782733025
1.0,4,S1R1,mean_los,50,94.6417612611349,4.595483035037575,93.3357395872034,95.9477829350664
1.0,4,S1R1,completed_by_close,50,19.612000000000002,0.2546403804505658,19.539632013133115,19.68436798686689
1.0,4,S1R1,overtime,50,95.95267866231768,7.705940273197478,93.76267492645682,98.14268239817854
1.0,4,S1R1,reprocessing_overtime,50,151.13156782595206,7.967506590858121,148.86722777388013,153.395907878024
1.0,4,S1R1,bypass_events,50,1.0773333333333333,0.3358706154083512,0.9818799718443318,1.1727866948223347
1.0,4,S1R1,max_bypasses,50,0.524,0.10922111380443011,0.4929597065657849,0.5550402934342151
1.0,4,S1R1,kit_unavailable_wait,50,3.91563280851818,0.9547919592946553,3.644283968053113,4.186981648983247
1.0,4,S1R1,mean_cycle_queue,50,12.221526924951059,0.31304108553218585,12.132561643299718,12.3104922066024
1.0,4,S1R1,wait_routine,50,52.94903097035127,4.775028239476539,51.59198311991996,54.306078820782574
1.0,4,S1R1,count_routine,50,12.716000000000001,0.5138551989937241,12.569963985498058,12.862036014501944
1.0,4,S1R1,wait_restorative,50,49.48295943489461,4.711128496294218,48.14407168839981,50.82184718138941
1.0,4,S1R1,count_restorative,50,6.846,0.42962252059695577,6.723902645003647,6.968097354996353
1.0,4,S1R1,wait_impression,50,49.5321608929625,6.008500332049496,47.82456419384488,51.239757592080124
1.0,4,S1R1,count_impression,50,3.1919999999999997,0.3503519448508471,3.0924310907056767,3.2915689092943228
1.0,4,S1R1,wait_complex,50,47.86483909876642,6.090929243352058,46.13381636501894,49.5958618325139
1.0,4,S1R1,count_complex,50,1.6839999999999997,0.2331135991601062,1.6177498559629024,1.750250144037097
1.0,4,S1R1,util_chair,50,0.519511883000089,0.003807281716633811,0.518429865635913,0.520593900364265
1.0,4,S1R1,overtime_chair_minutes,50,197.2343704481523,17.247283449978422,192.33274730421493,202.13599359208968
1.0,4,S1R1,util_dentist,50,0.8557794194831443,0.006758598752873588,0.8538586471966708,0.8577001917696178
1.0,4,S1R1,overtime_dentist_minutes,50,153.0980090294649,14.140889231295837,149.07921325023386,157.11680480869592
1.0,4,S1R1,util_assistant,50,0.7991349253101755,0.005777022073212845,0.7974931139965722,0.8007767366237788
1.0,4,S1R1,overtime_assistant_minutes,50,239.44689336167056,20.035048163464097,233.7529963457867,245.14079037755442
1.0,4,S1R1,util_frontdesk,50,0.27582168922143746,0.00386466902204997,0.2747233625674413,0.27692001587543363
1.0,4,S1R1,overtime_frontdesk_minutes,50,14.298530485349174,1.1701154441162354,13.965987394804333,14.631073575894014
1.0,4,S1R1,util_sterilizer,50,0.8122229776948627,0.00635367730922373,0.8104172827958183,0.8140286725939072
1.0,4,S1R1,overtime_sterilizer_minutes,50,146.72963737313256,7.571781459559392,144.57776114574565,148.88151360051947
1.2,1,S0R0,scheduled,50,34.0,0.0,34.0,34.0
1.2,1,S0R0,attended,50,29.689999999999994,0.3695465137845848,29.5849760552158,29.795023944784187
1.2,1,S0R0,completed,50,29.689999999999994,0.3695465137845848,29.5849760552158,29.795023944784187
1.2,1,S0R0,mean_wait,50,537.381528553587,18.244056962355245,532.1966255452177,542.5664315619564
1.2,1,S0R0,p90_wait,50,969.9935058037893,30.04760954334845,961.4540706640569,978.5329409435217
1.2,1,S0R0,post_registration_wait,50,534.1393988728865,18.248649782601703,528.9531905995993,539.3256071461738
1.2,1,S0R0,registration_elapsed,50,3.242129680700462,0.029855524902192548,3.233644835405294,3.2506145259956303
1.2,1,S0R0,mean_los,50,580.5947038848027,18.170297958264726,575.4307629509868,585.7586448186186
1.2,1,S0R0,completed_by_close,50,8.762666666666666,0.2803981619977217,8.682978400143323,8.842354933190009
1.2,1,S0R0,overtime,50,1077.3758972632388,31.935294250362688,1068.2999881289095,1086.4518063975681
1.2,1,S0R0,reprocessing_overtime,50,1126.183122216368,32.06270113674982,1117.0710044498314,1135.2952399829046
1.2,1,S0R0,bypass_events,50,0.0,0.0,0.0,0.0
1.2,1,S0R0,max_bypasses,50,0.0,0.0,0.0,0.0
1.2,1,S0R0,kit_unavailable_wait,50,345.54475533703607,14.659937968845176,341.3784475561509,349.71106311792124
1.2,1,S0R0,mean_cycle_queue,50,6.021754142667548,0.2777538802919061,5.9428173726013656,6.10069091273373
1.2,1,S0R0,wait_routine,50,542.8498857494216,18.872208554519073,537.4864640548498,548.2133074439934
1.2,1,S0R0,count_routine,50,15.405333333333335,0.5792465197238953,15.240713313296071,15.569953353370598
1.2,1,S0R0,wait_restorative,50,535.3467223254717,28.765547429104384,527.1716451641636,543.5217994867797
1.2,1,S0R0,count_restorative,50,8.335333333333335,0.45322777882774784,8.206527438966232,8.464139227700437
1.2,1,S0R0,wait_impression,50,522.9691982731432,39.338315979671286,511.7893738904391,534.1490226558474
1.2,1,S0R0,count_impression,50,3.8760000000000003,0.3338119013569294,3.781131718501739,3.970868281498262
1.2,1,S0R0,wait_complex,50,508.5406126574017,51.86582907595359,493.8005088656645,523.2807164491389
1.2,1,S0R0,count_complex,50,2.0733333333333333,0.22787592598105522,2.0085717193681902,2.1380949472984763
1.2,1,S0R0,util_chair,50,0.23269678939262153,0.007728037501687673,0.23050050569464964,0.23489307309059343
1.2,1,S0R0,overtime_chair_minutes,50,1009.2444623575601,25.01305564330246,1002.1358314362101,1016.3530932789101
1.2,1,S0R0,util_dentist,50,0.38340087014972546,0.013251453701751806,0.37963484912132966,0.38716689117812125
1.2,1,S0R0,overtime_dentist_minutes,50,820.5670523739923,21.116342535201298,814.5658549340568,826.5682498139278
1.2,1,S0R0,util_assistant,50,0.35793582073667346,0.011602861957431317,0.354638324242724,0.3612333172306229
1.2,1,S0R0,overtime_assistant_minutes,50,1178.114716130584,28.434666407420263,1170.0336743040855,1186.1957579570824
1.2,1,S0R0,util_frontdesk,50,0.24073988909179792,0.0026889939461876033,0.23997568555802012,0.2415040926255757
1.2,1,S0R0,overtime_frontdesk_minutes,50,62.64681627820855,1.7547814168166234,62.14811297631376,63.14551958010333
1.2,1,S0R0,util_sterilizer,50,0.48272099721743666,0.015237051875059552,0.47839067549849607,0.48705131893637726
1.2,1,S0R0,overtime_sterilizer_minutes,50,616.9112546689637,13.74805619443063,613.0041007903709,620.8184085475565
1.2,1,S0R1,scheduled,50,34.0,0.0,34.0,34.0
1.2,1,S0R1,attended,50,29.689999999999994,0.3695465137845848,29.5849760552158,29.795023944784187
1.2,1,S0R1,completed,50,29.689999999999994,0.3695465137845848,29.5849760552158,29.795023944784187
1.2,1,S0R1,mean_wait,50,413.3498295166088,17.904180554492388,408.26151830321345,418.43814073000414
1.2,1,S0R1,p90_wait,50,810.2663019770764,31.7242884814412,801.2503600116898,819.282243942463
1.2,1,S0R1,post_registration_wait,50,410.07449427700385,17.906569750181074,404.98550406178674,415.16348449222096
1.2,1,S0R1,registration_elapsed,50,3.275335239604986,0.03656563000877924,3.264943403763504,3.2857270754464682
1.2,1,S0R1,mean_los,50,456.58665234263316,17.802078082421414,451.5273583273147,461.64594635795163
1.2,1,S0R1,completed_by_close,50,11.196666666666667,0.34465467945838524,11.098716902090748,11.294616431242586
1.2,1,S0R1,overtime,50,934.0781811546924,33.94739969268369,924.4304380482057,943.7259242611791
1.2,1,S0R1,reprocessing_overtime,50,978.6605669848391,33.954949568239385,969.0106782277132,988.3104557419649
1.2,1,S0R1,bypass_events,50,30.245333333333335,1.053570971213245,29.945911811604596,30.544754855062074
1.2,1,S0R1,max_bypasses,50,2.0,0.0,2.0,2.0
1.2,1,S0R1,kit_unavailable_wait,50,322.39879529601455,14.807627843510613,318.1905145221137,326.6070760699154
1.2,1,S0R1,mean_cycle_queue,50,6.1724446431717555,0.2629502322300129,6.0977150228381864,6.2471742635053245
1.2,1,S0R1,wait_routine,50,479.26768776906744,18.832231652427772,473.9156273830218,484.6197481551131
1.2,1,S0R1,count_routine,50,15.405333333333335,0.5792465197238953,15.240713313296071,15.569953353370598
1.2,1,S0R1,wait_restorative,50,377.52207340098926,23.77427451813741,370.76550013851596,384.27864666346255
1.2,1,S0R1,count_restorative,50,8.335333333333335,0.45322777882774784,8.206527438966232,8.464139227700437
1.2,1,S0R1,wait_impression,50,237.33533226411845,27.66473559149482,229.47310232863558,245.19756219960132
1.2,1,S0R1,count_impression,50,3.8760000000000003,0.3338119013569294,3.781131718501739,3.970868281498262
1.2,1,S0R1,wait_complex,50,198.90164171334996,41.162769655191134,187.20331339424877,210.59997003245115
1.2,1,S0R1,count_complex,50,2.0733333333333333,0.22787592598105522,2.0085717193681902,2.1380949472984763
1.2,1,S0R1,util_chair,50,0.30157710636181145,0.008895707291862042,0.2990489746203726,0.3041052381032503
1.2,1,S0R1,overtime_chair_minutes,50,876.9942537767155,25.69296052672971,869.69239604826,884.296111505171
1.2,1,S0R1,util_dentist,50,0.49835838954006767,0.015040546769113027,0.4940839139477361,0.5026328651323992
1.2,1,S0R1,overtime_dentist_minutes,50,710.2078337592641,21.468064702753562,704.1066779970972,716.3089895214309
1.2,1,S0R1,util_assistant,50,0.46313719466602393,0.013587711697926141,0.45927561018375657,0.4669987791482913
1.2,1,S0R1,overtime_assistant_minutes,50,1026.624737672319,29.47398070595441,1018.248326025159,1035.001149319479
1.2,1,S0R1,util_frontdesk,50,0.25596447869133987,0.002945443173883693,0.2551273931020566,0.2568015642806231
1.2,1,S0R1,overtime_frontdesk_minutes,50,55.339013270428424,1.8392890208283348,54.816293176042,55.861733364814846
1.2,1,S0R1,util_sterilizer,50,0.6067424181372556,0.0177862879567229,0.601687611625479,0.6117972246490322
1.2,1,S0R1,overtime_sterilizer_minutes,50,548.9323059607839,13.515178129398949,545.0913352881774,552.7732766333903
1.2,1,S1R0,scheduled,50,34.0,0.0,34.0,34.0
1.2,1,S1R0,attended,50,29.689999999999994,0.3695465137845848,29.5849760552158,29.795023944784187
1.2,1,S1R0,completed,50,29.689999999999994,0.3695465137845848,29.5849760552158,29.795023944784187
1.2,1,S1R0,mean_wait,50,537.5333927963743,18.847926478302117,532.1768719906939,542.8899136020547
1.2,1,S1R0,p90_wait,50,970.3057714275132,30.531475703409964,961.628823062837,978.9827197921893
1.2,1,S1R0,post_registration_wait,50,534.2827481689872,18.85313965084437,528.924745796238,539.6407505417363
1.2,1,S1R0,registration_elapsed,50,3.2506446273870675,0.03234938278872792,3.2414510356061244,3.2598382191680106
1.2,1,S1R0,mean_los,50,580.7486918829848,18.769493676905906,575.4144614301987,586.0829223357708
1.2,1,S1R0,completed_by_close,50,8.764666666666667,0.29365242384789875,8.68121158104807,8.848121752285264
1.2,1,S1R0,overtime,50,1078.094557226916,32.55072734962727,1068.8437439616464,1087.3453704921858
1.2,1,S1R0,reprocessing_overtime,50,1126.714540533889,32.53046890257233,1117.46948465489,1135.959596412888
1.2,1,S1R0,bypass_events,50,0.0,0.0,0.0,0.0
1.2,1,S1R0,max_bypasses,50,0.0,0.0,0.0,0.0
1.2,1,S1R0,kit_unavailable_wait,50,345.6850807305465,14.78468703885921,341.48331966042076,349.8868418006722
1.2,1,S1R0,mean_cycle_queue,50,6.031604387504764,0.2821664157604735,5.951413588881627,6.111795186127901
1.2,1,S1R0,wait_routine,50,543.2019165781941,19.26493148414262,537.7268842751122,548.676948881276
1.2,1,S1R0,count_routine,50,15.405333333333335,0.5792465197238953,15.240713313296071,15.569953353370598
1.2,1,S1R0,wait_restorative,50,535.1217192886427,28.99347814781784,526.881864941449,543.3615736358364
1.2,1,S1R0,count_restorative,50,8.335333333333335,0.45322777882774784,8.206527438966232,8.464139227700437
1.2,1,S1R0,wait_impression,50,523.1509991086905,40.10014948492613,511.75466406492984,534.5473341524512
1.2,1,S1R0,count_impression,50,3.8760000000000003,0.3338119013569294,3.781131718501739,3.970868281498262
1.2,1,S1R0,wait_complex,50,508.74014948506755,52.716555633878585,493.7582719092106,523.7220270609246
1.2,1,S1R0,count_complex,50,2.0733333333333333,0.22787592598105522,2.0085717193681902,2.1380949472984763
1.2,1,S1R0,util_chair,50,0.2327382818443502,0.008050422201196287,0.23045037743932922,0.23502618624937116
1.2,1,S1R0,overtime_chair_minutes,50,1009.1647968502411,25.524525021919,1001.9108079569581,1016.4187857435242
1.2,1,S1R0,util_dentist,50,0.3834786505431847,0.01375216736539928,0.3795703282828681,0.3873869728035013
1.2,1,S1R0,overtime_dentist_minutes,50,820.4923831962716,21.481034345319507,814.3875415029055,826.5972248896377
1.2,1,S1R0,util_assistant,50,0.3579914466206936,0.012168880925776572,0.354533089334771,0.3614498039066162
1.2,1,S1R0,overtime_assistant_minutes,50,1178.0346148575948,29.114394188987465,1169.7603965557767,1186.3088331594129
1.2,1,S1R0,util_frontdesk,50,0.24075618630781787,0.0027282570126286117,0.23998082433533713,0.2415315482802986
1.2,1,S1R0,overtime_frontdesk_minutes,50,62.63899361451899,1.7897325221202525,62.1303573195729,63.147629909465074
1.2,1,S1R0,util_sterilizer,50,0.48274312980661327,0.015653292372995002,0.47829451386098815,0.4871917457522384
1.2,1,S1R0,overtime_sterilizer_minutes,50,617.3066310261589,13.86381919282904,613.3665776713207,621.2466843809972
1.2,1,S1R1,scheduled,50,34.0,0.0,34.0,34.0
1.2,1,S1R1,attended,50,29.689999999999994,0.3695465137845848,29.5849760552158,29.795023944784187
1.2,1,S1R1,completed,50,29.689999999999994,0.3695465137845848,29.5849760552158,29.795023944784187
1.2,1,S1R1,mean_wait,50,412.92405557944767,18.29921666541534,407.7234763587683,418.124634800127
1.2,1,S1R1,p90_wait,50,809.5248829120853,32.145190358376496,800.3893219709165,818.6604438532542
1.2,1,S1R1,post_registration_wait,50,409.6424187633465,18.29948400483763,404.44176356565293,414.84307396104003
1.2,1,S1R1,registration_elapsed,50,3.281636816101155,0.03550840444631155,3.271545440404622,3.291728191797688
1.2,1,S1R1,mean_los,50,456.1649335683172,18.200004199072552,450.99255021527136,461.3373169213631
1.2,1,S1R1,completed_by_close,50,11.203333333333335,0.34877498610093177,11.104212590704101,11.302454075962569
1.2,1,S1R1,overtime,50,934.0234536163407,34.37208581155791,924.2550160645392,943.7918911681422
1.2,1,S1R1,reprocessing_overtime,50,978.6211352736682,34.45806033068367,968.8282640367615,988.4140065105748
1.2,1,S1R1,bypass_events,50,30.281333333333333,1.0389284554775207,29.986073168042196,30.57659349862447
1.2,1,S1R1,max_bypasses,50,2.0,0.0,2.0,2.0
1.2,1,S1R1,kit_unavailable_wait,50,322.26997327212285,15.014448209525222,318.0029148074839,326.53703173676183
1.2,1,S1R1,mean_cycle_queue,50,6.172474802279627,0.2911920587395979,6.089718944605671,6.2552306599535825
1.2,1,S1R1,wait_routine,50,479.0603403683693,19.161099706683107,473.61481672645994,484.50586401027863
1.2,1,S1R1,count_routine,50,15.405333333333335,0.5792465197238953,15.240713313296071,15.569953353370598
1.2,1,S1R1,wait_restorative,50,376.8725106651067,24.11420042119836,370.01933154128136,383.725689788932
1.2,1,S1R1,count_restorative,50,8.335333333333335,0.45322777882774784,8.206527438966232,8.464139227700437
1.2,1,S1R1,wait_impression,50,237.12052583314752,29.025845684798824,228.87147273480915,245.3695789314859
1.2,1,S1R1,count_impression,50,3.8760000000000003,0.3338119013569294,3.781131718501739,3.970868281498262
1.2,1,S1R1,wait_complex,50,197.98101976818296,40.95344065458302,186.34218208579878,209.61985745056714
1.2,1,S1R1,count_complex,50,2.0733333333333333,0.22787592598105522,2.0085717193681902,2.1380949472984763
1.2,1,S1R1,util_chair,50,0.30180683654034385,0.009303737654512353,0.2991627438665764,0.3044509292141113
1.2,1,S1R1,overtime_chair_minutes,50,876.5531718339333,26.38599125075324,869.0543569761893,884.0519866916774
1.2,1,S1R1,util_dentist,50,0.49869501223184104,0.01578864234712376,0.49420793025371607,0.5031820942099661
1.2,1,S1R1,overtime_dentist_minutes,50,709.8846759751617,21.956152948740318,703.6448070846491,716.1245448656744
1.2,1,S1R1,util_assistant,50,0.46351633508914175,0.01421402293798058,0.45947675494289275,0.46755591523539075
1.2,1,S1R1,overtime_assistant_minutes,50,1026.0787754630294,30.346635349586695,1017.45435813948,1034.703192786579
1.2,1,S1R1,util_frontdesk,50,0.25601241547236886,0.002930650059943183,0.2551795340390544,0.2568452969056833
1.2,1,S1R1,overtime_frontdesk_minutes,50,55.31600361553449,1.8709285219740401,54.784291675474044,55.84771555559494
1.2,1,S1R1,util_sterilizer,50,0.6080819282740689,0.01761617816789838,0.6030754664236606,0.6130883901244772
1.2,1,S1R1,overtime_sterilizer_minutes,50,548.3473410951136,13.60785585887478,544.4800317063236,552.2146504839036
1.2,2,S0R0,scheduled,50,34.0,0.0,34.0,34.0
1.2,2,S0R0,attended,50,29.689999999999994,0.3695465137845848,29.5849760552158,29.795023944784187
1.2,2,S0R0,completed,50,29.689999999999994,0.3695465137845848,29.5849760552158,29.795023944784187
1.2,2,S0R0,mean_wait,50,200.7559889921419,9.084837901310875,198.17410693256224,203.33787105172158
1.2,2,S0R0,p90_wait,50,366.4685655227268,15.396948774315087,362.09280161317645,370.84432943227716
1.2,2,S0R0,post_registration_wait,50,197.4244985630217,9.089342123884656,194.84133641770114,200.00766070834226
1.2,2,S0R0,registration_elapsed,50,3.331490429120243,0.036908667115799224,3.3210011032231312,3.3419797550173547
1.2,2,S0R0,mean_los,50,244.07583944952145,9.05091152812642,241.50359915738144,246.64807974166146
1.2,2,S0R0,completed_by_close,50,15.324000000000003,0.27774929559193123,15.245064532890984,15.402935467109023
1.2,2,S0R0,overtime,50,405.8614375966238,15.944513424377028,401.33005755370783,410.3928176395397
1.2,2,S0R0,reprocessing_overtime,50,458.5460483055196,16.301665544987344,453.91316676496973,463.1789298460695
1.2,2,S0R0,bypass_events,50,0.0,0.0,0.0,0.0
1.2,2,S0R0,max_bypasses,50,0.0,0.0,0.0,0.0
1.2,2,S0R0,kit_unavailable_wait,50,95.9362568653657,6.492246063174402,94.09118116682538,97.78133256390603
1.2,2,S0R0,mean_cycle_queue,50,10.164805866002867,0.31406550398182936,10.07554944788378,10.254062284121954
1.2,2,S0R0,wait_routine,50,203.34974102208645,8.893552370340325,200.82222170249565,205.87726034167724
1.2,2,S0R0,count_routine,50,15.405333333333335,0.5792465197238953,15.240713313296071,15.569953353370598
1.2,2,S0R0,wait_restorative,50,198.85526560231656,12.789524263194286,195.22052345232888,202.49000775230425
1.2,2,S0R0,count_restorative,50,8.335333333333335,0.45322777882774784,8.206527438966232,8.464139227700437
1.2,2,S0R0,wait_impression,50,196.38905433267354,16.813095732654617,191.61082595813392,201.16728270721316
1.2,2,S0R0,count_impression,50,3.8760000000000003,0.3338119013569294,3.781131718501739,3.970868281498262
1.2,2,S0R0,wait_complex,50,190.1887278762744,20.926511812564037,184.24147972442293,196.1359760281259
1.2,2,S0R0,count_complex,50,2.0733333333333333,0.22787592598105522,2.0085717193681902,2.1380949472984763
1.2,2,S0R0,util_chair,50,0.40603151547595795,0.00660973565351219,0.40415304960923015,0.40790998134268575
1.2,2,S0R0,overtime_chair_minutes,50,676.4417882775541,24.600306971455957,669.4504592170114,683.4331173380968
1.2,2,S0R0,util_dentist,50,0.6688295493636401,0.011429353811859312,0.6655813633332466,0.6720777353940337
1.2,2,S0R0,overtime_dentist_minutes,50,546.5555203286344,20.406942332743903,540.7559321717356,552.3551084855333
1.2,2,S0R0,util_assistant,50,0.6246262325859704,0.010127877130774857,0.6217479220921969,0.6275045430797439
1.2,2,S0R0,overtime_assistant_minutes,50,794.0805230675961,28.390516221364372,786.0120285836638,802.1490175515285
1.2,2,S0R0,util_frontdesk,50,0.2818564649832189,0.0027747805336384565,0.2810678811739208,0.28264504879251706
1.2,2,S0R0,overtime_frontdesk_minutes,50,42.91085985032647,1.6740167725374806,42.43510960366259,43.386610096990346
1.2,2,S0R0,util_sterilizer,50,0.7338204826432935,0.011586095143533334,0.7305277512245683,0.7371132140620187
1.2,2,S0R0,overtime_sterilizer_minutes,50,391.82883499788574,12.099794272269564,388.39011191932974,395.26755807644173
1.2,2,S0R1,scheduled,50,34.0,0.0,34.0,34.0
1.2,2,S0R1,attended,50,29.689999999999994,0.3695465137845848,29.5849760552158,29.795023944784187
1.2,2,S0R1,completed,50,29.689999999999994,0.3695465137845848,29.5849760552158,29.795023944784187
1.2,2,S0R1,mean_wait,50,154.95561421282875,7.415673729096955,152.84810330632274,157.06312511933476
1.2,2,S0R1,p90_wait,50,304.8080476000045,13.641667379934182,300.9311290843837,308.6849661156253
1.2,2,S0R1,post_registration_wait,50,151.60242613038224,7.414406064435268,149.4952754901444,153.7095767706201
1.2,2,S0R1,registration_elapsed,50,3.3531880824465197,0.04016480733785411,3.341773371846442,3.3646027930465974
1.2,2,S0R1,mean_los,50,198.3012038218042,7.38638179376824,196.20201759022768,200.4003900533807
1.2,2,S0R1,completed_by_close,50,17.332666666666668,0.2754909038339343,17.254373027318014,17.410960306015323
1.2,2,S0R1,overtime,50,342.96871295122895,15.238072574114218,338.6381011528608,347.2993247495971
1.2,2,S0R1,reprocessing_overtime,50,392.37177400069174,15.175490867767444,388.0589477243803,396.6846002770032
1.2,2,S0R1,bypass_events,50,19.73266666666667,1.1489419366078273,19.40614101966548,20.05919231366786
1.2,2,S0R1,max_bypasses,50,1.9946666666666666,0.012344267996967475,1.9911584649324987,1.9981748684008345
1.2,2,S0R1,kit_unavailable_wait,50,94.71227607634977,6.7296039008187325,92.79974403468348,96.62480811801605
1.2,2,S0R1,mean_cycle_queue,50,10.62263318709465,0.3431136454822946,10.525121379477268,10.720144994712031
1.2,2,S0R1,wait_routine,50,181.65660693043546,8.836636476588104,179.1452629269681,184.16795093390283
1.2,2,S0R1,count_routine,50,15.405333333333335,0.5792465197238953,15.240713313296071,15.569953353370598
1.2,2,S0R1,wait_restorative,50,127.57261333118645,8.743172552175213,125.08783147800519,130.05739518436772
1.2,2,S0R1,count_restorative,50,8.335333333333335,0.45322777882774784,8.206527438966232,8.464139227700437
1.2,2,S0R1,wait_impression,50,104.01243123081134,11.878988314937088,100.63646050359922,107.38840195802346
1.2,2,S0R1,count_impression,50,3.8760000000000003,0.3338119013569294,3.781131718501739,3.970868281498262
1.2,2,S0R1,wait_complex,50,98.65613561265751,15.364897590318781,94.28948054773896,103.02279067757605
1.2,2,S0R1,count_complex,50,2.0733333333333333,0.22787592598105522,2.0085717193681902,2.1380949472984763
1.2,2,S0R1,util_chair,50,0.46367832228847333,0.006658068504067588,0.4617861203792214,0.46557052419772527
1.2,2,S0R1,overtime_chair_minutes,50,565.7599191975246,22.549955993155343,559.3512933689186,572.1685450261306
1.2,2,S0R1,util_dentist,50,0.7651281748748602,0.01169222408229595,0.7618052819490205,0.7684510678006998
1.2,2,S0R1,overtime_dentist_minutes,50,454.10883983786334,18.65224375934126,448.8079314390243,459.4097482367024
1.2,2,S0R1,util_assistant,50,0.7125005140106441,0.010040788570914862,0.7096469538088118,0.7153540742124763
1.2,2,S0R1,overtime_assistant_minutes,50,667.5415578160661,26.055594655437847,660.1366406206972,674.9464750114349
1.2,2,S0R1,util_frontdesk,50,0.29440412991343207,0.003124685468629103,0.29351610423362123,0.2952921555932429
1.2,2,S0R1,overtime_frontdesk_minutes,50,36.88798068382415,1.5143934099917589,36.45759488950643,37.318366478141876
1.2,2,S0R1,util_sterilizer,50,0.7830649912354601,0.008222000315532049,0.7807283248756269,0.7854016575952933
1.2,2,S0R1,overtime_sterilizer_minutes,50,339.0948042069792,10.878298491501097,336.00322634735585,342.1863820666025
1.2,2,S1R0,scheduled,50,34.0,0.0,34.0,34.0
1.2,2,S1R0,attended,50,29.689999999999994,0.3695465137845848,29.5849760552158,29.795023944784187
1.2,2,S1R0,completed,50,29.689999999999994,0.3695465137845848,29.5849760552158,29.795023944784187
1.2,2,S1R0,mean_wait,50,200.87191361099107,9.402194594698946,198.1998397877226,203.54398743425955
1.2,2,S1R0,p90_wait,50,366.5916177220105,15.638892928763257,362.147094052674,371.036141391347
1.2,2,S1R0,post_registration_wait,50,197.54245809127482,9.406778186395323,194.86908162581307,200.21583455673658
1.2,2,S1R0,registration_elapsed,50,3.3294555197163107,0.03763395488802087,3.318760069339327,3.3401509700932945
1.2,2,S1R0,mean_los,50,244.18647012038358,9.368220107144118,241.5240517385059,246.84888850226125
1.2,2,S1R0,completed_by_close,50,15.304666666666668,0.2816383876638547,15.224625931950495,15.38470740138284
1.2,2,S1R0,overtime,50,406.2437313836911,16.434513895438666,401.57309476414025,410.914368003242
1.2,2,S1R0,reprocessing_overtime,50,458.90489439739974,16.495967644926964,454.2167928175468,463.5929959772527
1.2,2,S1R0,bypass_events,50,0.0,0.0,0.0,0.0
1.2,2,S1R0,max_bypasses,50,0.0,0.0,0.0,0.0
1.2,2,S1R0,kit_unavailable_wait,50,96.14364481040633,6.525589937334474,94.28909288879785,97.9981967320148
1.2,2,S1R0,mean_cycle_queue,50,10.178804079296215,0.32324788234519913,10.086938058428219,10.270670100164212
1.2,2,S1R0,wait_routine,50,203.31315730686146,9.026322788705999,200.74790505632075,205.87840955740216
1.2,2,S1R0,count_routine,50,15.405333333333335,0.5792465197238953,15.240713313296071,15.569953353370598
1.2,2,S1R0,wait_restorative,50,198.99737649098114,13.112980564371243,195.27070908815583,202.72404389380645
1.2,2,S1R0,count_restorative,50,8.335333333333335,0.45322777882774784,8.206527438966232,8.464139227700437
1.2,2,S1R0,wait_impression,50,196.4217091013919,16.871498921468536,191.626882726199,201.21653547658482
1.2,2,S1R0,count_impression,50,3.8760000000000003,0.3338119013569294,3.781131718501739,3.970868281498262
1.2,2,S1R0,wait_complex,50,191.4455101020547,21.53130633618826,185.32638126865004,197.56463893545936
1.2,2,S1R0,count_complex,50,2.0733333333333333,0.22787592598105522,2.0085717193681902,2.1380949472984763
1.2,2,S1R0,util_chair,50,0.40588831496182354,0.0067838434649748446,0.40396036820839953,0.40781626171524754
1.2,2,S1R0,overtime_chair_minutes,50,676.7167332646925,25.042908411653414,669.5996182814505,683.8338482479345
1.2,2,S1R0,util_dentist,50,0.6687171641590708,0.01172088387927731,0.665386126210011,0.6720482021081305
1.2,2,S1R0,overtime_dentist_minutes,50,546.663410125021,20.761912835907538,540.7629404792332,552.5638797708087
1.2,2,S1R0,util_assistant,50,0.6243260370494623,0.010419172279171947,0.6213649414002618,0.6272871326986629
1.2,2,S1R0,overtime_assistant_minutes,50,794.5128046401677,28.956259952139238,786.283527585905,802.7420816944305
1.2,2,S1R0,util_frontdesk,50,0.28174447539097225,0.0027139448164896288,0.28097318089914947,0.28251576988279503
1.2,2,S1R0,overtime_frontdesk_minutes,50,42.96461485460487,1.6797481846709161,42.487235758827325,43.44199395038241
1.2,2,S1R0,util_sterilizer,50,0.7336034753086959,0.01181801879511079,0.7302448319252548,0.7369621186921369
1.2,2,S1R0,overtime_sterilizer_minutes,50,392.35833185182594,12.594212000705504,388.7790968261275,395.9375668775244
1.2,2,S1R1,scheduled,50,34.0,0.0,34.0,34.0
1.2,2,S1R1,attended,50,29.689999999999994,0.3695465137845848,29.5849760552158,29.795023944784187
1.2,2,S1R1,completed,50,29.689999999999994,0.3695465137845848,29.5849760552158,29.795023944784187
1.2,2,S1R1,mean_wait,50,154.76643126055143,7.867111891419843,152.53062306300154,157.00223945810131
1.2,2,S1R1,p90_wait,50,304.538963744587,14.740254264868373,300.3498303276204,308.72809716155365
1.2,2,S1R1,post_registration_wait,50,151.40751783074097,7.870692525732238,149.1706920282989,153.64434363318304
1.2,2,S1R1,registration_elapsed,50,3.3589134298104364,0.03650101209640626,3.3485399581742925,3.3692869014465803
1.2,2,S1R1,mean_los,50,198.10371745182317,7.845541772554144,195.87403941350422,200.33339549014212
1.2,2,S1R1,completed_by_close,50,17.349999999999998,0.29402592941020145,17.26643876528761,17.433561234712386
1.2,2,S1R1,overtime,50,343.08475453928025,16.494384190463553,338.3971029721535,347.772406106407
1.2,2,S1R1,reprocessing_overtime,50,392.67749729480505,16.275747545508153,388.0519815673387,397.3030130222714
1.2,2,S1R1,bypass_events,50,19.802666666666667,1.0766084312718873,19.49669797200322,20.108635361330116
1.2,2,S1R1,max_bypasses,50,1.9933333333333332,0.013468700594029607,1.9895055714285712,1.9971610952380952
1.2,2,S1R1,kit_unavailable_wait,50,94.86268721132858,6.753011387790592,92.94350283625481,96.78187158640235
1.2,2,S1R1,mean_cycle_queue,50,10.627280581973748,0.3439314675801385,10.529536351915231,10.725024812032265
1.2,2,S1R1,wait_routine,50,181.4733917365955,9.334116923644844,178.82066537108705,184.12611810210393
1.2,2,S1R1,count_routine,50,15.405333333333335,0.5792465197238953,15.240713313296071,15.569953353370598
1.2,2,S1R1,wait_restorative,50,127.406231992632,8.850984959297975,124.89081019597853,129.92165378928547
1.2,2,S1R1,count_restorative,50,8.335333333333335,0.45322777882774784,8.206527438966232,8.464139227700437
1.2,2,S1R1,wait_impression,50,103.159011623821,11.919784489899065,99.77144675333653,106.54657649430547
1.2,2,S1R1,count_impression,50,3.8760000000000003,0.3338119013569294,3.781131718501739,3.970868281498262
1.2,2,S1R1,wait_complex,50,99.11108139103466,15.731406297234194,94.64026571638988,103.58189706567944
1.2,2,S1R1,count_complex,50,2.0733333333333333,0.22787592598105522,2.0085717193681902,2.1380949472984763
1.2,2,S1R1,util_chair,50,0.46386740337726917,0.007112854605245523,0.4618459527033906,0.4658888540511477
1.2,2,S1R1,overtime_chair_minutes,50,565.3968835070368,23.517430330417334,558.7133045464526,572.080462467621
1.2,2,S1R1,util_dentist,50,0.7653884380851094,0.012489089501154205,0.7618390785397,0.7689377976305187
1.2,2,S1R1,overtime_dentist_minutes,50,453.8589871560241,19.549734207600864,448.3030148240497,459.41495948799854
1.2,2,S1R1,util_assistant,50,0.7127765810148107,0.010798681175683158,0.7097076301433158,0.7158455318863055
1.2,2,S1R1,overtime_assistant_minutes,50,667.1440213300662,27.065561413874498,659.4520747916638,674.8359678684685
1.2,2,S1R1,util_frontdesk,50,0.29457106993873783,0.003098692245091788,0.2936904314504488,0.29545170842702684
1.2,2,S1R1,overtime_frontdesk_minutes,50,36.80784947167741,1.5763531281137406,36.359854922379846,37.25584402097497
1.2,2,S1R1,util_sterilizer,50,0.7833948096287693,0.008042343029451246,0.7811092012986823,0.7856804179588562
1.2,2,S1R1,overtime_sterilizer_minutes,50,338.8011580448575,11.214520507009054,335.61402695695364,341.9882891327614
1.2,4,S0R0,scheduled,50,34.0,0.0,34.0,34.0
1.2,4,S0R0,attended,50,29.689999999999994,0.3695465137845848,29.5849760552158,29.795023944784187
1.2,4,S0R0,completed,50,29.689999999999994,0.3695465137845848,29.5849760552158,29.795023944784187
1.2,4,S0R0,mean_wait,50,105.02795796173027,4.309942278553958,103.80308606333165,106.25282986012888
1.2,4,S0R0,p90_wait,50,190.0824677657724,7.641124868786071,187.91088436185936,192.25405116968545
1.2,4,S0R0,post_registration_wait,50,101.6444512731655,4.314365034468162,100.41832244159176,102.87058010473925
1.2,4,S0R0,registration_elapsed,50,3.383506688564751,0.03473577544397517,3.3736348915752368,3.3933784855542655
1.2,4,S0R0,mean_los,50,148.414090897788,4.439021739627808,147.1525350267718,149.67564676880417
1.2,4,S0R0,completed_by_close,50,19.788,0.21829685004422086,19.725960728973426,19.850039271026574
1.2,4,S0R0,overtime,50,208.7646163997286,8.395461544463647,206.37865290989967,211.15057988955752
1.2,4,S0R0,reprocessing_overtime,50,263.6410767327823,8.5530610418517,261.2103239666531,266.07182949891154
1.2,4,S0R0,bypass_events,50,0.0,0.0,0.0,0.0
1.2,4,S0R0,max_bypasses,50,0.0,0.0,0.0,0.0
1.2,4,S0R0,kit_unavailable_wait,50,8.077403867285831,1.6838603485713792,7.598856107596392,8.55595162697527
1.2,4,S0R0,mean_cycle_queue,50,12.404598821901805,0.29267651382741744,12.321421086809549,12.487776556994062
1.2,4,S0R0,wait_routine,50,105.98242943778264,4.563287344135273,104.6855576768864,107.27930119867888
1.2,4,S0R0,count_routine,50,15.405333333333335,0.5792465197238953,15.240713313296071,15.569953353370598
1.2,4,S0R0,wait_restorative,50,104.48274627355866,6.049442888067781,102.7635138301377,106.20197871697962
1.2,4,S0R0,count_restorative,50,8.335333333333335,0.45322777882774784,8.206527438966232,8.464139227700437
1.2,4,S0R0,wait_impression,50,105.11280833193354,9.049722053497861,102.54090608470277,107.6847105791643
1.2,4,S0R0,count_impression,50,3.8760000000000003,0.3338119013569294,3.781131718501739,3.970868281498262
1.2,4,S0R0,wait_complex,50,101.13536865646203,9.644836691177064,98.3943367205006,103.87640059242347
1.2,4,S0R0,count_complex,50,2.0733333333333333,0.22787592598105522,2.0085717193681902,2.1380949472984763
1.2,4,S0R0,util_chair,50,0.5244451223829851,0.002687550138157381,0.5236813291748611,0.5252089155911092
1.2,4,S0R0,overtime_chair_minutes,50,449.08766301606227,19.35151605735522,443.5880236524426,454.58730237968194
1.2,4,S0R0,util_dentist,50,0.8639258740926351,0.005245796304545862,0.8624350354542305,0.8654167127310397
1.2,4,S0R0,overtime_dentist_minutes,50,359.2630485887993,16.188777741538665,354.66224940322763,363.8638477743709
1.2,4,S0R0,util_assistant,50,0.806554226856911,0.004140804044462923,0.805377423507113,0.807731030206709
1.2,4,S0R0,overtime_assistant_minutes,50,532.1042113174415,22.065325194084785,525.8333160217556,538.3751066131273
1.2,4,S0R0,util_frontdesk,50,0.30991284808875247,0.003186573343025478,0.3090072340717203,0.3108184621057846
1.2,4,S0R0,overtime_frontdesk_minutes,50,29.443795959670393,1.300875986052863,29.074091138669317,29.81350078067147
1.2,4,S0R0,util_sterilizer,50,0.8198261340823055,0.0065681644782444315,0.817959482611474,0.8216927855531371
1.2,4,S0R0,overtime_sterilizer_minutes,50,255.65812230716,8.733366595234191,253.17612727577765,258.1401173385423
1.2,4,S0R1,scheduled,50,34.0,0.0,34.0,34.0
1.2,4,S0R1,attended,50,29.689999999999994,0.3695465137845848,29.5849760552158,29.795023944784187
1.2,4,S0R1,completed,50,29.689999999999994,0.3695465137845848,29.5849760552158,29.795023944784187
1.2,4,S0R1,mean_wait,50,102.34986954979485,4.120282448859196,101.17889837224907,103.52084072734063
1.2,4,S0R1,p90_wait,50,185.81215361203755,7.316067865187574,183.73295037550324,187.89135684857186
1.2,4,S0R1,post_registration_wait,50,98.96279446670702,4.123993735668684,97.7907685532446,100.13482038016944
1.2,4,S0R1,registration_elapsed,50,3.3870750830878036,0.03417137557838461,3.377363686746405,3.396786479429202
1.2,4,S0R1,mean_los,50,145.73806687641937,4.255962042578607,144.52853598953362,146.9475977633051
1.2,4,S0R1,completed_by_close,50,19.978,0.23099999509183156,19.91235053552199,20.043649464478012
1.2,4,S0R1,overtime,50,202.97315571646166,8.51152241229254,200.5542080968418,205.39210333608153
1.2,4,S0R1,reprocessing_overtime,50,258.1532658406813,8.632658863952019,255.6998916264762,260.6066400548864
1.2,4,S0R1,bypass_events,50,1.9273333333333336,0.5895034229877598,1.759798333985322,2.094868332681345
1.2,4,S0R1,max_bypasses,50,0.7153333333333333,0.13182995988012539,0.6778676776962094,0.7527989889704572
1.2,4,S0R1,kit_unavailable_wait,50,7.587160034355409,1.5802642816541252,7.13805394765147,8.036266121059349
1.2,4,S0R1,mean_cycle_queue,50,12.479111395576368,0.29692355869165005,12.394726663830971,12.563496127321764
1.2,4,S0R1,wait_routine,50,105.45820951689223,4.604167390667454,104.14971977668995,106.7666992570945
1.2,4,S0R1,count_routine,50,15.405333333333335,0.5792465197238953,15.240713313296071,15.569953353370598
1.2,4,S0R1,wait_restorative,50,98.63796714905882,6.192881862148304,96.87796980505888,100.39796449305877
1.2,4,S0R1,count_restorative,50,8.335333333333335,0.45322777882774784,8.206527438966232,8.464139227700437
1.2,4,S0R1,wait_impression,50,98.93483947749924,8.659382941550227,96.47387036537091,101.39580858962756
1.2,4,S0R1,count_impression,50,3.8760000000000003,0.3338119013569294,3.781131718501739,3.970868281498262
1.2,4,S0R1,wait_complex,50,95.32516001489616,9.413497485333403,92.64987394603038,98.00044608376193
1.2,4,S0R1,count_complex,50,2.0733333333333333,0.22787592598105522,2.0085717193681902,2.1380949472984763
1.2,4,S0R1,util_chair,50,0.5298060834765369,0.0024761497943272493,0.5291023695742907,0.5305097973787831
1.2,4,S0R1,overtime_chair_minutes,50,438.7946177164426,18.994080182866007,433.39656049240745,444.19267494047773
1.2,4,S0R1,util_dentist,50,0.8729459600484485,0.004619252381459538,0.8716331832018038,0.8742587368950931
1.2,4,S0R1,overtime_dentist_minutes,50,350.6037660712185,15.837203651274972,346.1028831247835,355.1046490176535
1.2,4,S0R1,util_assistant,50,0.8146536811021636,0.00389743336930343,0.8135460429248045,0.8157613192795228
1.2,4,S0R1,overtime_assistant_minutes,50,520.4409972042781,21.71526117138689,514.2695889913257,526.6124054172305
1.2,4,S0R1,util_frontdesk,50,0.31103571323485746,0.003254384158665217,0.3101108275995259,0.311960598870189
1.2,4,S0R1,overtime_frontdesk_minutes,50,28.904820689539964,1.3290515700588637,28.527108457107502,29.282532921972425
1.2,4,S0R1,util_sterilizer,50,0.8207990450248808,0.006022142460804098,0.8190875712761263,0.8225105187736352
1.2,4,S0R1,overtime_sterilizer_minutes,50,250.55112505472388,8.30250689510238,248.1915789808299,252.91067112861788
1.2,4,S1R0,scheduled,50,34.0,0.0,34.0,34.0
1.2,4,S1R0,attended,50,29.689999999999994,0.3695465137845848,29.5849760552158,29.795023944784187
1.2,4,S1R0,completed,50,29.689999999999994,0.3695465137845848,29.5849760552158,29.795023944784187
1.2,4,S1R0,mean_wait,50,104.8647995304808,4.318577487069353,103.63747353326512,106.09212552769647
1.2,4,S1R0,p90_wait,50,189.73977659445285,7.540980238291457,187.5966539762628,191.8828992126429
1.2,4,S1R0,post_registration_wait,50,101.4781424405753,4.322022811264251,100.24983729317282,102.70644758797778
1.2,4,S1R0,registration_elapsed,50,3.38665708990548,0.043054328652083945,3.374421186530911,3.398892993280049
1.2,4,S1R0,mean_los,50,148.24635656586767,4.450497452714226,146.98153933366257,149.51117379807278
1.2,4,S1R0,completed_by_close,50,19.791999999999998,0.23411530775295966,19.72546517356428,19.858534826435715
1.2,4,S1R0,overtime,50,208.4926252779329,8.4238270817466,206.09860039255494,210.88665016331083
1.2,4,S1R0,reprocessing_overtime,50,263.35945918952706,8.549107942411613,260.92982988169564,265.7890884973585
1.2,4,S1R0,bypass_events,50,0.0,0.0,0.0,0.0
1.2,4,S1R0,max_bypasses,50,0.0,0.0,0.0,0.0
1.2,4,S1R0,kit_unavailable_wait,50,8.155911217491619,1.6985951616501784,7.673175870753002,8.638646564230237
1.2,4,S1R0,mean_cycle_queue,50,12.372386102406649,0.3404176915178814,12.275640476338106,12.469131728475192
1.2,4,S1R0,wait_routine,50,105.53512352253578,4.393465037837677,104.28651472138735,106.78373232368422
1.2,4,S1R0,count_routine,50,15.405333333333335,0.5792465197238953,15.240713313296071,15.569953353370598
1.2,4,S1R0,wait_restorative,50,104.55289535230419,6.10890848365532,102.81676297560125,106.28902772900713
1.2,4,S1R0,count_restorative,50,8.335333333333335,0.45322777882774784,8.206527438966232,8.464139227700437
1.2,4,S1R0,wait_impression,50,104.9277475107733,8.905146412562914,102.39693320122916,107.45856182031744
1.2,4,S1R0,count_impression,50,3.8760000000000003,0.3338119013569294,3.781131718501739,3.970868281498262
1.2,4,S1R0,wait_complex,50,102.25097008786666,9.817564155950205,99.4608495553514,105.04109062038192
1.2,4,S1R0,count_complex,50,2.0733333333333333,0.22787592598105522,2.0085717193681902,2.1380949472984763
1.2,4,S1R0,util_chair,50,0.5246553130518747,0.0028381691168696765,0.5238487144086736,0.5254619116950758
1.2,4,S1R0,overtime_chair_minutes,50,448.6840969317939,19.13192131144087,443.2468656970823,454.12132816650546
1.2,4,S1R0,util_dentist,50,0.8642547524440929,0.005423163607094336,0.8627135065819843,0.8657959983062015
1.2,4,S1R0,overtime_dentist_minutes,50,358.94732537139976,15.950597122901206,354.4142163606975,363.48043438210203
1.2,4,S1R0,util_assistant,50,0.8068561692221548,0.004435564940985585,0.8055955957623269,0.8081167426819826
1.2,4,S1R0,overtime_assistant_minutes,50,531.6694143114904,21.86205349925404,525.45628818547,537.8825404375108
1.2,4,S1R0,util_frontdesk,50,0.30993455399215003,0.003178772882595176,0.309031156841182,0.3108379511431181
1.2,4,S1R0,overtime_frontdesk_minutes,50,29.433377126039524,1.3224534714847798,29.057540052252797,29.80921419982625
1.2,4,S1R0,util_sterilizer,50,0.8194734626415557,0.006292320482865736,0.8176852051575678,0.8212617201255437
1.2,4,S1R0,overtime_sterilizer_minutes,50,255.3247379320533,8.662772317960487,252.86280556992074,257.78667029418585
1.2,4,S1R1,scheduled,50,34.0,0.0,34.0,34.0
1.2,4,S1R1,attended,50,29.689999999999994,0.3695465137845848,29.5849760552158,29.795023944784187
1.2,4,S1R1,completed,50,29.689999999999994,0.3695465137845848,29.5849760552158,29.795023944784187
1.2,4,S1R1,mean_wait,50,102.135776680238,4.0762913812825845,100.97730762429214,103.29424573618385
1.2,4,S1R1,p90_wait,50,185.34552411436533,7.184887015358237,183.3036020584546,187.38744617027606
1.2,4,S1R1,post_registration_wait,50,98.74557122946457,4.08183940905804,97.58552544165678,99.90561701727236
1.2,4,S1R1,registration_elapsed,50,3.3902054507734296,0.041919641423617086,3.37829202190311,3.402118879643749
1.2,4,S1R1,mean_los,50,145.52434052371683,4.214332892600476,144.3266405089558,146.72204053847787
1.2,4,S1R1,completed_by_close,50,19.980666666666664,0.2432853368003113,19.911525747118404,20.049807586214925
1.2,4,S1R1,overtime,50,202.66658273972368,8.469272584952728,200.25964238676215,205.0735230926852
1.2,4,S1R1,reprocessing_overtime,50,257.7001964015582,8.514728694726747,255.28033756666017,260.12005523645615
1.2,4,S1R1,bypass_events,50,1.9419999999999995,0.5853002795433812,1.775659520661125,2.108340479338874
1.2,4,S1R1,max_bypasses,50,0.7093333333333334,0.1314561737750752,0.6719739065193577,0.746692760147309
1.2,4,S1R1,kit_unavailable_wait,50,7.625115739481177,1.6360927424155,7.160143381653904,8.09008809730845
1.2,4,S1R1,mean_cycle_queue,50,12.434711282981032,0.34770558519561484,12.335894460690492,12.533528105271573
1.2,4,S1R1,wait_routine,50,105.01343359211437,4.3831957789620235,103.76774328170228,106.25912390252645
1.2,4,S1R1,count_routine,50,15.405333333333335,0.5792465197238953,15.240713313296071,15.569953353370598
1.2,4,S1R1,wait_restorative,50,98.58569348164617,6.220234067560815,96.81792272779438,100.35346423549797
1.2,4,S1R1,count_restorative,50,8.335333333333335,0.45322777882774784,8.206527438966232,8.464139227700437
1.2,4,S1R1,wait_impression,50,98.60416129971566,8.642320124586162,96.14804138594221,101.0602812134891
1.2,4,S1R1,count_impression,50,3.8760000000000003,0.3338119013569294,3.781131718501739,3.970868281498262
1.2,4,S1R1,wait_complex,50,96.26060461152298,9.486955752253754,93.56444193665172,98.95676728639424
1.2,4,S1R1,count_complex,50,2.0733333333333333,0.22787592598105522,2.0085717193681902,2.1380949472984763
1.2,4,S1R1,util_chair,50,0.5301069426614038,0.0025706032477719617,0.5293763853878655,0.5308374999349421
1.2,4,S1R1,overtime_chair_minutes,50,438.21696808149807,18.806905648095423,432.87210526539667,443.56183089759946
1.2,4,S1R1,util_dentist,50,0.8734466200460315,0.004743234124312355,0.8720986079820868,0.8747946321099761
1.2,4,S1R1,overtime_dentist_minutes,50,350.12313247353865,15.625463522131875,345.68242539888763,354.56383954818966
1.2,4,S1R1,util_assistant,50,0.815075032838528,0.004156700102241756,0.8138937118796277,0.8162563537974283
1.2,4,S1R1,overtime_assistant_minutes,50,519.8342507039134,21.517863026134904,513.7189424165026,525.9495589913242
1.2,4,S1R1,util_frontdesk,50,0.3110616102970606,0.0032305675298064805,0.3101434932719605,0.31197972732216067
1.2,4,S1R1,overtime_frontdesk_minutes,50,28.89239009968246,1.3445608452478843,28.510270180530362,29.274510018834555
1.2,4,S1R1,util_sterilizer,50,0.8205635258058086,0.005733751933002963,0.8189340117285387,0.8221930398830785
1.2,4,S1R1,overtime_sterilizer_minutes,50,250.23884094654517,8.168026043849181,247.9175139031919,252.56016798989845
1.5,1,S0R0,scheduled,50,42.0,0.0,42.0,42.0
1.5,1,S0R0,attended,50,36.49066666666666,0.41332894445771684,36.373199894227454,36.60813343910587
1.5,1,S0R0,completed,50,36.49066666666666,0.41332894445771684,36.373199894227454,36.60813343910587
1.5,1,S0R0,mean_wait,50,716.0236488953177,17.987325489821515,710.9117081555397,721.1355896350957
1.5,1,S0R0,p90_wait,50,1292.7358071107296,30.67019036370135,1284.0194364804393,1301.45217774102
1.5,1,S0R0,post_registration_wait,50,712.6809267110551,17.976695891201857,707.5720068694235,717.7898465526868
1.5,1,S0R0,registration_elapsed,50,3.342722184262813,0.04702094529233673,3.3293589810451483,3.356085387480478
1.5,1,S0R0,mean_los,50,759.1953505870486,17.952033419842117,754.0934397413992,764.297261432698
1.5,1,S0R0,completed_by_close,50,8.782666666666666,0.263952170476622,8.70765229866761,8.857681034665722
1.5,1,S0R0,overtime,50,1433.685057243824,35.676417213911584,1423.5459328526904,1443.8241816349578
1.5,1,S0R0,reprocessing_overtime,50,1483.1532350358902,35.26536494207441,1473.1309303940723,1493.1755396777082
1.5,1,S0R0,bypass_events,50,0.0,0.0,0.0,0.0
1.5,1,S0R0,max_bypasses,50,0.0,0.0,0.0,0.0
1.5,1,S0R0,kit_unavailable_wait,50,456.5649442264001,13.230592019713635,452.8048520217403,460.32503643105986
1.5,1,S0R0,mean_cycle_queue,50,6.089769001406576,0.21354543456522704,6.029080067558945,6.150457935254207
1.5,1,S0R0,wait_routine,50,719.4902852109793,21.84330179550266,713.2824882595714,725.6980821623872
1.5,1,S0R0,count_routine,50,19.022000000000002,0.537931285599946,18.86912163819932,19.174878361800683
1.5,1,S0R0,wait_restorative,50,713.1292308280003,33.7444912732506,703.5391536494657,722.719308006535
1.5,1,S0R0,count_restorative,50,10.186666666666666,0.5057044210319377,10.042947077357969,10.330386255975363
1.5,1,S0R0,wait_impression,50,709.1704749998066,37.85684572230679,698.4116797560746,719.9292702435387
1.5,1,S0R0,count_impression,50,4.711333333333333,0.3927696872352604,4.599709436458617,4.82295723020805
1.5,1,S0R0,wait_complex,50,703.2593320537915,56.66557864860596,687.1551546872997,719.3635094202832
1.5,1,S0R0,count_complex,50,2.5706666666666664,0.27901998888074553,2.4913700725632792,2.6499632607700536
1.5,1,S0R0,util_chair,50,0.2332054830768909,0.007499035787333406,0.23107428093836202,0.23533668521541978
1.5,1,S0R0,overtime_chair_minutes,50,1339.5998958373402,28.160719314866235,1331.596708903931,1347.6030827707496
1.5,1,S0R0,util_dentist,50,0.38439685170282223,0.012784676186213123,0.3807634873609052,0.38803021604473925
1.5,1,S0R0,overtime_dentist_minutes,50,1090.06618197156,24.116033309689747,1083.2124819466503,1096.9198819964695
1.5,1,S0R0,util_assistant,50,0.3586132374874499,0.011190525191257891,0.35543292579202446,0.3617935491828753
1.5,1,S0R0,overtime_assistant_minutes,50,1562.8766946963765,31.819921435694507,1553.8335741493165,1571.9198152434365
1.5,1,S0R0,util_frontdesk,50,0.28340488972124595,0.003847285110025801,0.28231150351980033,0.28449827592269156
1.5,1,S0R0,overtime_frontdesk_minutes,50,83.1779218958036,1.7746822105495805,82.67356285157543,83.68228094003179
1.5,1,S0R0,util_sterilizer,50,0.482113016275675,0.012718381938263957,0.47849849254833937,0.4857275400030106
1.5,1,S0R0,overtime_sterilizer_minutes,50,810.8264188543428,15.32183223980154,806.4720028251779,815.1808348835077
1.5,1,S0R1,scheduled,50,42.0,0.0,42.0,42.0
1.5,1,S0R1,attended,50,36.49066666666666,0.41332894445771684,36.373199894227454,36.60813343910587
1.5,1,S0R1,completed,50,36.49066666666666,0.41332894445771684,36.373199894227454,36.60813343910587
1.5,1,S0R1,mean_wait,50,575.4466216690545,16.03012267751262,570.890911748467,580.0023315896419
1.5,1,S0R1,p90_wait,50,1105.6738756945188,29.43577607579566,1097.308321681834,1114.0394297072035
1.5,1,S0R1,post_registration_wait,50,572.0683321591115,16.01901165036471,567.5157799571282,576.6208843610948
1.5,1,S0R1,registration_elapsed,50,3.37828950994299,0.050448914049935706,3.3639520888986354,3.392626930987345
1.5,1,S0R1,mean_los,50,618.6396404802055,15.9993793480453,614.0926677161491,623.1866132442618
1.5,1,S0R1,completed_by_close,50,11.204666666666666,0.2904379365911724,11.122125128110664,11.287208205222669
1.5,1,S0R1,overtime,50,1268.3267078440547,32.71913128015783,1259.0280347169225,1277.6253809711868
1.5,1,S0R1,reprocessing_overtime,50,1313.0974541623634,32.49430084926164,1303.862677129172,1322.3322311955549
1.5,1,S0R1,bypass_events,50,41.19666666666667,1.0354323644767418,40.90240007932724,41.4909332540061
1.5,1,S0R1,max_bypasses,50,2.0,0.0,2.0,2.0
1.5,1,S0R1,kit_unavailable_wait,50,434.2475930727016,13.540516866890323,430.3994212114276,438.0957649339756
1.5,1,S0R1,mean_cycle_queue,50,6.367146471294571,0.239663537552163,6.299034855582414,6.435258087006729
1.5,1,S0R1,wait_routine,50,647.9687425285431,16.802266319733484,643.1935918387394,652.7438932183468
1.5,1,S0R1,count_routine,50,19.022000000000002,0.537931285599946,18.86912163819932,19.174878361800683
1.5,1,S0R1,wait_restorative,50,552.8144137692047,29.741528433900957,544.3619659080396,561.2668616303699
1.5,1,S0R1,count_restorative,50,10.186666666666666,0.5057044210319377,10.042947077357969,10.330386255975363
1.5,1,S0R1,wait_impression,50,371.1531554399328,33.47892153037301,361.6385523383328,380.6677585415328
1.5,1,S0R1,count_impression,50,4.711333333333333,0.3927696872352604,4.599709436458617,4.82295723020805
1.5,1,S0R1,wait_complex,50,307.5060835152827,37.80560586184177,296.7618504770526,318.2503165535128
1.5,1,S0R1,count_complex,50,2.5706666666666664,0.27901998888074553,2.4913700725632792,2.6499632607700536
1.5,1,S0R1,util_chair,50,0.30199828583610844,0.008844146456906241,0.29948480752010165,0.3045117641521152
1.5,1,S0R1,overtime_chair_minutes,50,1207.5177145396426,29.594128035891554,1199.1071574031473,1215.928271676138
1.5,1,S0R1,util_dentist,50,0.49928810507871674,0.015354920385444571,0.4949242855037155,0.503651924653718
1.5,1,S0R1,overtime_dentist_minutes,50,979.7705787307012,25.339801545251166,972.5690876624287,986.9720697989737
1.5,1,S0R1,util_assistant,50,0.4635836484103371,0.013179175506921331,0.4598381686152092,0.467329128205465
1.5,1,S0R1,overtime_assistant_minutes,50,1411.719302967419,33.3506367906653,1402.24115798115,1421.197447953688
1.5,1,S0R1,util_frontdesk,50,0.29853049507696616,0.003937711182841154,0.29741141007300403,0.2996495800809283
1.5,1,S0R1,overtime_frontdesk_minutes,50,75.91763132505794,1.7925805316288337,75.4081856348606,76.42707701525528
1.5,1,S0R1,util_sterilizer,50,0.6058995105926119,0.015403927195762638,0.6015217634378639,0.61027725774736
1.5,1,S0R1,overtime_sterilizer_minutes,50,740.3695682488797,14.31077086448766,736.3024926493861,744.4366438483733
1.5,1,S1R0,scheduled,50,42.0,0.0,42.0,42.0
1.5,1,S1R0,attended,50,36.49066666666666,0.41332894445771684,36.373199894227454,36.60813343910587
1.5,1,S1R0,completed,50,36.49066666666666,0.41332894445771684,36.373199894227454,36.60813343910587
1.5,1,S1R0,mean_wait,50,716.3073472885001,18.195013061811004,711.136382400802,721.4783121761982
1.5,1,S1R0,p90_wait,50,1293.1966698796332,30.485882133945324,1284.5326790625008,1301.8606606967655
1.5,1,S1R0,post_registration_wait,50,712.9590695884664,18.186052954948398,707.790651134663,718.1274880422698
1.5,1,S1R0,registration_elapsed,50,3.3482777000339836,0.046265816695728414,3.335129101963646,3.361426298104321
1.5,1,S1R0,mean_los,50,759.4745701069604,18.16461712663542,754.3122436474397,764.6368965664811
1.5,1,S1R0,completed_by_close,50,8.786666666666667,0.24935290403021038,8.715801363794636,8.857531969538698
1.5,1,S1R0,overtime,50,1434.6526085464698,35.628277926744666,1424.5271651877601,1444.7780519051794
1.5,1,S1R0,reprocessing_overtime,50,1484.0795534747815,35.15476746466104,1474.0886802845612,1494.0704266650018
1.5,1,S1R0,bypass_events,50,0.0,0.0,0.0,0.0
1.5,1,S1R0,max_bypasses,50,0.0,0.0,0.0,0.0
1.5,1,S1R0,kit_unavailable_wait,50,456.76037608823475,13.502040005904126,452.92313922857204,460.59761294789746
1.5,1,S1R0,mean_cycle_queue,50,6.100931229104204,0.2100535100280609,6.041234689112562,6.160627769095846
1.5,1,S1R0,wait_routine,50,720.4454596838681,21.389371610379566,714.3666682484641,726.5242511192721
1.5,1,S1R0,count_routine,50,19.022000000000002,0.537931285599946,18.86912163819932,19.174878361800683
1.5,1,S1R0,wait_restorative,50,712.8442201997572,33.9420019444103,703.1980111161755,722.4904292833388
1.5,1,S1R0,count_restorative,50,10.186666666666666,0.5057044210319377,10.042947077357969,10.330386255975363
1.5,1,S1R0,wait_impression,50,708.835200824379,38.6297277432664,697.8567549665397,719.8136466822182
1.5,1,S1R0,count_impression,50,4.711333333333333,0.3927696872352604,4.599709436458617,4.82295723020805
1.5,1,S1R0,wait_complex,50,701.9987814809803,57.3482605578991,685.7005880854574,718.2969748765031
1.5,1,S1R0,count_complex,50,2.5706666666666664,0.27901998888074553,2.4913700725632792,2.6499632607700536
1.5,1,S1R0,util_chair,50,0.23320721766189034,0.007397652776582585,0.23110482825281764,0.23530960707096304
1.5,1,S1R0,overtime_chair_minutes,50,1339.596565434141,28.01591167643496,1331.6345323713695,1347.5585984969125
1.5,1,S1R0,util_dentist,50,0.3843964406776017,0.012699787132918765,0.3807872015348502,0.3880056798203532
1.5,1,S1R0,overtime_dentist_minutes,50,1090.0665765557717,24.083974236522657,1083.2219876175711,1096.9111654939722
1.5,1,S1R0,util_assistant,50,0.3586274304312238,0.011005871550184686,0.3554995967137548,0.3617552641486928
1.5,1,S1R0,overtime_assistant_minutes,50,1562.8562568573418,31.574118495097714,1553.882992724828,1571.8295209898556
1.5,1,S1R0,util_frontdesk,50,0.28343210503816574,0.003840412917541904,0.2823406718919839,0.28452353818434756
1.5,1,S1R0,overtime_frontdesk_minutes,50,83.16485854368213,1.744844771000754,82.66897920494915,83.6607378824151
1.5,1,S1R0,util_sterilizer,50,0.4815309773470772,0.01275390512235424,0.4779063580437172,0.4851555966504372
1.5,1,S1R0,overtime_sterilizer_minutes,50,811.0477975400697,15.036616589138609,806.7744388923966,815.3211561877429
1.5,1,S1R1,scheduled,50,42.0,0.0,42.0,42.0
1.5,1,S1R1,attended,50,36.49066666666666,0.41332894445771684,36.373199894227454,36.60813343910587
1.5,1,S1R1,completed,50,36.49066666666666,0.41332894445771684,36.373199894227454,36.60813343910587
1.5,1,S1R1,mean_wait,50,575.3136819280256,16.22581026489049,570.7023582170082,579.9250056390431
1.5,1,S1R1,p90_wait,50,1105.7479636950445,29.474065418601363,1097.3715279728194,1114.1243994172696
1.5,1,S1R1,post_registration_wait,50,571.9236897831694,16.216567570285644,567.314992816585,576.5323867497538
1.5,1,S1R1,registration_elapsed,50,3.3899921448562043,0.04895131451580695,3.3760803368400185,3.40390395287239
1.5,1,S1R1,mean_los,50,618.4994173349314,16.196902796549853,613.8963090345474,623.1025256353155
1.5,1,S1R1,completed_by_close,50,11.212666666666667,0.2909745919353222,11.129972612367368,11.295360720965967
1.5,1,S1R1,overtime,50,1269.0698085419874,32.86325473850396,1259.7301759860231,1278.4094410979517
1.5,1,S1R1,reprocessing_overtime,50,1313.8023879490588,32.671656897862945,1304.5172068904994,1323.0875690076182
1.5,1,S1R1,bypass_events,50,41.232,0.986943333154008,40.95151384126244,41.51248615873756
1.5,1,S1R1,max_bypasses,50,2.0,0.0,2.0,2.0
1.5,1,S1R1,kit_unavailable_wait,50,434.21841016016447,13.774429835946886,430.3037609764692,438.1330593438597
1.5,1,S1R1,mean_cycle_queue,50,6.357611004285371,0.2375940402797827,6.2900875331210795,6.425134475449662
1.5,1,S1R1,wait_routine,50,648.2558378598346,17.05256534844301,643.4095529815319,653.1021227381374
1.5,1,S1R1,count_routine,50,19.022000000000002,0.537931285599946,18.86912163819932,19.174878361800683
1.5,1,S1R1,wait_restorative,50,552.664008840271,29.30632073546458,544.3352456238941,560.9927720566478
1.5,1,S1R1,count_restorative,50,10.186666666666666,0.5057044210319377,10.042947077357969,10.330386255975363
1.5,1,S1R1,wait_impression,50,370.5144275278823,32.428875018761204,361.29824430779314,379.7306107479714
1.5,1,S1R1,count_impression,50,4.711333333333333,0.3927696872352604,4.599709436458617,4.82295723020805
1.5,1,S1R1,wait_complex,50,306.38241721441136,39.282429722295106,295.2184755284448,317.5463589003779
1.5,1,S1R1,count_complex,50,2.5706666666666664,0.27901998888074553,2.4913700725632792,2.6499632607700536
1.5,1,S1R1,util_chair,50,0.3021730398251139,0.008750950183124525,0.29968604759393447,0.30466003205629333
1.5,1,S1R1,overtime_chair_minutes,50,1207.182186880752,28.595633490336592,1199.0553987208484,1215.3089750406555
1.5,1,S1R1,util_dentist,50,0.4996266294144963,0.015208822224555628,0.495304330472514,0.5039489283564786
1.5,1,S1R1,overtime_dentist_minutes,50,979.4455953683528,24.517623733174712,972.4777646213589,986.4134261153466
1.5,1,S1R1,util_assistant,50,0.4638548849244416,0.013037763481359207,0.46014959397756544,0.46756017587131776
1.5,1,S1R1,overtime_assistant_minutes,50,1411.3287223871084,32.22368755297813,1402.170852792701,1420.4865919815159
1.5,1,S1R1,util_frontdesk,50,0.29853898075988944,0.004012140817167612,0.29739874309039205,0.29967921842938683
1.5,1,S1R1,overtime_frontdesk_minutes,50,75.91355819725476,1.7486962623979116,75.4165842769069,76.41053211760261
1.5,1,S1R1,util_sterilizer,50,0.605619666405611,0.014984660895807127,0.6013610734008655,0.6098782594103566
1.5,1,S1R1,overtime_sterilizer_minutes,50,740.32989345864,14.191759915488522,736.2966403926304,744.3631465246496
1.5,2,S0R0,scheduled,50,42.0,0.0,42.0,42.0
1.5,2,S0R0,attended,50,36.49066666666666,0.41332894445771684,36.373199894227454,36.60813343910587
1.5,2,S0R0,completed,50,36.49066666666666,0.41332894445771684,36.373199894227454,36.60813343910587
1.5,2,S0R0,mean_wait,50,298.60620471185973,8.618671894286061,296.15680554998255,301.0556038737369
1.5,2,S0R0,p90_wait,50,544.3461736057336,14.669433468617271,540.1771672339903,548.5151799774769
1.5,2,S0R0,post_registration_wait,50,295.16850396972956,8.609390032821498,292.7217426833825,297.6152652560766
1.5,2,S0R0,registration_elapsed,50,3.4377007421301813,0.04753064012187178,3.4241926852617928,3.45120879899857
1.5,2,S0R0,mean_los,50,341.88144175770867,8.647869399105222,339.42374475775273,344.3391387576646
1.5,2,S0R0,completed_by_close,50,15.353333333333335,0.29799024470784824,15.268645452812105,15.438021213854565
1.5,2,S0R0,overtime,50,603.0190654771404,17.141211365101324,598.1475876826239,607.890543271657
1.5,2,S0R0,reprocessing_overtime,50,655.8124538312128,16.738209680491458,651.0555078347071,660.5693998277185
1.5,2,S0R0,bypass_events,50,0.0,0.0,0.0,0.0
1.5,2,S0R0,max_bypasses,50,0.0,0.0,0.0,0.0
1.5,2,S0R0,kit_unavailable_wait,50,139.95357965612493,7.075692007896821,137.9426904743087,141.96446883794115
1.5,2,S0R0,mean_cycle_queue,50,10.27955252310122,0.25406815501768965,10.207347160883801,10.351757885318639
1.5,2,S0R0,wait_routine,50,300.35836418360503,10.226849321693809,297.4519261077098,303.26480225950024
1.5,2,S0R0,count_routine,50,19.022000000000002,0.537931285599946,18.86912163819932,19.174878361800683
1.5,2,S0R0,wait_restorative,50,296.3166217714734,14.936850528594745,292.0716163211464,300.56162722180045
1.5,2,S0R0,count_restorative,50,10.186666666666666,0.5057044210319377,10.042947077357969,10.330386255975363
1.5,2,S0R0,wait_impression,50,297.27584103674263,16.44629280147376,292.60185688953044,301.94982518395483
1.5,2,S0R0,count_impression,50,4.711333333333333,0.3927696872352604,4.599709436458617,4.82295723020805
1.5,2,S0R0,wait_complex,50,294.44659224250677,25.09760583448456,287.3139324255267,301.57925205948686
1.5,2,S0R0,count_complex,50,2.5706666666666664,0.27901998888074553,2.4913700725632792,2.6499632607700536
1.5,2,S0R0,util_chair,50,0.4074586902953964,0.007817322021899555,0.40523703222053,0.4096803483702628
1.5,2,S0R0,overtime_chair_minutes,50,1005.0337379778097,27.562601071567137,997.2005343483027,1012.8669416073167
1.5,2,S0R0,util_dentist,50,0.6715801580249314,0.013622846576543562,0.667708588321821,0.6754517277280419
1.5,2,S0R0,overtime_dentist_minutes,50,814.3702079023352,23.819719800293136,807.6007192351001,821.1396965695703
1.5,2,S0R0,util_assistant,50,0.626703695338312,0.011701256558474938,0.623378235411448,0.6300291552651761
1.5,2,S0R0,overtime_assistant_minutes,50,1176.8264353911347,31.070681273831156,1167.9962465169615,1185.656624265308
1.5,2,S0R0,util_frontdesk,50,0.3246204804377927,0.003880028329635734,0.3235177887173931,0.32572317215819224
1.5,2,S0R0,overtime_frontdesk_minutes,50,63.39443835186118,1.685231922493834,62.915500795221895,63.87337590850047
1.5,2,S0R0,util_sterilizer,50,0.7355512086510965,0.01063166549392379,0.7325297231055753,0.7385726941966176
1.5,2,S0R0,overtime_sterilizer_minutes,50,560.2614198474737,13.066332354748038,556.5480097175734,563.9748299773739
1.5,2,S0R1,scheduled,50,42.0,0.0,42.0,42.0
1.5,2,S0R1,attended,50,36.49066666666666,0.41332894445771684,36.373199894227454,36.60813343910587
1.5,2,S0R1,completed,50,36.49066666666666,0.41332894445771684,36.373199894227454,36.60813343910587
1.5,2,S0R1,mean_wait,50,241.89130321556345,8.230063261435852,239.55234539212876,244.23026103899815
1.5,2,S0R1,p90_wait,50,461.71369235696073,15.036188087840753,457.4404554879947,465.98692922592676
1.5,2,S0R1,post_registration_wait,50,238.42530772314575,8.217408597288543,236.0899463150447,240.7606691312468
1.5,2,S0R1,registration_elapsed,50,3.4659954924177714,0.047280266684232186,3.452558590884663,3.4794323939508796
1.5,2,S0R1,mean_los,50,285.19353538111733,8.2330867082073,282.85371830371884,287.5333524585158
1.5,2,S0R1,completed_by_close,50,17.460666666666665,0.2984988899503434,17.37583423078401,17.545499102549318
1.5,2,S0R1,overtime,50,524.0666674083831,16.836330697786416,519.2818357305946,528.8514990861715
1.5,2,S0R1,reprocessing_overtime,50,573.848270945157,16.452421140122507,569.1725451435769,578.523996746737
1.5,2,S0R1,bypass_events,50,27.788000000000007,1.2165666718763022,27.442255618149588,28.133744381850427
1.5,2,S0R1,max_bypasses,50,2.0,0.0,2.0,2.0
1.5,2,S0R1,kit_unavailable_wait,50,140.98267252329975,7.305230436455534,138.9065492495693,143.0587957970302
1.5,2,S0R1,mean_cycle_queue,50,10.852398827492927,0.192909993514857,10.797574420411566,10.907223234574287
1.5,2,S0R1,wait_routine,50,272.4957205024656,9.098526990595115,269.9099480472158,275.0814929577154
1.5,2,S0R1,count_routine,50,19.022000000000002,0.537931285599946,18.86912163819932,19.174878361800683
1.5,2,S0R1,wait_restorative,50,215.30912592142064,12.576128556253808,211.73503015316547,218.88322168967582
1.5,2,S0R1,count_restorative,50,10.186666666666666,0.5057044210319377,10.042947077357969,10.330386255975363
1.5,2,S0R1,wait_impression,50,179.4992737757758,13.944515650511377,175.53628674412076,183.46226080743085
1.5,2,S0R1,count_impression,50,4.711333333333333,0.3927696872352604,4.599709436458617,4.82295723020805
1.5,2,S0R1,wait_complex,50,174.4386321837185,19.82050120912032,168.80570873042046,180.07155563701656
1.5,2,S0R1,count_complex,50,2.5706666666666664,0.27901998888074553,2.4913700725632792,2.6499632607700536
1.5,2,S0R1,util_chair,50,0.4660403537785524,0.008129048374683569,0.46373010406490345,0.46835060349220137
1.5,2,S0R1,overtime_chair_minutes,50,892.5569440901502,27.825329766335287,884.6490738005523,900.4648143797481
1.5,2,S0R1,util_dentist,50,0.7691909952770273,0.014268218059857682,0.7651360130493751,0.7732459775046795
1.5,2,S0R1,overtime_dentist_minutes,50,720.6638041403232,23.7397427531171,713.9170446957254,727.4105635849211
1.5,2,S0R1,util_assistant,50,0.7162929910338185,0.012087619877720092,0.7128577278795027,0.7197282541881342
1.5,2,S0R1,overtime_assistant_minutes,50,1047.8178495896054,31.407991920991957,1038.8917981014956,1056.7439010777152
1.5,2,S0R1,util_frontdesk,50,0.3379166622226119,0.003944232466453325,0.3367957238905721,0.3390376005546517
1.5,2,S0R1,overtime_frontdesk_minutes,50,57.012271095148,1.6314410159368575,56.54862074320259,57.47592144709341
1.5,2,S0R1,util_sterilizer,50,0.7840712192464417,0.008894789788271585,0.7815433482566074,0.786599090236276
1.5,2,S0R1,overtime_sterilizer_minutes,50,499.02048142837464,13.671415830716393,495.1351084975833,502.90585435916597
1.5,2,S1R0,scheduled,50,42.0,0.0,42.0,42.0
1.5,2,S1R0,attended,50,36.49066666666666,0.41332894445771684,36.373199894227454,36.60813343910587
1.5,2,S1R0,completed,50,36.49066666666666,0.41332894445771684,36.373199894227454,36.60813343910587
1.5,2,S1R0,mean_wait,50,298.57133827907035,8.769110000563687,296.0791850854873,301.06349147265337
1.5,2,S1R0,p90_wait,50,543.9762488271734,14.883465496839703,539.7464152332115,548.2060824211354
1.5,2,S1R0,post_registration_wait,50,295.12279570523026,8.754081832741523,292.63491346918215,297.61067794127837
1.5,2,S1R0,registration_elapsed,50,3.44854257384012,0.04275082765254485,3.436392924485082,3.4606922231951582
1.5,2,S1R0,mean_los,50,341.8433073527595,8.811880527899548,339.338998911234,344.347615794285
1.5,2,S1R0,completed_by_close,50,15.356666666666666,0.3095054939635981,15.268706188902868,15.444627144430463
1.5,2,S1R0,overtime,50,602.9500178871493,17.43601121446933,597.9947589123279,607.9052768619707
1.5,2,S1R0,reprocessing_overtime,50,655.7201099802587,17.189037454271094,650.8350401631933,660.6051797973241
1.5,2,S1R0,bypass_events,50,0.0,0.0,0.0,0.0
1.5,2,S1R0,max_bypasses,50,0.0,0.0,0.0,0.0
1.5,2,S1R0,kit_unavailable_wait,50,140.0690683421182,7.199185763173415,138.02308262752038,142.115054056716
1.5,2,S1R0,mean_cycle_queue,50,10.260625698674582,0.22726553676172848,10.19603755538573,10.325213841963434
1.5,2,S1R0,wait_routine,50,300.428685441745,9.999346529797096,297.586902936294,303.27046794719604
1.5,2,S1R0,count_routine,50,19.022000000000002,0.537931285599946,18.86912163819932,19.174878361800683
1.5,2,S1R0,wait_restorative,50,296.1614355984112,15.260586893522174,291.8244253020187,300.49844589480364
1.5,2,S1R0,count_restorative,50,10.186666666666666,0.5057044210319377,10.042947077357969,10.330386255975363
1.5,2,S1R0,wait_impression,50,297.05484192496044,16.69765387194942,292.30942176035444,301.80026208956644
1.5,2,S1R0,count_impression,50,4.711333333333333,0.3927696872352604,4.599709436458617,4.82295723020805
1.5,2,S1R0,wait_complex,50,294.32865601738587,25.620092988530228,287.04750701171076,301.60980502306097
1.5,2,S1R0,count_complex,50,2.5706666666666664,0.27901998888074553,2.4913700725632792,2.6499632607700536
1.5,2,S1R0,util_chair,50,0.40755214486348385,0.008048302954715711,0.4052648427415776,0.4098394469853901
1.5,2,S1R0,overtime_chair_minutes,50,1004.8543052070818,27.860037006527207,996.9365712301222,1012.7720391840413
1.5,2,S1R0,util_dentist,50,0.6717543109882963,0.013979356932048194,0.6677814221751555,0.6757271998014371
1.5,2,S1R0,overtime_dentist_minutes,50,814.2030210575051,24.067314419655165,807.3631667863128,821.0428753286974
1.5,2,S1R0,util_assistant,50,0.6268520588708977,0.012021437796100376,0.623435604453849,0.6302685132879463
1.5,2,S1R0,overtime_assistant_minutes,50,1176.6127919042112,31.38649362953357,1167.6928501622115,1185.532733646211
1.5,2,S1R0,util_frontdesk,50,0.324613111781009,0.003832367803925997,0.32352396503054914,0.32570225853146884
1.5,2,S1R0,overtime_frontdesk_minutes,50,63.39797530711732,1.7100837923674086,62.91197492804019,63.883975686194454
1.5,2,S1R0,util_sterilizer,50,0.7348574261560303,0.009775477390769028,0.7320792665484261,0.7376355857636345
1.5,2,S1R0,overtime_sterilizer_minutes,50,560.0724354451054,13.065089462128672,556.3593785413376,563.7854923488732
1.5,2,S1R1,scheduled,50,42.0,0.0,42.0,42.0
1.5,2,S1R1,attended,50,36.49066666666666,0.41332894445771684,36.373199894227454,36.60813343910587
1.5,2,S1R1,completed,50,36.49066666666666,0.41332894445771684,36.373199894227454,36.60813343910587
1.5,2,S1R1,mean_wait,50,241.6984270511236,8.454111779513811,239.29579535088615,244.10105875136102
1.5,2,S1R1,p90_wait,50,461.1505094570121,14.982290239473889,456.89259018526246,465.40842872876175
1.5,2,S1R1,post_registration_wait,50,238.22583833230559,8.439691326006571,235.82730487912616,240.624371785485
1.5,2,S1R1,registration_elapsed,50,3.4725887188180184,0.047898706231573586,3.4589760587309812,3.4862013789050557
1.5,2,S1R1,mean_los,50,284.994556779531,8.470650816066273,282.5872247376671,287.40188882139495
1.5,2,S1R1,completed_by_close,50,17.456666666666667,0.33027508633419667,17.362803536757728,17.550529796575606
1.5,2,S1R1,overtime,50,524.1159650467721,16.470212851224378,519.4351828974396,528.7967471961045
1.5,2,S1R1,reprocessing_overtime,50,573.7674349671161,16.28331704182468,569.1397680128528,578.3951019213794
1.5,2,S1R1,bypass_events,50,27.87,1.2290373793414886,27.520711482720376,28.219288517279626
1.5,2,S1R1,max_bypasses,50,2.0,0.0,2.0,2.0
1.5,2,S1R1,kit_unavailable_wait,50,141.0405847508802,7.287534591841757,138.9694905799509,143.11167892180953
1.5,2,S1R1,mean_cycle_queue,50,10.86069185505661,0.25847501903337483,10.78723407609112,10.934149634022098
1.5,2,S1R1,wait_routine,50,272.5768026625921,9.201748821439244,269.9616948910595,275.19191043412474
1.5,2,S1R1,count_routine,50,19.022000000000002,0.537931285599946,18.86912163819932,19.174878361800683
1.5,2,S1R1,wait_restorative,50,214.8698341881249,12.696476072648682,211.26153603817946,218.47813233807037
1.5,2,S1R1,count_restorative,50,10.186666666666666,0.5057044210319377,10.042947077357969,10.330386255975363
1.5,2,S1R1,wait_impression,50,178.89615146514942,14.150264550463419,174.8746912500061,182.91761168029274
1.5,2,S1R1,count_impression,50,4.711333333333333,0.3927696872352604,4.599709436458617,4.82295723020805
1.5,2,S1R1,wait_complex,50,173.66101796423243,20.94603293489612,167.70822197145307,179.61381395701179
1.5,2,S1R1,count_complex,50,2.5706666666666664,0.27901998888074553,2.4913700725632792,2.6499632607700536
1.5,2,S1R1,util_chair,50,0.4663278066730626,0.0088334522529308,0.4638173676158391,0.46883824573028615
1.5,2,S1R1,overtime_chair_minutes,50,892.0050345326905,28.482201637217283,883.9104833449526,900.0995857204284
1.5,2,S1R1,util_dentist,50,0.7697447334697306,0.015358195098705547,0.7653799832316277,0.7741094837078335
1.5,2,S1R1,overtime_dentist_minutes,50,720.1322154753279,24.271305423688965,713.2343876090807,727.0300433415752
1.5,2,S1R1,util_assistant,50,0.7167102400769196,0.013234963313224903,0.712948905564536,0.7204715745893032
1.5,2,S1R1,overtime_assistant_minutes,50,1047.2170109675399,32.18424416895226,1038.07035105752,1056.3636708775598
1.5,2,S1R1,util_frontdesk,50,0.3378346943635488,0.004059684516931993,0.33668094492567413,0.33898844380142346
1.5,2,S1R1,overtime_frontdesk_minutes,50,57.05161566749826,1.6825349036263686,56.57344459504988,57.529786739946644
1.5,2,S1R1,util_sterilizer,50,0.7836874366526907,0.00957463623854869,0.7809663554622664,0.7864085178431149
1.5,2,S1R1,overtime_sterilizer_minutes,50,498.87603040670854,13.673935396409464,494.98994142335454,502.76211939006254
1.5,4,S0R0,scheduled,50,42.0,0.0,42.0,42.0
1.5,4,S0R0,attended,50,36.49066666666666,0.41332894445771684,36.373199894227454,36.60813343910587
1.5,4,S0R0,completed,50,36.49066666666666,0.41332894445771684,36.373199894227454,36.60813343910587
1.5,4,S0R0,mean_wait,50,177.39383493973105,6.103320714758151,175.65929058919053,179.12837929027157
1.5,4,S0R0,p90_wait,50,322.0306204480497,10.731596337322584,318.9807348744187,325.0805060216807
1.5,4,S0R0,post_registration_wait,50,173.88985129863678,6.094600319613896,172.1577852566825,175.62191734059107
1.5,4,S0R0,registration_elapsed,50,3.5039836410942837,0.05641299867024868,3.487951246154932,3.5200160360336357
1.5,4,S0R0,mean_los,50,220.74381060552358,6.317075263365012,218.94851789158938,222.53910331945778
1.5,4,S0R0,completed_by_close,50,19.863333333333333,0.25813301427989505,19.78997275103188,19.936693915634788
1.5,4,S0R0,overtime,50,355.543469540586,11.512584873503899,352.2716295069846,358.8153095741874
1.5,4,S0R0,reprocessing_overtime,50,410.3003940012044,11.832431368359341,406.93765461024987,413.6631333921589
1.5,4,S0R0,bypass_events,50,0.0,0.0,0.0,0.0
1.5,4,S0R0,max_bypasses,50,0.0,0.0,0.0,0.0
1.5,4,S0R0,kit_unavailable_wait,50,13.954574021237411,1.9778609977759425,13.392472211389684,14.516675831085138
1.5,4,S0R0,mean_cycle_queue,50,12.526178731911985,0.26967496710020217,12.44953796329978,12.60281950052419
1.5,4,S0R0,wait_routine,50,177.94800385471396,7.857564620137176,175.714908961321,180.18109874810693
1.5,4,S0R0,count_routine,50,19.022000000000002,0.537931285599946,18.86912163819932,19.174878361800683
1.5,4,S0R0,wait_restorative,50,176.73496476351403,7.9243609952147045,174.48288655260555,178.9870429744225
1.5,4,S0R0,count_restorative,50,10.186666666666666,0.5057044210319377,10.042947077357969,10.330386255975363
1.5,4,S0R0,wait_impression,50,178.19368923838937,10.145257121283445,175.31043940654754,181.0769390702312
1.5,4,S0R0,count_impression,50,4.711333333333333,0.3927696872352604,4.599709436458617,4.82295723020805
1.5,4,S0R0,wait_complex,50,176.22616728518068,15.000135864389991,171.96317634354395,180.4891582268174
1.5,4,S0R0,count_complex,50,2.5706666666666664,0.27901998888074553,2.4913700725632792,2.6499632607700536
1.5,4,S0R0,util_chair,50,0.5268514214046401,0.003165385003423655,0.5259518290463854,0.5277510137628949
1.5,4,S0R0,overtime_chair_minutes,50,775.7996942480619,25.4552524624552,768.5653923960276,783.0339961000961
1.5,4,S0R0,util_dentist,50,0.8683185807635936,0.005738520214784613,0.8666877115557952,0.869949449971392
1.5,4,S0R0,overtime_dentist_minutes,50,625.5013220732196,21.857945038982454,619.2893635585515,631.7132805878878
1.5,4,S0R0,util_assistant,50,0.8104062454002543,0.004974333943695445,0.8089925555020854,0.8118199352984232
1.5,4,S0R0,overtime_assistant_minutes,50,912.2947633019379,28.77763941937806,904.1162496354228,920.473276968453
1.5,4,S0R0,util_frontdesk,50,0.3529751321084521,0.004226475383279736,0.35177398123642933,0.3541762829804749
1.5,4,S0R0,overtime_frontdesk_minutes,50,49.784205549944645,1.5575073944676807,49.34156689825681,50.22684420163248
1.5,4,S0R0,util_sterilizer,50,0.8220105903847958,0.005940577797210232,0.820322297054219,0.8236988837153727
1.5,4,S0R0,overtime_sterilizer_minutes,50,397.7535832819647,11.71241622861938,394.42495181231146,401.082214751618
1.5,4,S0R1,scheduled,50,42.0,0.0,42.0,42.0
1.5,4,S0R1,attended,50,36.49066666666666,0.41332894445771684,36.373199894227454,36.60813343910587
1.5,4,S0R1,completed,50,36.49066666666666,0.41332894445771684,36.373199894227454,36.60813343910587
1.5,4,S0R1,mean_wait,50,173.001689486112,6.089161651613196,171.27116909631923,174.7322098759048
1.5,4,S0R1,p90_wait,50,314.23478620245623,10.98126377682413,311.11394593597186,317.3556264689406
1.5,4,S0R1,post_registration_wait,50,169.49371054146158,6.085624111535983,167.7641955093163,171.22322557360687
1.5,4,S0R1,registration_elapsed,50,3.507978944650444,0.05744580449214853,3.491653029578806,3.5243048597220823
1.5,4,S0R1,mean_los,50,216.35557009515023,6.313586801228116,214.56126879106887,218.14987139923159
1.5,4,S0R1,completed_by_close,50,20.100666666666665,0.2553278093930099,20.02810331467901,20.17323001865432
1.5,4,S0R1,overtime,50,346.4435140494363,11.735242820062833,343.1083953350386,349.778632763834
1.5,4,S0R1,reprocessing_overtime,50,401.1608150686391,11.943306165403856,397.766565412729,404.55506472454925
1.5,4,S0R1,bypass_events,50,3.160666666666666,0.6736602560560992,2.9692145628143645,3.3521187705189672
1.5,4,S0R1,max_bypasses,50,0.9346666666666666,0.14332621402980655,0.8939338121357521,0.9753995211975812
1.5,4,S0R1,kit_unavailable_wait,50,13.118353379005022,2.01835886693359,12.544742203446516,13.691964554563528
1.5,4,S0R1,mean_cycle_queue,50,12.616193741092754,0.2752676534146205,12.53796354880377,12.694423933381739
1.5,4,S0R1,wait_routine,50,176.65894193284225,7.875105749032278,174.4208619063637,178.8970219593208
1.5,4,S0R1,count_routine,50,19.022000000000002,0.537931285599946,18.86912163819932,19.174878361800683
1.5,4,S0R1,wait_restorative,50,167.8551043822789,7.298019106888485,165.78103054549354,169.92917821906428
1.5,4,S0R1,count_restorative,50,10.186666666666666,0.5057044210319377,10.042947077357969,10.330386255975363
1.5,4,S0R1,wait_impression,50,169.0711875216099,10.253904609128835,166.15706041900842,171.98531462421136
1.5,4,S0R1,count_impression,50,4.711333333333333,0.3927696872352604,4.599709436458617,4.82295723020805
1.5,4,S0R1,wait_complex,50,167.8198755855527,15.121062475747683,163.52251768527765,172.11723348582774
1.5,4,S0R1,count_complex,50,2.5706666666666664,0.27901998888074553,2.4913700725632792,2.6499632607700536
1.5,4,S0R1,util_chair,50,0.5333704756171815,0.0021258363273420084,0.5327663196889426,0.5339746315454205
1.5,4,S0R1,overtime_chair_minutes,50,763.2831101599821,25.62881220086409,755.9994831818717,770.5667371380925
1.5,4,S0R1,util_dentist,50,0.8791621382616381,0.004045871240436289,0.8780123145130444,0.8803119620102319
1.5,4,S0R1,overtime_dentist_minutes,50,615.0915068750968,22.056233379888027,608.8231954441115,621.359818306082
1.5,4,S0R1,util_assistant,50,0.8202978541500162,0.003504908223841388,0.819301770371537,0.8212939379284955
1.5,4,S0R1,overtime_assistant_minutes,50,898.0508467022806,28.954944418149115,889.8219435185971,906.2797498859642
1.5,4,S0R1,util_frontdesk,50,0.35443471725194725,0.004177297112837028,0.35324754268809383,0.3556218918158007
1.5,4,S0R1,overtime_frontdesk_minutes,50,49.08360468106698,1.5522882831294174,48.642449284234935,49.524760077899025
1.5,4,S0R1,util_sterilizer,50,0.823640245768892,0.005716602917629258,0.8220156053872911,0.825264886150493
1.5,4,S0R1,overtime_sterilizer_minutes,50,389.7020153642651,11.474242315142934,386.44107216389574,392.96295856463445
1.5,4,S1R0,scheduled,50,42.0,0.0,42.0,42.0
1.5,4,S1R0,attended,50,36.49066666666666,0.41332894445771684,36.373199894227454,36.60813343910587
1.5,4,S1R0,completed,50,36.49066666666666,0.41332894445771684,36.373199894227454,36.60813343910587
1.5,4,S1R0,mean_wait,50,177.32775615396974,6.197846488387422,175.56634787897042,179.08916442896907
1.5,4,S1R0,p90_wait,50,321.7737734744813,10.83074719482525,318.6957095422534,324.8518374067092
1.5,4,S1R0,post_registration_wait,50,173.80896221544208,6.18544625673991,172.05107804686855,175.5668463840156
1.5,4,S1R0,registration_elapsed,50,3.518793938527681,0.04693190709201931,3.505456039683579,3.5321318373717827
1.5,4,S1R0,mean_los,50,220.68574387291181,6.411316565706468,218.86366808035476,222.50781966546887
1.5,4,S1R0,completed_by_close,50,19.87,0.24700014229709352,19.799803344535352,19.94019665546465
1.5,4,S1R0,overtime,50,355.3305527519526,11.662261886042824,352.01617498706713,358.6449305168381
1.5,4,S1R0,reprocessing_overtime,50,409.99821045538533,11.782095718860303,406.64977629604977,413.3466446147209
1.5,4,S1R0,bypass_events,50,0.0,0.0,0.0,0.0
1.5,4,S1R0,max_bypasses,50,0.0,0.0,0.0,0.0
1.5,4,S1R0,kit_unavailable_wait,50,14.01729286976542,1.940760819044242,13.465734812807412,14.568850926723428
1.5,4,S1R0,mean_cycle_queue,50,12.520603699698468,0.2680543277629176,12.444423511635463,12.596783887761472
1.5,4,S1R0,wait_routine,50,177.87581315515322,7.753723959133884,175.6722294476077,180.07939686269876
1.5,4,S1R0,count_routine,50,19.022000000000002,0.537931285599946,18.86912163819932,19.174878361800683
1.5,4,S1R0,wait_restorative,50,176.65596547380812,8.097924628170606,174.35456103000564,178.9573699176106
1.5,4,S1R0,count_restorative,50,10.186666666666666,0.5057044210319377,10.042947077357969,10.330386255975363
1.5,4,S1R0,wait_impression,50,177.9522353297108,10.508666254599335,174.96570577710915,180.93876488231243
1.5,4,S1R0,count_impression,50,4.711333333333333,0.3927696872352604,4.599709436458617,4.82295723020805
1.5,4,S1R0,wait_complex,50,176.56234473492202,15.085956485273003,172.27496384557168,180.84972562427237
1.5,4,S1R0,count_complex,50,2.5706666666666664,0.27901998888074553,2.4913700725632792,2.6499632607700536
1.5,4,S1R0,util_chair,50,0.5271077365314657,0.003215280543698267,0.5261939640192349,0.5280215090436965
1.5,4,S1R0,overtime_chair_minutes,50,775.3075692045567,25.58367232941904,768.0367708344546,782.5783675746587
1.5,4,S1R0,util_dentist,50,0.8687365435424611,0.005869737521644215,0.867068382793067,0.8704047042918552
1.5,4,S1R0,overtime_dentist_minutes,50,625.1000778055067,21.88096535039666,618.8815769914941,631.3185786195193
1.5,4,S1R0,util_assistant,50,0.8108308613993593,0.005029210884369876,0.8094015756490518,0.8122601471496669
1.5,4,S1R0,overtime_assistant_minutes,50,911.6833162632266,28.936312479389272,903.4597082173256,919.9069243091277
1.5,4,S1R0,util_frontdesk,50,0.35302916033391624,0.004230084512704562,0.3518269837587809,0.35423133690905156
1.5,4,S1R0,overtime_frontdesk_minutes,50,49.7582720017219,1.5607879028275196,49.31470103998378,50.20184296346002
1.5,4,S1R0,util_sterilizer,50,0.82208957840496,0.005669115325883011,0.8204784338460159,0.8237007229639041
1.5,4,S1R0,overtime_sterilizer_minutes,50,397.40633569895255,11.540477301362422,394.126568725997,400.6861026719081
1.5,4,S1R1,scheduled,50,42.0,0.0,42.0,42.0
1.5,4,S1R1,attended,50,36.49066666666666,0.41332894445771684,36.373199894227454,36.60813343910587
1.5,4,S1R1,completed,50,36.49066666666666,0.41332894445771684,36.373199894227454,36.60813343910587
1.5,4,S1R1,mean_wait,50,172.9792584718239,6.105236989148466,171.24416952219164,174.71434742145615
1.5,4,S1R1,p90_wait,50,313.92921286497165,10.849004247596993,310.8459603363676,317.01246539357567
1.5,4,S1R1,post_registration_wait,50,169.4602567323108,6.097018812918302,167.72750336224547,171.19301010237612
1.5,4,S1R1,registration_elapsed,50,3.5190017395131012,0.04548520582783814,3.506074988570606,3.5319284904555963
1.5,4,S1R1,mean_los,50,216.3441040560084,6.3379066614927595,214.5428911249293,218.1453169870875
1.5,4,S1R1,completed_by_close,50,20.09,0.2500113376113974,20.018947572396723,20.161052427603277
1.5,4,S1R1,overtime,50,346.25522232074485,11.696147761197894,342.93121429783093,349.57923034365876
1.5,4,S1R1,reprocessing_overtime,50,400.8563821357939,11.825959098845349,397.49548214326614,404.2172821283217
1.5,4,S1R1,bypass_events,50,3.1140000000000003,0.6288632078921161,2.9352790748691184,3.292720925130882
1.5,4,S1R1,max_bypasses,50,0.9259999999999999,0.13235868260782144,0.8883840830439665,0.9636159169560333
1.5,4,S1R1,kit_unavailable_wait,50,13.161516597753714,2.020705697528202,12.58723846039854,13.735794735108888
1.5,4,S1R1,mean_cycle_queue,50,12.572307575474658,0.29768579980106996,12.487706217228398,12.656908933720919
1.5,4,S1R1,wait_routine,50,176.56391611890203,7.724071628007069,174.36875950962644,178.7590727281776
1.5,4,S1R1,count_routine,50,19.022000000000002,0.537931285599946,18.86912163819932,19.174878361800683
1.5,4,S1R1,wait_restorative,50,167.95282624281023,7.396685464856627,165.85071174065587,170.0549407449646
1.5,4,S1R1,count_restorative,50,10.186666666666666,0.5057044210319377,10.042947077357969,10.330386255975363
1.5,4,S1R1,wait_impression,50,168.88968093111222,10.476416204778038,165.91231674017786,171.8670451220466
1.5,4,S1R1,count_impression,50,4.711333333333333,0.3927696872352604,4.599709436458617,4.82295723020805
1.5,4,S1R1,wait_complex,50,168.3075173609866,15.288379312106372,163.96260854755792,172.65242617441527
1.5,4,S1R1,count_complex,50,2.5706666666666664,0.27901998888074553,2.4913700725632792,2.6499632607700536
1.5,4,S1R1,util_chair,50,0.5334849465732856,0.002200377869729342,0.5328596061755961,0.5341102869709751
1.5,4,S1R1,overtime_chair_minutes,50,763.0633259242625,25.57601262574205,755.7947044176026,770.3319474309224
1.5,4,S1R1,util_dentist,50,0.8793952666783099,0.004155263073347786,0.8782143541184543,0.8805761792381656
1.5,4,S1R1,overtime_dentist_minutes,50,614.867703595092,21.96060094091041,608.6265705993405,621.1088365908436
1.5,4,S1R1,util_assistant,50,0.820534787598814,0.0036500516336091496,0.8194974545245503,0.8215721206730778
1.5,4,S1R1,overtime_assistant_minutes,50,897.7096625360117,28.899823610823386,889.496424510594,905.9229005614294
1.5,4,S1R1,util_frontdesk,50,0.3544152072255258,0.0041805715833875025,0.3532271020675483,0.35560331238350323
1.5,4,S1R1,overtime_frontdesk_minutes,50,49.09296949374935,1.55166390219477,48.651991543994626,49.533947443504076
1.5,4,S1R1,util_sterilizer,50,0.8234977416384233,0.005169695845694511,0.822028530508574,0.8249669527682725
1.5,4,S1R1,overtime_sterilizer_minutes,50,389.4804173468901,11.461867097390172,386.2229911440771,392.73784354970303
