demand,case,metric,mean,sd,ci_low,ci_high
0.8,K2_B0,scheduled,22.0,0.0,22.0,22.0
0.8,K2_B0,attended,19.134,0.2868619806080397,19.052474736769874,19.215525263230127
0.8,K2_B0,completed,19.134,0.2868619806080397,19.052474736769874,19.215525263230127
0.8,K2_B0,mean_wait,58.03181241407233,5.845288586371606,56.370599974383,59.693024853761656
0.8,K2_B0,p90_wait,109.48965216287728,10.603549032897968,106.47615722622437,112.50314709953018
0.8,K2_B0,post_registration_wait,54.838310298779135,5.846200963844354,53.17683856431162,56.499782033246646
0.8,K2_B0,registration_elapsed,3.193502115293184,0.03423582655499518,3.18377240218906,3.203231828397308
0.8,K2_B0,mean_los,101.18173651542291,5.904525037967222,99.50368926444588,102.85978376639994
0.8,K2_B0,completed_by_close,14.925333333333334,0.3324177902904525,14.830861253769626,15.019805412897043
0.8,K2_B0,overtime,112.11321628212883,13.008672033545576,108.41619303226756,115.8102395319901
0.8,K2_B0,reprocessing_overtime,164.483981131873,12.528643062334124,160.92338059007903,168.04458167366698
0.8,K2_B0,bypass_events,0.0,0.0,0.0,0.0
0.8,K2_B0,max_bypasses,0.0,0.0,0.0,0.0
0.8,K2_B0,kit_unavailable_wait,29.43916596515172,3.994503140730308,28.303940867244567,30.574391063058872
0.8,K2_B0,mean_cycle_queue,9.837792277872062,0.3879342637602084,9.727542592981788,9.948041962762336
0.8,K2_B0,wait_routine,60.6222081931988,5.933370046472001,58.93596328247529,62.30845310392231
0.8,K2_B0,count_routine,9.958,0.41539588526681226,9.839945809551665,10.076054190448335
0.8,K2_B0,wait_restorative,54.418049494963746,6.729618778322487,52.50551322515818,56.33058576476931
0.8,K2_B0,count_restorative,5.333333333333334,0.29615832010411836,5.249166079962556,5.4175005867041115
0.8,K2_B0,wait_impression,53.82527316932008,7.986519115691505,51.555529818113044,56.09501652052711
0.8,K2_B0,count_impression,2.478666666666667,0.25614975778379806,2.4058697195585363,2.5514636137747972
0.8,K2_B0,wait_complex,53.033820780238486,10.182616341631196,50.139953576702915,55.92768798377406
0.8,K2_B0,count_complex,1.364,0.21112376140639758,1.3039992979679358,1.4240007020320644
0.8,K2_B0,util_chair,0.39492267321625923,0.009279388836712006,0.3922855003991291,0.3975598460333894
0.8,K2_B0,overtime_chair_minutes,177.36044531584284,19.36171264970719,171.8579081130819,182.8629825186038
0.8,K2_B0,util_dentist,0.6502649485151187,0.016158505184338035,0.6456727526940961,0.6548571443361414
0.8,K2_B0,overtime_dentist_minutes,139.11564058566802,16.05308686851846,134.55340431497777,143.67787685635827
0.8,K2_B0,util_assistant,0.6076436253978416,0.013808963843690408,0.6037191617588961,0.611568089036787
0.8,K2_B0,overtime_assistant_minutes,213.67715731816858,22.249265714177614,207.35398671124256,220.0003279250946
0.8,K2_B0,util_frontdesk,0.21351046418859643,0.003162079308713383,0.21261181129827275,0.2144091170789201
0.8,K2_B0,overtime_frontdesk_minutes,12.515107980367707,1.194545817183507,12.175621855437837,12.854594105297577
0.8,K2_B0,util_sterilizer,0.7236912491305445,0.011359590917355705,0.7204628894930596,0.7269196087680294
0.8,K2_B0,overtime_sterilizer_minutes,141.2588670840053,9.897086256269189,138.44614662330375,144.07158754470683
0.8,K2_B0,maximum_wait,130.14030777047148,11.477466049720894,126.87844839498023,133.40216714596275
0.8,K2_B0,fraction_patients_worse_than_fifo,0.0,0.0,0.0,0.0
0.8,K2_B0,largest_patient_wait_increase,0.0,0.0,0.0,0.0
0.8,K2_B0,twice_count,0.0,0.0,0.0,0.0
0.8,K2_B0,twice_wait_sum,0.0,0.0,0.0,0.0
0.8,K2_B0,twice_fifo_wait_sum,0.0,0.0,0.0,0.0
0.8,K2_B0,twice_worse_count,0.0,0.0,0.0,0.0
0.8,K2_B0,batch_count,16.849333333333334,0.29876844718613366,16.764424290140933,16.934242376525734
0.8,K2_B0,batch_fill_fraction,0.284665494335386,0.0032353761009368764,0.2837460107296525,0.28558497794111953
0.8,K2_B0,final_event_time,644.483981131873,12.528643062334131,640.923380590079,648.0445816736669
0.8,K2_B0,workload_dentist_minutes,763.3699911601818,16.09515173709322,758.7958001875264,767.9441821328372
0.8,K2_B0,workload_dentist_ratio,0.7951770741251895,0.01676578305947211,0.7904122918620068,0.7999418563883721
0.8,K2_B0,whole_run_util_dentist,0.5944649893536869,0.011927664736607339,0.5910751849421316,0.5978547937652421
0.8,K2_B0,workload_assistant_minutes,1088.6839778910607,20.220975554594542,1082.9372409015023,1094.4307148806192
0.8,K2_B0,workload_assistant_ratio,0.7560305402021253,0.014042344135135113,0.752039750626043,0.7600213297782077
0.8,K2_B0,whole_run_util_assistant,0.5653554197600185,0.010327965835068863,0.5624202446923743,0.5682905948276626
0.8,K2_B0,workload_chair_minutes,935.6119778910605,18.306663773264034,930.4092822259978,940.8146735561232
0.8,K2_B0,workload_chair_ratio,0.4872979051515941,0.009534720715241689,0.4845881678260406,0.4900076424771476
0.8,K2_B0,whole_run_util_chair,0.36435732603579135,0.006872034018531484,0.36240431580731963,0.36631033626426307
0.8,K2_B0,workload_frontdesk_minutes,115.000130790894,1.7818840480512623,114.49372500733556,115.50653657445245
0.8,K2_B0,workload_frontdesk_ratio,0.2395836058143625,0.003712258433440133,0.2385285937652824,0.2406386178634426
0.8,K2_B0,whole_run_util_frontdesk,0.17927778248759516,0.0032500428659333596,0.1783541306338612,0.1802014343413291
0.8,K2_B0,workload_sterilizer_minutes,488.6306666666667,8.66428496839788,486.16830441408706,491.0930289192463
0.8,K2_B0,workload_sterilizer_ratio,1.0179805555555557,0.018050593684162237,1.0128506341960148,1.0231104769150965
0.8,K2_B0,whole_run_util_sterilizer,0.7598582681053407,0.009167889084076146,0.7572527831635592,0.7624637530471223
0.8,K2_B0,kit_uses_per_stock_routine,4.979,0.20769794263340613,4.9199729047758325,5.038027095224168
0.8,K2_B0,kit_circulation_routine,90.55694129024648,0.8717775818999592,90.30918487201403,90.80469770847894
0.8,K2_B0,kit_uses_per_stock_restorative,2.666666666666667,0.14807916005205918,2.624583039981278,2.7087502933520557
0.8,K2_B0,kit_circulation_restorative,100.88213695783001,1.2958483365134033,100.51386097884999,101.25041293681004
0.8,K2_B0,kit_uses_per_stock_impression,1.2393333333333334,0.12807487889189903,1.2029348597792682,1.2757318068873986
0.8,K2_B0,kit_circulation_impression,98.66340523918538,1.8755081921337151,98.13039177141992,99.19641870695084
0.8,K2_B0,kit_uses_per_stock_complex,0.682,0.10556188070319879,0.6519996489839679,0.7120003510160322
0.8,K2_B0,kit_circulation_complex,111.3204257425688,2.918600156349905,110.49096885356047,112.14988263157713
0.8,K2_B1,scheduled,22.0,0.0,22.0,22.0
0.8,K2_B1,attended,19.134,0.2868619806080397,19.052474736769874,19.215525263230127
0.8,K2_B1,completed,19.134,0.2868619806080397,19.052474736769874,19.215525263230127
0.8,K2_B1,mean_wait,44.309459434538184,4.659397953747431,42.985273343833484,45.63364552524288
0.8,K2_B1,p90_wait,94.30161955683029,9.099719831958934,91.7155080998558,96.88773101380478
0.8,K2_B1,post_registration_wait,41.10760331866117,4.664536875224862,39.78195676280428,42.43324987451806
0.8,K2_B1,registration_elapsed,3.2018561158770114,0.032442134271956406,3.1926361644193024,3.2110760673347203
0.8,K2_B1,mean_los,87.46892962827923,4.735467631145676,86.12312477701037,88.81473447954808
0.8,K2_B1,completed_by_close,15.811999999999998,0.27919222646722813,15.73265445652191,15.891345543478085
0.8,K2_B1,overtime,90.91205203711309,11.54049784616212,87.63227922539076,94.19182484883541
0.8,K2_B1,reprocessing_overtime,141.58885886552147,11.259221767006693,138.38902382158867,144.78869390945428
0.8,K2_B1,bypass_events,4.148666666666667,0.3462929696971598,4.050251305211439,4.247082028121896
0.8,K2_B1,max_bypasses,0.9540000000000002,0.033597591966405015,0.9444516711376192,0.9635483288623812
0.8,K2_B1,kit_unavailable_wait,28.02168040932252,3.906214652543298,26.91154661917382,29.131814199471222
0.8,K2_B1,mean_cycle_queue,9.9385574445403,0.3872677030572157,9.828497194083463,10.048617694997139
0.8,K2_B1,wait_routine,53.07681139361189,5.183912370740485,51.603559972525254,54.55006281469853
0.8,K2_B1,count_routine,9.958,0.41539588526681226,9.839945809551665,10.076054190448335
0.8,K2_B1,wait_restorative,32.397599890903514,5.015817678697802,30.97212044708385,33.82307933472318
0.8,K2_B1,count_restorative,5.333333333333334,0.29615832010411836,5.249166079962556,5.4175005867041115
0.8,K2_B1,wait_impression,26.589857546401394,5.342227564273432,25.071613450444616,28.10810164235817
0.8,K2_B1,count_impression,2.478666666666667,0.25614975778379806,2.4058697195585363,2.5514636137747972
0.8,K2_B1,wait_complex,27.067645746054954,6.382307786641506,25.2538141563171,28.881477335792805
0.8,K2_B1,count_complex,1.364,0.21112376140639758,1.3039992979679358,1.4240007020320644
0.8,K2_B1,util_chair,0.41888001007189396,0.008211149876961565,0.41654642737221936,0.42121359277156856
0.8,K2_B1,overtime_chair_minutes,131.36235855302408,16.182407559234743,126.76336975301852,135.96134735302965
0.8,K2_B1,util_dentist,0.689916982929335,0.014617735301857502,0.685762669012286,0.694071296846384
0.8,K2_B1,overtime_dentist_minutes,101.04968754802032,13.340265158698472,97.2584265858066,104.84094851023403
0.8,K2_B1,util_assistant,0.644368160381985,0.012103173177676832,0.6409284770292505,0.6478078437347194
0.8,K2_B1,overtime_assistant_minutes,160.79382694100212,18.64910922813348,155.49380936597066,166.09384451603358
0.8,K2_B1,util_frontdesk,0.21914425853919886,0.0030948416985487233,0.2182647143640002,0.22002380271439753
0.8,K2_B1,overtime_frontdesk_minutes,9.810886692078531,1.025051315055733,9.519570365993168,10.102203018163895
0.8,K2_B1,util_sterilizer,0.7537210814173221,0.008783898021242688,0.751224725515259,0.7562174373193852
0.8,K2_B1,overtime_sterilizer_minutes,121.68254758635207,9.130065909673737,119.08781187053206,124.27728330217208
0.8,K2_B1,maximum_wait,118.66291585973508,9.981718468830445,115.82614319318813,121.49968852628203
0.8,K2_B1,fraction_patients_worse_than_fifo,0.10894853974714656,0.02149934901439278,0.10283849308303457,0.11505858641125856
0.8,K2_B1,largest_patient_wait_increase,11.12395116521224,1.9260875114213278,10.576563215648315,11.671339114776165
0.8,K2_B1,twice_count,0.0,0.0,0.0,0.0
0.8,K2_B1,twice_wait_sum,0.0,0.0,0.0,0.0
0.8,K2_B1,twice_fifo_wait_sum,0.0,0.0,0.0,0.0
0.8,K2_B1,twice_worse_count,0.0,0.0,0.0,0.0
0.8,K2_B1,batch_count,16.671333333333333,0.3205020155164603,16.580247679091592,16.762418987575074
0.8,K2_B1,batch_fill_fraction,0.28768526884550494,0.003729689191859521,0.2866253030302777,0.28874523466073215
0.8,K2_B1,final_event_time,621.5888588655214,11.259221767006702,618.3890238215886,624.7886939094542
0.8,K2_B1,workload_dentist_minutes,763.3699911601818,16.095151737093225,758.7958001875264,767.9441821328372
0.8,K2_B1,workload_dentist_ratio,0.7951770741251895,0.01676578305947211,0.7904122918620068,0.7999418563883721
0.8,K2_B1,whole_run_util_dentist,0.6163503678424277,0.012083632931783935,0.6129162377654763,0.6197844979193791
0.8,K2_B1,workload_assistant_minutes,1088.6839778910607,20.220975554594528,1082.9372409015023,1094.4307148806192
0.8,K2_B1,workload_assistant_ratio,0.7560305402021253,0.014042344135135105,0.752039750626043,0.7600213297782077
0.8,K2_B1,whole_run_util_assistant,0.5861184688904969,0.010326601187952509,0.5831836816512264,0.5890532561297674
0.8,K2_B1,workload_chair_minutes,935.6119778910605,18.30666377326404,930.4092822259978,940.8146735561232
0.8,K2_B1,workload_chair_ratio,0.4872979051515941,0.009534720715241685,0.4845881678260406,0.4900076424771476
0.8,K2_B1,whole_run_util_chair,0.37775085618017923,0.0069103121275222055,0.3757869674347817,0.3797147449255768
0.8,K2_B1,workload_frontdesk_minutes,115.000130790894,1.7818840480512628,114.49372500733556,115.50653657445245
0.8,K2_B1,workload_frontdesk_ratio,0.2395836058143625,0.003712258433440132,0.2385285937652824,0.2406386178634426
0.8,K2_B1,whole_run_util_frontdesk,0.18582155345899395,0.0032432116517550477,0.18489984301461962,0.1867432639033683
0.8,K2_B1,workload_sterilizer_minutes,483.4686666666667,9.294558449977348,480.8271826936562,486.1101506396772
0.8,K2_B1,workload_sterilizer_ratio,1.007226388888889,0.019363663437452796,1.0017232972784504,1.0127294804993277
0.8,K2_B1,whole_run_util_sterilizer,0.7792637398120938,0.008478050170453635,0.7768543048972285,0.7816731747269592
0.8,K2_B1,kit_uses_per_stock_routine,4.979,0.20769794263340613,4.9199729047758325,5.038027095224168
0.8,K2_B1,kit_circulation_routine,91.21098262885187,0.9529651042738079,90.9401529747779,91.48181228292583
0.8,K2_B1,kit_uses_per_stock_restorative,2.666666666666667,0.14807916005205918,2.624583039981278,2.7087502933520557
0.8,K2_B1,kit_circulation_restorative,100.18758298341012,1.3407717860528745,99.80653990283948,100.56862606398077
0.8,K2_B1,kit_uses_per_stock_impression,1.2393333333333334,0.12807487889189903,1.2029348597792682,1.2757318068873986
0.8,K2_B1,kit_circulation_impression,98.25048270682726,1.9304892946231282,97.70184378446642,98.7991216291881
0.8,K2_B1,kit_uses_per_stock_complex,0.682,0.10556188070319879,0.6519996489839679,0.7120003510160322
0.8,K2_B1,kit_circulation_complex,110.52885106825224,3.2990321530647453,109.59127661480542,111.46642552169905
0.8,K2_B2,scheduled,22.0,0.0,22.0,22.0
0.8,K2_B2,attended,19.134,0.2868619806080397,19.052474736769874,19.215525263230127
0.8,K2_B2,completed,19.134,0.2868619806080397,19.052474736769874,19.215525263230127
0.8,K2_B2,mean_wait,40.785903592762004,4.214426889633048,39.58817686434303,41.983630321180975
0.8,K2_B2,p90_wait,93.3933584330174,9.100107818160948,90.80713671159732,95.97958015443747
0.8,K2_B2,post_registration_wait,37.579930480507954,4.220730350972907,36.380412328408845,38.779448632607064
0.8,K2_B2,registration_elapsed,3.2059731122540494,0.03130375500440837,3.1970766845663636,3.214869539941735
0.8,K2_B2,mean_los,83.9476175845887,4.29498642407082,82.72699609250388,85.16823907667352
0.8,K2_B2,completed_by_close,16.113333333333333,0.27709212430430763,16.03458463221574,16.192082034450927
0.8,K2_B2,overtime,85.93006765271618,11.734433227820274,82.59517902186089,89.26495628357146
0.8,K2_B2,reprocessing_overtime,135.68075902652123,11.192322796822399,132.49993645730723,138.86158159573523
0.8,K2_B2,bypass_events,5.915333333333334,0.6295162451818426,5.73642681708009,6.094239849586578
0.8,K2_B2,max_bypasses,1.649333333333333,0.10546087172431584,1.619361688748089,1.6793049779185771
0.8,K2_B2,kit_unavailable_wait,27.933228405424348,3.9566033017872964,26.808774321297616,29.05768248955108
0.8,K2_B2,mean_cycle_queue,9.972970919245292,0.35631844612858976,9.87170634924961,10.074235489240973
0.8,K2_B2,wait_routine,52.47626504322939,5.278697462976906,50.97607600015992,53.97645408629886
0.8,K2_B2,count_routine,9.958,0.41539588526681226,9.839945809551665,10.076054190448335
0.8,K2_B2,wait_restorative,24.654251516789255,3.631765366599974,23.622115341495,25.68638769208351
0.8,K2_B2,count_restorative,5.333333333333334,0.29615832010411836,5.249166079962556,5.4175005867041115
0.8,K2_B2,wait_impression,17.689706340158324,3.6024782348740727,16.665893474624912,18.713519205691735
0.8,K2_B2,count_impression,2.478666666666667,0.25614975778379806,2.4058697195585363,2.5514636137747972
0.8,K2_B2,wait_complex,18.273138114553674,4.606635067320785,16.963947068488892,19.582329160618457
0.8,K2_B2,count_complex,1.364,0.21112376140639758,1.3039992979679358,1.4240007020320644
0.8,K2_B2,util_chair,0.42722837887848747,0.007955044897978289,0.4249675803999282,0.4294891773570467
0.8,K2_B2,overtime_chair_minutes,115.3334904443644,13.99751327383995,111.3554416565879,119.3115392321409
0.8,K2_B2,util_dentist,0.7037998244211465,0.014142075911909009,0.6997806913910566,0.7078189574512365
0.8,K2_B2,overtime_dentist_minutes,87.72215971588119,11.267354597802512,84.52001334728266,90.92430608447972
0.8,K2_B2,util_assistant,0.6571274812217868,0.011636738102812544,0.6538203572349798,0.6604346052085938
0.8,K2_B2,overtime_assistant_minutes,142.42040493168767,16.45701583835004,137.74337333147346,147.09743653190188
0.8,K2_B2,util_frontdesk,0.22099775601615432,0.003185778919678016,0.2200923677717128,0.22190314426059585
0.8,K2_B2,overtime_frontdesk_minutes,8.921207903139921,0.9956777967473536,8.6382394376076,9.204176368672242
0.8,K2_B2,util_sterilizer,0.7587387300770928,0.007681372730361126,0.7565557083588295,0.7609217517953561
0.8,K2_B2,overtime_sterilizer_minutes,115.42674289632885,8.393214588418536,113.04141798426703,117.81206780839067
0.8,K2_B2,maximum_wait,119.3146638132675,9.592996930594351,116.58836457251488,122.04096305402012
0.8,K2_B2,fraction_patients_worse_than_fifo,0.12883618693254914,0.017794268696022266,0.12377911232002678,0.1338932615450715
0.8,K2_B2,largest_patient_wait_increase,15.757622487377974,2.243509717646307,15.12002415558519,16.395220819170756
0.8,K2_B2,twice_count,1.6393333333333333,0.30242331911672793,1.5533855871535855,1.725281079513081
0.8,K2_B2,twice_wait_sum,196.99964325526346,43.32175840948429,184.6877371935435,209.31154931698342
0.8,K2_B2,twice_fifo_wait_sum,185.13046204049584,40.70915994707405,173.561048158852,196.69987592213968
0.8,K2_B2,twice_worse_count,1.0633333333333335,0.2393538164164227,0.9953097393836473,1.1313569272830195
0.8,K2_B2,batch_count,16.538666666666668,0.2935713320202213,16.455234627087783,16.622098706245552
0.8,K2_B2,batch_fill_fraction,0.28987851078015553,0.0035516482653038016,0.28886914363043437,0.2908878779298767
0.8,K2_B2,final_event_time,615.6807590265213,11.192322796822406,612.4999364573073,618.8615815957353
0.8,K2_B2,workload_dentist_minutes,763.3699911601818,16.09515173709322,758.7958001875264,767.9441821328372
0.8,K2_B2,workload_dentist_ratio,0.7951770741251895,0.01676578305947211,0.7904122918620068,0.7999418563883721
0.8,K2_B2,whole_run_util_dentist,0.6222446313152635,0.012178923960880498,0.6187834198306816,0.6257058427998454
0.8,K2_B2,workload_assistant_minutes,1088.6839778910607,20.220975554594542,1082.9372409015023,1094.4307148806192
0.8,K2_B2,workload_assistant_ratio,0.7560305402021253,0.014042344135135113,0.752039750626043,0.7600213297782077
0.8,K2_B2,whole_run_util_assistant,0.5917150615474465,0.010430127349006967,0.5887508525022145,0.5946792705926784
0.8,K2_B2,workload_chair_minutes,935.6119778910605,18.30666377326404,930.4092822259978,940.8146735561232
0.8,K2_B2,workload_chair_ratio,0.4872979051515941,0.009534720715241685,0.4845881678260406,0.4900076424771476
0.8,K2_B2,whole_run_util_chair,0.38136082798778204,0.00695964609978319,0.3793829186842532,0.38333873729131085
0.8,K2_B2,workload_frontdesk_minutes,115.000130790894,1.7818840480512632,114.49372500733556,115.50653657445245
0.8,K2_B2,workload_frontdesk_ratio,0.2395836058143625,0.003712258433440134,0.2385285937652824,0.2406386178634426
0.8,K2_B2,whole_run_util_frontdesk,0.18757929742019308,0.003250501936455532,0.18665551510007566,0.1885030797403105
0.8,K2_B2,workload_sterilizer_minutes,479.6213333333333,8.513568628586414,477.20180418554565,482.040862481121
0.8,K2_B2,workload_sterilizer_ratio,0.9992111111111112,0.017736601309555046,0.9941704253865535,1.0042517968356688
0.8,K2_B2,whole_run_util_sterilizer,0.7805939644011456,0.008119689458308276,0.7782863744617875,0.7829015543405037
0.8,K2_B2,kit_uses_per_stock_routine,4.979,0.20769794263340613,4.9199729047758325,5.038027095224168
0.8,K2_B2,kit_circulation_routine,91.28136030285735,0.893906419556403,91.02731493928925,91.53540566642545
0.8,K2_B2,kit_uses_per_stock_restorative,2.666666666666667,0.14807916005205918,2.624583039981278,2.7087502933520557
0.8,K2_B2,kit_circulation_restorative,100.21867273608845,1.221074411919797,99.87164726884345,100.56569820333345
0.8,K2_B2,kit_uses_per_stock_impression,1.2393333333333334,0.12807487889189903,1.2029348597792682,1.2757318068873986
0.8,K2_B2,kit_circulation_impression,98.07524022021889,2.059974424671576,97.48980203540712,98.66067840503065
0.8,K2_B2,kit_uses_per_stock_complex,0.682,0.10556188070319879,0.6519996489839679,0.7120003510160322
0.8,K2_B2,kit_circulation_complex,110.62822673824435,3.042239391803791,109.7636319714504,111.49282150503831
0.8,K2_unlimited,scheduled,22.0,0.0,22.0,22.0
0.8,K2_unlimited,attended,19.134,0.2868619806080397,19.052474736769874,19.215525263230127
0.8,K2_unlimited,completed,19.134,0.2868619806080397,19.052474736769874,19.215525263230127
0.8,K2_unlimited,mean_wait,39.67284726252913,4.04544782974951,38.52314384590695,40.82255067915131
0.8,K2_unlimited,p90_wait,93.98284328638502,9.196409223205844,91.36925301170085,96.59643356106919
0.8,K2_unlimited,post_registration_wait,36.4633698425331,4.0500696430781025,35.31235292125123,37.61438676381496
0.8,K2_unlimited,registration_elapsed,3.209477419996034,0.03314806423060304,3.200056845487551,3.218897994504517
0.8,K2_unlimited,mean_los,82.83564178735631,4.120974704374315,81.66447387299314,84.00680970171948
0.8,K2_unlimited,completed_by_close,16.237333333333332,0.2862407847391291,16.155984611994967,16.318682054671697
0.8,K2_unlimited,overtime,84.82218113302034,11.773159176737146,81.47628671055547,88.1680755554852
0.8,K2_unlimited,reprocessing_overtime,134.21996275368676,11.221044131802639,131.0309776723489,137.4089478350246
0.8,K2_unlimited,bypass_events,6.633333333333334,0.840014037243688,6.394604013546392,6.872062653120276
0.8,K2_unlimited,max_bypasses,2.031333333333333,0.1919478859735246,1.9767823541576033,2.0858843125090627
0.8,K2_unlimited,kit_unavailable_wait,27.928137001360287,4.028670025312278,26.783201783438642,29.073072219281933
0.8,K2_unlimited,mean_cycle_queue,9.97586856060229,0.32337065908448587,9.883967646975178,10.067769474229403
0.8,K2_unlimited,wait_routine,52.65584677161662,5.4898938373974016,51.09563639012725,54.216057153106
0.8,K2_unlimited,count_routine,9.958,0.41539588526681226,9.839945809551665,10.076054190448335
0.8,K2_unlimited,wait_restorative,21.612460508792452,3.2372797846881824,20.692435882186803,22.5324851353981
0.8,K2_unlimited,count_restorative,5.333333333333334,0.29615832010411836,5.249166079962556,5.4175005867041115
0.8,K2_unlimited,wait_impression,14.599190562438269,2.4677061030978673,13.897876330405099,15.300504794471438
0.8,K2_unlimited,count_impression,2.478666666666667,0.25614975778379806,2.4058697195585363,2.5514636137747972
0.8,K2_unlimited,wait_complex,14.521627910764543,2.673085722033858,13.76194544373429,15.281310377794798
0.8,K2_unlimited,count_complex,1.364,0.21112376140639758,1.3039992979679358,1.4240007020320644
0.8,K2_unlimited,util_chair,0.43081754574533176,0.008017194321820527,0.42853908459802986,0.43309600689263367
0.8,K2_unlimited,overtime_chair_minutes,108.44229006002354,13.174082972410528,104.69825754701932,112.18632257302775
0.8,K2_unlimited,util_dentist,0.7098302224596382,0.014282010596526003,0.705771320436898,0.7138891244823784
0.8,K2_unlimited,overtime_dentist_minutes,81.93297759892921,10.581428271616325,78.92576931233191,84.94018588552652
0.8,K2_unlimited,util_assistant,0.6625344764745357,0.01175509553200023,0.6591937156824981,0.6658752372665733
0.8,K2_unlimited,overtime_assistant_minutes,134.63433176772915,15.609016772500514,130.19829880705495,139.07036472840335
0.8,K2_unlimited,util_frontdesk,0.22176676228660686,0.003237469935254516,0.22084668361981455,0.22268684095339916
0.8,K2_unlimited,overtime_frontdesk_minutes,8.552084893322712,0.953029478906315,8.28123694418278,8.822932842462645
0.8,K2_unlimited,util_sterilizer,0.7602847586847372,0.008145806791311617,0.7579697462823415,0.762599771087133
0.8,K2_unlimited,overtime_sterilizer_minutes,113.50531583132612,8.46657981131413,111.09914075607493,115.9114909065773
0.8,K2_unlimited,maximum_wait,121.3973429977189,9.967776858125063,118.56453249262742,124.23015350281037
0.8,K2_unlimited,fraction_patients_worse_than_fifo,0.13437409870544545,0.018585249144011096,0.1290922299633717,0.1396559674475192
0.8,K2_unlimited,largest_patient_wait_increase,18.20752562932769,2.777399932186705,17.41819739528667,18.996853863368713
0.8,K2_unlimited,twice_count,0.0,0.0,0.0,0.0
0.8,K2_unlimited,twice_wait_sum,0.0,0.0,0.0,0.0
0.8,K2_unlimited,twice_fifo_wait_sum,0.0,0.0,0.0,0.0
0.8,K2_unlimited,twice_worse_count,0.0,0.0,0.0,0.0
0.8,K2_unlimited,batch_count,16.498,0.29573000494989415,16.413954472434853,16.58204552756515
0.8,K2_unlimited,batch_fill_fraction,0.2905509307377922,0.0037724193057992535,0.28947882115998125,0.29162304031560315
0.8,K2_unlimited,final_event_time,614.2199627536868,11.221044131802625,611.030977672349,617.4089478350246
0.8,K2_unlimited,workload_dentist_minutes,763.3699911601818,16.09515173709322,758.7958001875264,767.9441821328372
0.8,K2_unlimited,workload_dentist_ratio,0.7951770741251895,0.01676578305947211,0.7904122918620068,0.7999418563883721
0.8,K2_unlimited,whole_run_util_dentist,0.6237116340625068,0.012517707975871064,0.6201541412375335,0.6272691268874802
0.8,K2_unlimited,workload_assistant_minutes,1088.6839778910607,20.220975554594542,1082.9372409015023,1094.4307148806192
0.8,K2_unlimited,workload_assistant_ratio,0.7560305402021253,0.01404234413513511,0.752039750626043,0.7600213297782077
0.8,K2_unlimited,whole_run_util_assistant,0.5930958461060928,0.010742084812882063,0.5900429797410406,0.596148712471145
0.8,K2_unlimited,workload_chair_minutes,935.6119778910605,18.306663773264034,930.4092822259978,940.8146735561232
0.8,K2_unlimited,workload_chair_ratio,0.4872979051515941,0.009534720715241685,0.4845881678260406,0.4900076424771476
0.8,K2_unlimited,whole_run_util_chair,0.38225381993003305,0.007170507624131809,0.3802159844514106,0.3842916554086555
0.8,K2_unlimited,workload_frontdesk_minutes,115.000130790894,1.781884048051263,114.49372500733556,115.50653657445245
0.8,K2_unlimited,workload_frontdesk_ratio,0.2395836058143625,0.003712258433440134,0.2385285937652824,0.2406386178634426
0.8,K2_unlimited,whole_run_util_frontdesk,0.18801104849237307,0.003299971029701221,0.18707320721316997,0.18894888977157617
0.8,K2_unlimited,workload_sterilizer_minutes,478.44199999999995,8.576170143546928,476.0046797006106,480.8793202993893
0.8,K2_unlimited,workload_sterilizer_ratio,0.9967541666666666,0.017867021132389437,0.9916764160429388,1.0018319172903944
0.8,K2_unlimited,whole_run_util_sterilizer,0.7805337144245529,0.00866817148246668,0.7780702476370265,0.7829971812120793
0.8,K2_unlimited,kit_uses_per_stock_routine,4.979,0.20769794263340613,4.9199729047758325,5.038027095224168
0.8,K2_unlimited,kit_circulation_routine,91.3003063634147,0.8722049297535669,91.05242849428038,91.54818423254903
0.8,K2_unlimited,kit_uses_per_stock_restorative,2.666666666666667,0.14807916005205918,2.624583039981278,2.7087502933520557
0.8,K2_unlimited,kit_circulation_restorative,100.13979148260775,1.2008150511879065,99.79852366129771,100.48105930391779
0.8,K2_unlimited,kit_uses_per_stock_impression,1.2393333333333334,0.12807487889189903,1.2029348597792682,1.2757318068873986
0.8,K2_unlimited,kit_circulation_impression,98.10893602550554,1.9621516125567804,97.55129877301205,98.66657327799903
0.8,K2_unlimited,kit_uses_per_stock_complex,0.682,0.10556188070319879,0.6519996489839679,0.7120003510160322
0.8,K2_unlimited,kit_circulation_complex,110.74953297664077,3.1745043075302335,109.84734894114047,111.65171701214106
0.8,K50_B2,scheduled,22.0,0.0,22.0,22.0
0.8,K50_B2,attended,19.134,0.2868619806080397,19.052474736769874,19.215525263230127
0.8,K50_B2,completed,19.134,0.2868619806080397,19.052474736769874,19.215525263230127
0.8,K50_B2,mean_wait,13.446900062407689,1.9269243396088782,12.899274288932334,13.994525835883044
0.8,K50_B2,p90_wait,27.34457480150318,3.564804668782127,26.331468643725024,28.35768095928134
0.8,K50_B2,post_registration_wait,10.217655708374119,1.927706393424983,9.669807677689626,10.765503739058612
0.8,K50_B2,registration_elapsed,3.22924435403357,0.03576209699011249,3.2190808797223336,3.2394078283448065
0.8,K50_B2,mean_los,56.63451568097162,2.3092924257106002,55.978222112607,57.290809249336235
0.8,K50_B2,completed_by_close,17.934,0.24453111223852025,17.864505035031325,18.003494964968677
0.8,K50_B2,overtime,18.732067389332286,3.9843471753128417,17.59972858452072,19.864406194143854
0.8,K50_B2,reprocessing_overtime,70.50363567989352,5.2074717599587315,69.02368875526372,71.98358260452332
0.8,K50_B2,bypass_events,0.0,0.0,0.0,0.0
0.8,K50_B2,max_bypasses,0.0,0.0,0.0,0.0
0.8,K50_B2,kit_unavailable_wait,0.0,0.0,0.0,0.0
0.8,K50_B2,mean_cycle_queue,11.372008433058026,0.3807576647907835,11.26379831478735,11.480218551328703
0.8,K50_B2,wait_routine,13.860555372536846,2.1138498171779445,13.259805972392897,14.461304772680794
0.8,K50_B2,count_routine,9.958,0.41539588526681226,9.839945809551665,10.076054190448335
0.8,K50_B2,wait_restorative,12.851572896145145,2.0420794994196667,12.2712203922192,13.431925400071089
0.8,K50_B2,count_restorative,5.333333333333334,0.29615832010411836,5.249166079962556,5.4175005867041115
0.8,K50_B2,wait_impression,13.469266789903354,2.5871013816732447,12.734020799141964,14.204512780664745
0.8,K50_B2,count_impression,2.478666666666667,0.25614975778379806,2.4058697195585363,2.5514636137747972
0.8,K50_B2,wait_complex,13.692553279434883,2.9607296200558033,12.851123330730434,14.53398322813933
0.8,K50_B2,count_complex,1.364,0.21112376140639758,1.3039992979679358,1.4240007020320644
0.8,K50_B2,util_chair,0.4703955916488259,0.006899361124892287,0.46843481514357305,0.4723563681540787
0.8,K50_B2,overtime_chair_minutes,32.452441925314794,7.29736540015628,30.3785538699052,34.526329980724384
0.8,K50_B2,util_dentist,0.7731302102682132,0.012811321834945207,0.7694892733176074,0.7767711472188189
0.8,K50_B2,overtime_dentist_minutes,21.164989302697172,5.7292697232135295,19.53674905520485,22.793229550189494
0.8,K50_B2,util_assistant,0.7245185803427155,0.009866806213630508,0.7217144653739007,0.7273226953115304
0.8,K50_B2,overtime_assistant_minutes,45.377222197550125,8.81611910287567,42.8717091664868,47.88273522861345
0.8,K50_B2,util_frontdesk,0.2324469396126884,0.0031439541621052715,0.2315534378314283,0.2333404413939485
0.8,K50_B2,overtime_frontdesk_minutes,3.425599776803551,0.6299712392743155,3.2465639526752152,3.6046356009318865
0.8,K50_B2,util_sterilizer,0.7893312575960932,0.007787842751358383,0.7871179774362284,0.7915445377559581
0.8,K50_B2,overtime_sterilizer_minutes,67.97232968720856,5.020416604187084,66.54554324338041,69.3991161310367
0.8,K50_B2,maximum_wait,35.617341201588594,3.779813266064374,34.54313028376862,36.69155211940857
0.8,K50_B2,fraction_patients_worse_than_fifo,0.002115562599308729,0.002773028108509476,0.0013274768236629466,0.0029036483749545114
0.8,K50_B2,largest_patient_wait_increase,0.039900211649670975,0.044700349914842355,0.02719651426334639,0.05260390903599556
0.8,K50_B2,twice_count,0.0,0.0,0.0,0.0
0.8,K50_B2,twice_wait_sum,0.0,0.0,0.0,0.0
0.8,K50_B2,twice_fifo_wait_sum,0.0,0.0,0.0,0.0
0.8,K50_B2,twice_worse_count,0.0,0.0,0.0,0.0
0.8,K50_B2,batch_count,15.408666666666665,0.21726082843829944,15.346921829687975,15.470411503645355
0.8,K50_B2,batch_fill_fraction,0.31068908556828445,0.0026271697707319023,0.3099424522686915,0.3114357188678774
0.8,K50_B2,final_event_time,550.4924756366378,5.211764545665243,549.0113087159529,551.9736425573227
0.8,K50_B2,workload_dentist_minutes,763.3699911601818,16.09515173709322,758.7958001875264,767.9441821328372
0.8,K50_B2,workload_dentist_ratio,0.7951770741251895,0.016765783059472107,0.7904122918620068,0.7999418563883721
0.8,K50_B2,whole_run_util_dentist,0.6924323496511788,0.009644228005152376,0.6896914907018512,0.6951732086005065
0.8,K50_B2,workload_assistant_minutes,1088.6839778910607,20.22097555459453,1082.9372409015023,1094.4307148806192
0.8,K50_B2,workload_assistant_ratio,0.7560305402021253,0.014042344135135111,0.752039750626043,0.7600213297782077
0.8,K50_B2,whole_run_util_assistant,0.6586777248527806,0.007842008706301947,0.6564490509006623,0.660906398804899
0.8,K50_B2,workload_chair_minutes,935.6119778910605,18.306663773264034,930.4092822259978,940.8146735561232
0.8,K50_B2,workload_chair_ratio,0.4872979051515941,0.009534720715241684,0.4845881678260406,0.4900076424771476
0.8,K50_B2,whole_run_util_chair,0.4244643208221621,0.005360268802751208,0.42294094946356575,0.4259876921807585
0.8,K50_B2,workload_frontdesk_minutes,115.000130790894,1.7818840480512614,114.49372500733557,115.50653657445244
0.8,K50_B2,workload_frontdesk_ratio,0.2395836058143625,0.0037122584334401314,0.2385285937652824,0.2406386178634426
0.8,K50_B2,whole_run_util_frontdesk,0.20899411526173647,0.0024813431431097584,0.20828892542627098,0.20969930509720197
0.8,K50_B2,workload_sterilizer_minutes,446.8513333333334,6.3005640247106856,445.0607330609514,448.6419336057154
0.8,K50_B2,workload_sterilizer_ratio,0.9309402777777778,0.013126175051480577,0.9272098605436486,0.9346706950119069
0.8,K50_B2,whole_run_util_sterilizer,0.8115522619290529,0.007065052823025664,0.8095443963697654,0.8135601274883405
0.8,K50_B2,kit_uses_per_stock_routine,0.19915999999999998,0.008307917705336246,0.1967989161910333,0.20152108380896666
0.8,K50_B2,kit_circulation_routine,93.27742023020136,0.8471992323544678,93.03664890079877,93.51819155960395
0.8,K50_B2,kit_uses_per_stock_restorative,0.10666666666666667,0.005923166402082368,0.10498332159925111,0.10835001173408224
0.8,K50_B2,kit_circulation_restorative,100.83958151400795,1.2768504910056917,100.47670466234531,101.20245836567058
0.8,K50_B2,kit_uses_per_stock_impression,0.04957333333333333,0.005122995155675962,0.048117394391170715,0.051029272275495946
0.8,K50_B2,kit_circulation_impression,98.42089625497296,2.237579080744274,97.78498339133994,99.05680911860598
0.8,K50_B2,kit_uses_per_stock_complex,0.027280000000000002,0.004222475228127951,0.026079985959358717,0.028480014040641287
0.8,K50_B2,kit_circulation_complex,110.7414452977366,3.1749639096299234,109.83913064478021,111.643759950693
0.8,K50_FCFS,scheduled,22.0,0.0,22.0,22.0
0.8,K50_FCFS,attended,19.134,0.2868619806080397,19.052474736769874,19.215525263230127
0.8,K50_FCFS,completed,19.134,0.2868619806080397,19.052474736769874,19.215525263230127
0.8,K50_FCFS,mean_wait,13.446900062407689,1.9269243396088782,12.899274288932334,13.994525835883044
0.8,K50_FCFS,p90_wait,27.34457480150318,3.564804668782127,26.331468643725024,28.35768095928134
0.8,K50_FCFS,post_registration_wait,10.217655708374119,1.927706393424983,9.669807677689626,10.765503739058612
0.8,K50_FCFS,registration_elapsed,3.22924435403357,0.03576209699011249,3.2190808797223336,3.2394078283448065
0.8,K50_FCFS,mean_los,56.63451568097162,2.3092924257106002,55.978222112607,57.290809249336235
0.8,K50_FCFS,completed_by_close,17.934,0.24453111223852025,17.864505035031325,18.003494964968677
0.8,K50_FCFS,overtime,18.732067389332286,3.9843471753128417,17.59972858452072,19.864406194143854
0.8,K50_FCFS,reprocessing_overtime,70.50363567989352,5.2074717599587315,69.02368875526372,71.98358260452332
0.8,K50_FCFS,bypass_events,0.0,0.0,0.0,0.0
0.8,K50_FCFS,max_bypasses,0.0,0.0,0.0,0.0
0.8,K50_FCFS,kit_unavailable_wait,0.0,0.0,0.0,0.0
0.8,K50_FCFS,mean_cycle_queue,11.372008433058026,0.3807576647907835,11.26379831478735,11.480218551328703
0.8,K50_FCFS,wait_routine,13.860555372536846,2.1138498171779445,13.259805972392897,14.461304772680794
0.8,K50_FCFS,count_routine,9.958,0.41539588526681226,9.839945809551665,10.076054190448335
0.8,K50_FCFS,wait_restorative,12.851572896145145,2.0420794994196667,12.2712203922192,13.431925400071089
0.8,K50_FCFS,count_restorative,5.333333333333334,0.29615832010411836,5.249166079962556,5.4175005867041115
0.8,K50_FCFS,wait_impression,13.469266789903354,2.5871013816732447,12.734020799141964,14.204512780664745
0.8,K50_FCFS,count_impression,2.478666666666667,0.25614975778379806,2.4058697195585363,2.5514636137747972
0.8,K50_FCFS,wait_complex,13.692553279434883,2.9607296200558033,12.851123330730434,14.53398322813933
0.8,K50_FCFS,count_complex,1.364,0.21112376140639758,1.3039992979679358,1.4240007020320644
0.8,K50_FCFS,util_chair,0.4703955916488259,0.006899361124892287,0.46843481514357305,0.4723563681540787
0.8,K50_FCFS,overtime_chair_minutes,32.452441925314794,7.29736540015628,30.3785538699052,34.526329980724384
0.8,K50_FCFS,util_dentist,0.7731302102682132,0.012811321834945207,0.7694892733176074,0.7767711472188189
0.8,K50_FCFS,overtime_dentist_minutes,21.164989302697172,5.7292697232135295,19.53674905520485,22.793229550189494
0.8,K50_FCFS,util_assistant,0.7245185803427155,0.009866806213630508,0.7217144653739007,0.7273226953115304
0.8,K50_FCFS,overtime_assistant_minutes,45.377222197550125,8.81611910287567,42.8717091664868,47.88273522861345
0.8,K50_FCFS,util_frontdesk,0.2324469396126884,0.0031439541621052715,0.2315534378314283,0.2333404413939485
0.8,K50_FCFS,overtime_frontdesk_minutes,3.425599776803551,0.6299712392743155,3.2465639526752152,3.6046356009318865
0.8,K50_FCFS,util_sterilizer,0.7893312575960932,0.007787842751358383,0.7871179774362284,0.7915445377559581
0.8,K50_FCFS,overtime_sterilizer_minutes,67.97232968720856,5.020416604187084,66.54554324338041,69.3991161310367
0.8,K50_FCFS,maximum_wait,35.617341201588594,3.779813266064374,34.54313028376862,36.69155211940857
0.8,K50_FCFS,fraction_patients_worse_than_fifo,0.002115562599308729,0.002773028108509476,0.0013274768236629466,0.0029036483749545114
0.8,K50_FCFS,largest_patient_wait_increase,0.039900211649670975,0.044700349914842355,0.02719651426334639,0.05260390903599556
0.8,K50_FCFS,twice_count,0.0,0.0,0.0,0.0
0.8,K50_FCFS,twice_wait_sum,0.0,0.0,0.0,0.0
0.8,K50_FCFS,twice_fifo_wait_sum,0.0,0.0,0.0,0.0
0.8,K50_FCFS,twice_worse_count,0.0,0.0,0.0,0.0
0.8,K50_FCFS,batch_count,15.408666666666665,0.21726082843829944,15.346921829687975,15.470411503645355
0.8,K50_FCFS,batch_fill_fraction,0.31068908556828445,0.0026271697707319023,0.3099424522686915,0.3114357188678774
0.8,K50_FCFS,final_event_time,550.4924756366378,5.211764545665243,549.0113087159529,551.9736425573227
0.8,K50_FCFS,workload_dentist_minutes,763.3699911601818,16.09515173709322,758.7958001875264,767.9441821328372
0.8,K50_FCFS,workload_dentist_ratio,0.7951770741251895,0.016765783059472107,0.7904122918620068,0.7999418563883721
0.8,K50_FCFS,whole_run_util_dentist,0.6924323496511788,0.009644228005152376,0.6896914907018512,0.6951732086005065
0.8,K50_FCFS,workload_assistant_minutes,1088.6839778910607,20.22097555459453,1082.9372409015023,1094.4307148806192
0.8,K50_FCFS,workload_assistant_ratio,0.7560305402021253,0.014042344135135111,0.752039750626043,0.7600213297782077
0.8,K50_FCFS,whole_run_util_assistant,0.6586777248527806,0.007842008706301947,0.6564490509006623,0.660906398804899
0.8,K50_FCFS,workload_chair_minutes,935.6119778910605,18.306663773264034,930.4092822259978,940.8146735561232
0.8,K50_FCFS,workload_chair_ratio,0.4872979051515941,0.009534720715241684,0.4845881678260406,0.4900076424771476
0.8,K50_FCFS,whole_run_util_chair,0.4244643208221621,0.005360268802751208,0.42294094946356575,0.4259876921807585
0.8,K50_FCFS,workload_frontdesk_minutes,115.000130790894,1.7818840480512614,114.49372500733557,115.50653657445244
0.8,K50_FCFS,workload_frontdesk_ratio,0.2395836058143625,0.0037122584334401314,0.2385285937652824,0.2406386178634426
0.8,K50_FCFS,whole_run_util_frontdesk,0.20899411526173647,0.0024813431431097584,0.20828892542627098,0.20969930509720197
0.8,K50_FCFS,workload_sterilizer_minutes,446.8513333333334,6.3005640247106856,445.0607330609514,448.6419336057154
0.8,K50_FCFS,workload_sterilizer_ratio,0.9309402777777778,0.013126175051480577,0.9272098605436486,0.9346706950119069
0.8,K50_FCFS,whole_run_util_sterilizer,0.8115522619290529,0.007065052823025664,0.8095443963697654,0.8135601274883405
0.8,K50_FCFS,kit_uses_per_stock_routine,0.19915999999999998,0.008307917705336246,0.1967989161910333,0.20152108380896666
0.8,K50_FCFS,kit_circulation_routine,93.27742023020136,0.8471992323544678,93.03664890079877,93.51819155960395
0.8,K50_FCFS,kit_uses_per_stock_restorative,0.10666666666666667,0.005923166402082368,0.10498332159925111,0.10835001173408224
0.8,K50_FCFS,kit_circulation_restorative,100.83958151400795,1.2768504910056917,100.47670466234531,101.20245836567058
0.8,K50_FCFS,kit_uses_per_stock_impression,0.04957333333333333,0.005122995155675962,0.048117394391170715,0.051029272275495946
0.8,K50_FCFS,kit_circulation_impression,98.42089625497296,2.237579080744274,97.78498339133994,99.05680911860598
0.8,K50_FCFS,kit_uses_per_stock_complex,0.027280000000000002,0.004222475228127951,0.026079985959358717,0.028480014040641287
0.8,K50_FCFS,kit_circulation_complex,110.7414452977366,3.1749639096299234,109.83913064478021,111.643759950693
1.0,K2_B0,scheduled,28.0,0.0,28.0,28.0
1.0,K2_B0,attended,24.438000000000002,0.38397668580018685,24.328875046188628,24.547124953811377
1.0,K2_B0,completed,24.438000000000002,0.38397668580018685,24.328875046188628,24.547124953811377
1.0,K2_B0,mean_wait,127.94457191003747,8.399717325184609,125.55739894085268,130.33174487922224
1.0,K2_B0,p90_wait,234.8400913904844,14.418845869391559,230.74230121806372,238.93788156290506
1.0,K2_B0,post_registration_wait,124.69140565731773,8.403025527133599,122.30329250765264,127.07951880698282
1.0,K2_B0,registration_elapsed,3.2531662527197267,0.043171691352953505,3.2408969952385536,3.2654355102009
1.0,K2_B0,mean_los,171.09974196865633,8.516601278623241,168.6793509513661,173.52013298594656
1.0,K2_B0,completed_by_close,15.186,0.3048429951641996,15.099364589577387,15.272635410422613
1.0,K2_B0,overtime,257.2106233664684,15.235568540639969,252.88072320645574,261.540523526481
1.0,K2_B0,reprocessing_overtime,310.4167226610622,15.370720786928318,306.0484126621736,314.7850326599508
1.0,K2_B0,bypass_events,0.0,0.0,0.0,0.0
1.0,K2_B0,max_bypasses,0.0,0.0,0.0,0.0
1.0,K2_B0,kit_unavailable_wait,62.30100588927667,5.566347819476602,60.71906752905415,63.88294424949918
1.0,K2_B0,mean_cycle_queue,10.083101545619963,0.34001485294454425,9.986470404993725,10.1797326862462
1.0,K2_B0,wait_routine,129.31543696301893,8.808989855726585,126.81195004133835,131.8189238846995
1.0,K2_B0,count_routine,12.716000000000001,0.5138551989937241,12.569963985498058,12.862036014501944
1.0,K2_B0,wait_restorative,126.38982205831668,9.789114373996135,123.60778686341824,129.17185725321514
1.0,K2_B0,count_restorative,6.846,0.42962252059695577,6.723902645003647,6.968097354996353
1.0,K2_B0,wait_impression,125.46119304099815,13.532806357041155,121.61521248211898,129.30717359987733
1.0,K2_B0,count_impression,3.1919999999999997,0.3503519448508471,3.0924310907056767,3.2915689092943228
1.0,K2_B0,wait_complex,120.04546248551151,15.19360467297192,115.7274883233273,124.36343664769572
1.0,K2_B0,count_complex,1.6840000000000002,0.2331135991601062,1.6177498559629029,1.7502501440370974
1.0,K2_B0,util_chair,0.4020089681910599,0.00799027785714768,0.39973815661747647,0.40427977976464335
1.0,K2_B0,overtime_chair_minutes,422.839966881488,24.52906853951056,415.8688835569056,429.81105020607043
1.0,K2_B0,util_dentist,0.6621069700956734,0.013857681365807934,0.6581686610917683,0.6660452790995786
1.0,K2_B0,overtime_dentist_minutes,339.023560441437,20.547181427196982,333.18411677957994,344.86300410329403
1.0,K2_B0,util_assistant,0.6185672266248102,0.0121507280572207,0.6151140283264407,0.6220204249231798
1.0,K2_B0,overtime_assistant_minutes,499.4643794685963,28.145649635718936,491.4654752901087,507.46328364708387
1.0,K2_B0,util_frontdesk,0.24807315490554202,0.0035375660964540034,0.24706778986345426,0.24907851994762978
1.0,K2_B0,overtime_frontdesk_minutes,27.617826956979,1.608978420154081,27.160560403368034,28.075093510589962
1.0,K2_B0,util_sterilizer,0.7268849938744864,0.010201484293559842,0.7239857644589758,0.7297842232899969
1.0,K2_B0,overtime_sterilizer_minutes,266.5912029402465,11.559640688564416,263.30598979355017,269.8764160869428
1.0,K2_B0,maximum_wait,266.76747445914685,15.053001978685801,262.4894591358379,271.04548978245583
1.0,K2_B0,fraction_patients_worse_than_fifo,0.0,0.0,0.0,0.0
1.0,K2_B0,largest_patient_wait_increase,0.0,0.0,0.0,0.0
1.0,K2_B0,twice_count,0.0,0.0,0.0,0.0
1.0,K2_B0,twice_wait_sum,0.0,0.0,0.0,0.0
1.0,K2_B0,twice_fifo_wait_sum,0.0,0.0,0.0,0.0
1.0,K2_B0,twice_worse_count,0.0,0.0,0.0,0.0
1.0,K2_B0,batch_count,21.224,0.3576846683818933,21.12234715398184,21.325652846018162
1.0,K2_B0,batch_fill_fraction,0.2886199040811187,0.0027919643571583637,0.28782643668378705,0.28941337147845037
1.0,K2_B0,final_event_time,790.4167226610622,15.370720786928315,786.0484126621735,794.7850326599508
1.0,K2_B0,workload_dentist_minutes,974.6462517332835,18.37199544032669,969.4249890160683,979.8675144504988
1.0,K2_B0,workload_dentist_ratio,1.0152565122221704,0.019137495250340315,1.0098176968917378,1.020695327552603
1.0,K2_B0,whole_run_util_dentist,0.6191103811844291,0.008749837767895216,0.6166237050981225,0.6215970572707357
1.0,K2_B0,workload_assistant_minutes,1390.2011858083233,23.621164393971508,1383.488125956548,1396.9142456600987
1.0,K2_B0,workload_assistant_ratio,0.9654174901446687,0.01640358638470243,0.9607556430253803,0.9700793372639571
1.0,K2_B0,whole_run_util_assistant,0.5888185228776915,0.007732501193761024,0.5866209706126182,0.5910160751427649
1.0,K2_B0,workload_chair_minutes,1194.6971858083232,20.979888714209025,1188.734768110658,1200.6596035059883
1.0,K2_B0,workload_chair_ratio,0.6222381176085016,0.010927025371983885,0.619132691724301,0.6253435434927022
1.0,K2_B0,whole_run_util_chair,0.37948119110428513,0.005088142519909892,0.37803515717044417,0.3809272250381261
1.0,K2_B0,workload_frontdesk_minutes,146.69294131163917,2.5024708654423007,145.9817470446315,147.40413557864684
1.0,K2_B0,workload_frontdesk_ratio,0.30561029439924825,0.005213480969671465,0.3041286396763156,0.3070919491221809
1.0,K2_B0,whole_run_util_frontdesk,0.18646903230448267,0.002786611958260246,0.18567708604190772,0.18726097856705762
1.0,K2_B0,workload_sterilizer_minutes,615.496,10.37285538307491,612.5480674654733,618.4439325345267
1.0,K2_B0,workload_sterilizer_ratio,1.2822833333333334,0.021610115381406062,1.2761418072197361,1.2884248594469307
1.0,K2_B0,whole_run_util_sterilizer,0.7803725807146351,0.007536284781469656,0.7782307925303514,0.7825143688989188
1.0,K2_B0,kit_uses_per_stock_routine,6.3580000000000005,0.25692759949686206,6.284981992749029,6.431018007250972
1.0,K2_B0,kit_circulation_routine,90.69108811557355,0.7370318673394969,90.48162600119198,90.90055022995512
1.0,K2_B0,kit_uses_per_stock_restorative,3.423,0.21481126029847789,3.3619513225018234,3.4840486774981767
1.0,K2_B0,kit_circulation_restorative,101.01221077308583,1.0179696885974139,100.72290702273423,101.30151452343742
1.0,K2_B0,kit_uses_per_stock_impression,1.5959999999999999,0.17517597242542354,1.5462155453528383,1.6457844546471614
1.0,K2_B0,kit_circulation_impression,98.95175482736245,1.535643067776979,98.51532994783442,99.38817970689048
1.0,K2_B0,kit_uses_per_stock_complex,0.8420000000000001,0.1165567995800531,0.8088749279814514,0.8751250720185487
1.0,K2_B0,kit_circulation_complex,111.82896085409443,1.7885736135799635,111.32065391727244,112.33726779091643
1.0,K2_B0,head_kit_blocked_dentist_idle,174.6968812896634,10.896882367293495,171.60002195160018,177.7937406277266
1.0,K2_B0,head_kit_blocked_other_resources_ready,163.91605856388367,10.835542747853248,160.83663175072564,166.9954853770417
1.0,K2_B0,head_kit_blocked_ready_alternative,137.86473330027485,9.046368287566882,135.29378418266327,140.43568241788643
1.0,K2_B1,scheduled,28.0,0.0,28.0,28.0
1.0,K2_B1,attended,24.438000000000002,0.38397668580018685,24.328875046188628,24.547124953811377
1.0,K2_B1,completed,24.438000000000002,0.38397668580018685,24.328875046188628,24.547124953811377
1.0,K2_B1,mean_wait,103.69998234124031,7.426632396499867,101.58935701628548,105.81060766619515
1.0,K2_B1,p90_wait,202.3814270207849,12.95293712102672,198.70024345593376,206.06261058563607
1.0,K2_B1,post_registration_wait,100.43309074698804,7.428277413843864,98.32199791333198,102.5441835806441
1.0,K2_B1,registration_elapsed,3.2668915942522654,0.04218340478178515,3.2549032046738047,3.278879983830726
1.0,K2_B1,mean_los,146.8674639206752,7.538403707511527,144.72507354434447,149.00985429700592
1.0,K2_B1,completed_by_close,16.394666666666666,0.3051604536867956,16.307941035540825,16.481392297792507
1.0,K2_B1,overtime,222.23521526044328,14.757691092516186,218.04112635247407,226.4293041684125
1.0,K2_B1,reprocessing_overtime,273.18031309664843,14.775218169054765,268.9812430492287,277.3793831440682
1.0,K2_B1,bypass_events,7.997333333333333,0.5889704303277488,7.8299498088054245,8.16471685786124
1.0,K2_B1,max_bypasses,1.0,0.0,1.0,1.0
1.0,K2_B1,kit_unavailable_wait,60.7593786917516,5.71787832008071,59.1343758448273,62.3843815386759
1.0,K2_B1,mean_cycle_queue,10.498936762849164,0.3975591854688495,10.385951705797675,10.611921819900653
1.0,K2_B1,wait_routine,116.2625479832983,8.433604318184553,113.86574443839713,118.65935152819948
1.0,K2_B1,count_routine,12.716000000000001,0.5138551989937241,12.569963985498058,12.862036014501944
1.0,K2_B1,wait_restorative,89.21706367590077,7.77627735589979,87.00707036466994,91.4270569871316
1.0,K2_B1,count_restorative,6.846,0.42962252059695577,6.723902645003647,6.968097354996353
1.0,K2_B1,wait_impression,78.03776563621986,10.876532135963613,74.94668976922677,81.12884150321295
1.0,K2_B1,count_impression,3.1919999999999997,0.3503519448508471,3.0924310907056767,3.2915689092943228
1.0,K2_B1,wait_complex,74.34447457864616,10.329945147685834,71.40873699664661,77.2802121606457
1.0,K2_B1,count_complex,1.6840000000000002,0.2331135991601062,1.6177498559629029,1.7502501440370974
1.0,K2_B1,util_chair,0.4354682501097993,0.008127706392715615,0.43315838178316074,0.4377781184364378
1.0,K2_B1,overtime_chair_minutes,358.5981455975085,23.401000136593527,351.9476557279893,365.2486354670277
1.0,K2_B1,util_dentist,0.7176907277337707,0.014255956360262527,0.7136392302421752,0.7217422252253662
1.0,K2_B1,overtime_dentist_minutes,285.6631531088636,19.443593934939365,280.1373455050616,291.18896071266556
1.0,K2_B1,util_assistant,0.6697354418564193,0.012144852814623863,0.666283913283324,0.6731869704295146
1.0,K2_B1,overtime_assistant_minutes,425.7821495350794,26.860017358356945,418.148617964028,433.41568110613076
1.0,K2_B1,util_frontdesk,0.25566709854323716,0.0035310726292332026,0.25466357892389707,0.25667061816257725
1.0,K2_B1,overtime_frontdesk_minutes,23.97273401088532,1.5196010864056972,23.54086821148096,24.404599810289678
1.0,K2_B1,util_sterilizer,0.7665932102204296,0.008420047509714266,0.7642002594774117,0.7689861609634475
1.0,K2_B1,overtime_sterilizer_minutes,235.66059242752715,11.504711539064939,232.39098997055154,238.93019488450275
1.0,K2_B1,maximum_wait,239.5370190279772,14.402042623401154,235.44400428466562,243.6300337712888
1.0,K2_B1,fraction_patients_worse_than_fifo,0.14255433515519708,0.030832150805596013,0.133791935882037,0.15131673442835716
1.0,K2_B1,largest_patient_wait_increase,13.76533007158684,2.7738469700665465,12.977011578088913,14.553648565084767
1.0,K2_B1,twice_count,0.0,0.0,0.0,0.0
1.0,K2_B1,twice_wait_sum,0.0,0.0,0.0,0.0
1.0,K2_B1,twice_fifo_wait_sum,0.0,0.0,0.0,0.0
1.0,K2_B1,twice_worse_count,0.0,0.0,0.0,0.0
1.0,K2_B1,batch_count,20.814666666666668,0.37429661925226315,20.708292757004582,20.921040576328753
1.0,K2_B1,batch_fill_fraction,0.29433405275041624,0.003352796929965294,0.2933811985182409,0.2952869069825916
1.0,K2_B1,final_event_time,753.1803130966484,14.775218169054757,748.9812430492287,757.3793831440681
1.0,K2_B1,workload_dentist_minutes,974.6462517332835,18.371995440326693,969.4249890160683,979.8675144504988
1.0,K2_B1,workload_dentist_ratio,1.0152565122221704,0.019137495250340315,1.0098176968917378,1.020695327552603
1.0,K2_B1,whole_run_util_dentist,0.6502738369745669,0.010313016698285025,0.6473429104040878,0.653204763545046
1.0,K2_B1,workload_assistant_minutes,1390.2011858083233,23.62116439397149,1383.488125956548,1396.9142456600987
1.0,K2_B1,workload_assistant_ratio,0.9654174901446687,0.016403586384702438,0.9607556430253803,0.9700793372639571
1.0,K2_B1,whole_run_util_assistant,0.618409148051689,0.009156859844973268,0.6158067975846091,0.6210114985187689
1.0,K2_B1,workload_chair_minutes,1194.6971858083232,20.97988871420901,1188.734768110658,1200.6596035059883
1.0,K2_B1,workload_chair_ratio,0.6222381176085016,0.010927025371983888,0.619132691724301,0.6253435434927022
1.0,K2_B1,whole_run_util_chair,0.39856446125952666,0.0060167507573569146,0.39685451981575687,0.40027440270329645
1.0,K2_B1,workload_frontdesk_minutes,146.69294131163917,2.5024708654423002,145.9817470446315,147.40413557864684
1.0,K2_B1,workload_frontdesk_ratio,0.30561029439924825,0.0052134809696714616,0.3041286396763156,0.3070919491221809
1.0,K2_B1,whole_run_util_frontdesk,0.19579279251104226,0.0031532069382008854,0.19489666112022147,0.19668892390186304
1.0,K2_B1,workload_sterilizer_minutes,603.6253333333333,10.85460195831563,600.5404899531328,606.7101767135338
1.0,K2_B1,workload_sterilizer_ratio,1.2575527777777777,0.022613754079824216,1.2511260207356933,1.2639795348198621
1.0,K2_B1,whole_run_util_sterilizer,0.8033314386918526,0.006679578010819941,0.8014331238491398,0.8052297535345655
1.0,K2_B1,kit_uses_per_stock_routine,6.3580000000000005,0.25692759949686206,6.284981992749029,6.431018007250972
1.0,K2_B1,kit_circulation_routine,91.5046798053882,0.7897971001765379,91.28022197952433,91.72913763125206
1.0,K2_B1,kit_uses_per_stock_restorative,3.423,0.21481126029847789,3.3619513225018234,3.4840486774981767
1.0,K2_B1,kit_circulation_restorative,101.03743626291798,1.1807699624250938,100.70186519213024,101.37300733370571
1.0,K2_B1,kit_uses_per_stock_impression,1.5959999999999999,0.17517597242542354,1.5462155453528383,1.6457844546471614
1.0,K2_B1,kit_circulation_impression,98.94221547657466,2.0485482927393313,98.36002456214534,99.52440639100398
1.0,K2_B1,kit_uses_per_stock_complex,0.8420000000000001,0.1165567995800531,0.8088749279814514,0.8751250720185487
1.0,K2_B1,kit_circulation_complex,111.34284554083642,1.6480111224372864,110.87448601728404,111.8112050643888
1.0,K2_B2,scheduled,28.0,0.0,28.0,28.0
1.0,K2_B2,attended,24.438000000000002,0.38397668580018685,24.328875046188628,24.547124953811377
1.0,K2_B2,completed,24.438000000000002,0.38397668580018685,24.328875046188628,24.547124953811377
1.0,K2_B2,mean_wait,92.95622806756326,7.251623969071217,90.89533958149997,95.01711655362655
1.0,K2_B2,p90_wait,192.8385374315328,13.686626734179612,188.9488416103181,196.72823325274751
1.0,K2_B2,post_registration_wait,89.68078601289574,7.249394401774479,87.62053116277252,91.74104086301895
1.0,K2_B2,registration_elapsed,3.275442054667542,0.0419125683908402,3.2635306359306595,3.2873534734044245
1.0,K2_B2,mean_los,136.13567052139678,7.358759744519014,134.04433438843293,138.22700665436062
1.0,K2_B2,completed_by_close,17.084000000000003,0.3103096252004819,16.995810990694245,17.17218900930576
1.0,K2_B2,overtime,208.60284510153318,16.093182974766943,204.02921364487412,213.17647655819223
1.0,K2_B2,reprocessing_overtime,258.1873084722156,15.833620375508415,253.68744388136562,262.68717306306553
1.0,K2_B2,bypass_events,13.393333333333333,1.0180235174524053,13.104014284992216,13.68265238167445
1.0,K2_B2,max_bypasses,1.9733333333333334,0.02935435239509037,1.9649909196719375,1.9816757469947293
1.0,K2_B2,kit_unavailable_wait,60.57413546569449,5.941042698092196,58.88571001176451,62.26256091962447
1.0,K2_B2,mean_cycle_queue,10.582821019030357,0.31986500618042596,10.491916400817475,10.673725637243239
1.0,K2_B2,wait_routine,113.8300114500545,8.941586158819536,111.28884108043118,116.37118181967782
1.0,K2_B2,count_routine,12.716000000000001,0.5138551989937241,12.569963985498058,12.862036014501944
1.0,K2_B2,wait_restorative,67.87083879811284,6.9255959818861825,65.90260642987775,69.83907116634794
1.0,K2_B2,count_restorative,6.846,0.42962252059695577,6.723902645003647,6.968097354996353
1.0,K2_B2,wait_impression,53.559639339788454,7.839980754587296,51.33154172510255,55.78773695447436
1.0,K2_B2,count_impression,3.1919999999999997,0.3503519448508471,3.0924310907056767,3.2915689092943228
1.0,K2_B2,wait_complex,50.82711005347404,8.542165738153535,48.39945369803016,53.25476640891792
1.0,K2_B2,count_complex,1.6840000000000002,0.2331135991601062,1.6177498559629029,1.7502501440370974
1.0,K2_B2,util_chair,0.4555005810386178,0.007696207533938281,0.4533133433163234,0.4576878187609122
1.0,K2_B2,overtime_chair_minutes,320.13607021417715,22.663396885578113,313.6952048444643,326.57693558389
1.0,K2_B2,util_dentist,0.751299152903992,0.013612227546235353,0.7474306010955475,0.7551677047124364
1.0,K2_B2,overtime_dentist_minutes,253.39906494545122,18.72815488927487,248.0765828447336,258.72154704616884
1.0,K2_B2,util_assistant,0.7001847073107024,0.011563776624029121,0.6968983187442911,0.7034710958771137
1.0,K2_B2,overtime_assistant_minutes,381.93520728091175,26.22613271830645,374.48182371005237,389.38859085177114
1.0,K2_B2,util_frontdesk,0.259968838345554,0.0035377110300301817,0.2589634321138045,0.2609742445773035
1.0,K2_B2,overtime_frontdesk_minutes,21.90789890577323,1.54637679895972,21.468423533955285,22.347374277591175
1.0,K2_B2,util_sterilizer,0.7776628779746253,0.009225125103784485,0.7750411267379409,0.7802846292113097
1.0,K2_B2,overtime_sterilizer_minutes,220.97048523884652,11.393645604971672,217.7324473673683,224.20852311032473
1.0,K2_B2,maximum_wait,232.24126983224573,15.170964890935705,227.9297298241661,236.55280984032538
1.0,K2_B2,fraction_patients_worse_than_fifo,0.16946391836741947,0.028336696699980332,0.16141071922042388,0.17751711751441507
1.0,K2_B2,largest_patient_wait_increase,20.396476863712497,3.1614438642678526,19.498004564680762,21.29494916274423
1.0,K2_B2,twice_count,4.9479999999999995,0.5187268558889236,4.800579476090758,5.095420523909241
1.0,K2_B2,twice_wait_sum,837.1012944798281,120.73909448942304,802.7876275395345,871.4149614201217
1.0,K2_B2,twice_fifo_wait_sum,835.8339692130546,114.15564609701161,803.3912973834259,868.2766410426833
1.0,K2_B2,twice_worse_count,2.7526666666666664,0.5424012287693691,2.598517961222892,2.9068153721104406
1.0,K2_B2,batch_count,20.491333333333333,0.34541440489810377,20.393167657201882,20.589499009464785
1.0,K2_B2,batch_fill_fraction,0.29901104397224926,0.002794723164274481,0.2982167925307028,0.2998052954137957
1.0,K2_B2,final_event_time,738.1873084722157,15.833620375508422,733.6874438813658,742.6871730630656
1.0,K2_B2,workload_dentist_minutes,974.6462517332835,18.371995440326696,969.4249890160683,979.8675144504988
1.0,K2_B2,workload_dentist_ratio,1.0152565122221704,0.019137495250340315,1.0098176968917378,1.020695327552603
1.0,K2_B2,whole_run_util_dentist,0.6639959684165588,0.011171690064359292,0.6608210096043392,0.6671709272287785
1.0,K2_B2,workload_assistant_minutes,1390.2011858083233,23.62116439397149,1383.488125956548,1396.9142456600987
1.0,K2_B2,workload_assistant_ratio,0.9654174901446687,0.016403586384702438,0.9607556430253803,0.9700793372639571
1.0,K2_B2,whole_run_util_assistant,0.6314196321476413,0.009917676113616481,0.628601060114917,0.6342382041803656
1.0,K2_B2,workload_chair_minutes,1194.6971858083232,20.979888714209018,1188.734768110658,1200.6596035059883
1.0,K2_B2,workload_chair_ratio,0.6222381176085016,0.010927025371983886,0.619132691724301,0.6253435434927022
1.0,K2_B2,whole_run_util_chair,0.4069576123230576,0.0065270516867332136,0.4051026449769155,0.4088125796691997
1.0,K2_B2,workload_frontdesk_minutes,146.69294131163915,2.5024708654423002,145.98174704463148,147.40413557864682
1.0,K2_B2,workload_frontdesk_ratio,0.30561029439924825,0.005213480969671458,0.3041286396763156,0.3070919491221809
1.0,K2_B2,whole_run_util_frontdesk,0.19990179851572967,0.0032993002821175435,0.1989641478608582,0.20083944917060115
1.0,K2_B2,workload_sterilizer_minutes,594.2486666666666,10.017017742045008,591.4018620588546,597.0954712744787
1.0,K2_B2,workload_sterilizer_ratio,1.2380180555555556,0.02086878696259377,1.232087212622614,1.2439488984884972
1.0,K2_B2,whole_run_util_sterilizer,0.8070501395900876,0.008009637619913952,0.8047738260334522,0.8093264531467231
1.0,K2_B2,kit_uses_per_stock_routine,6.3580000000000005,0.25692759949686206,6.284981992749029,6.431018007250972
1.0,K2_B2,kit_circulation_routine,91.6400675419757,0.7648066485833145,91.42271192303399,91.8574231609174
1.0,K2_B2,kit_uses_per_stock_restorative,3.423,0.21481126029847789,3.3619513225018234,3.4840486774981767
1.0,K2_B2,kit_circulation_restorative,101.02271017570877,0.9715990307815827,100.74658481894065,101.29883553247689
1.0,K2_B2,kit_uses_per_stock_impression,1.5959999999999999,0.17517597242542354,1.5462155453528383,1.6457844546471614
1.0,K2_B2,kit_circulation_impression,99.05615095995142,1.885926481149539,98.5201766475574,99.59212527234544
1.0,K2_B2,kit_uses_per_stock_complex,0.8420000000000001,0.1165567995800531,0.8088749279814514,0.8751250720185487
1.0,K2_B2,kit_circulation_complex,111.80180211916671,1.8946446252815758,111.26335013791697,112.34025410041644
1.0,K2_B2,head_kit_blocked_dentist_idle,126.23180101653587,10.03423599697134,123.38010303539404,129.08349899767768
1.0,K2_B2,head_kit_blocked_other_resources_ready,102.75399311491029,10.449306146846736,99.78433351628317,105.7236527135374
1.0,K2_B2,head_kit_blocked_ready_alternative,37.587823221591705,6.742909280220019,35.6715098333846,39.50413660979881
1.0,K2_unlimited,scheduled,28.0,0.0,28.0,28.0
1.0,K2_unlimited,attended,24.438000000000002,0.38397668580018685,24.328875046188628,24.547124953811377
1.0,K2_unlimited,completed,24.438000000000002,0.38397668580018685,24.328875046188628,24.547124953811377
1.0,K2_unlimited,mean_wait,85.27819853215424,6.201069352039336,83.51587432954743,87.04052273476104
1.0,K2_unlimited,p90_wait,194.47683796248526,14.019959452845054,190.49241004197034,198.46126588300018
1.0,K2_unlimited,post_registration_wait,81.9997545230999,6.197842451109027,80.23834739548226,83.76116165071753
1.0,K2_unlimited,registration_elapsed,3.278444009054342,0.03919551005903291,3.2673047696604405,3.2895832484482437
1.0,K2_unlimited,mean_los,128.46131776221583,6.332117889897294,126.66174998162721,130.26088554280443
1.0,K2_unlimited,completed_by_close,17.760666666666665,0.2826574571725259,17.680336315634772,17.84099701769856
1.0,K2_unlimited,overtime,202.06827620039383,15.172348901641493,197.75634286087003,206.38020953991762
1.0,K2_unlimited,reprocessing_overtime,250.28551432602478,15.078176524249214,246.00034447687236,254.5706841751772
1.0,K2_unlimited,bypass_events,19.171999999999997,1.9909017544616228,18.606192048546237,19.737807951453757
1.0,K2_unlimited,max_bypasses,3.6833333333333336,0.24755035677276246,3.612980308663304,3.753686358003363
1.0,K2_unlimited,kit_unavailable_wait,60.597636940643014,5.793799714093351,58.9510574748215,62.244216406464524
1.0,K2_unlimited,mean_cycle_queue,10.510726553641447,0.34661271067378646,10.412220322816811,10.609232784466084
1.0,K2_unlimited,wait_routine,115.662359451803,9.422597810135368,112.9844870995497,118.3402318040563
1.0,K2_unlimited,count_routine,12.716000000000001,0.5138551989937241,12.569963985498058,12.862036014501944
1.0,K2_unlimited,wait_restorative,47.967200484749384,5.394186463149996,46.43418983485931,49.50021113463946
1.0,K2_unlimited,count_restorative,6.846,0.42962252059695577,6.723902645003647,6.968097354996353
1.0,K2_unlimited,wait_impression,31.151591111903425,5.872165577933101,29.48274031662846,32.82044190717839
1.0,K2_unlimited,count_impression,3.1919999999999997,0.3503519448508471,3.0924310907056767,3.2915689092943228
1.0,K2_unlimited,wait_complex,29.03353857834106,5.034094277379022,27.60286498325994,30.464212173422176
1.0,K2_unlimited,count_complex,1.6840000000000002,0.2331135991601062,1.6177498559629029,1.7502501440370974
1.0,K2_unlimited,util_chair,0.47687162721862836,0.006146156901339054,0.47512490895999665,0.47861834547726007
1.0,K2_unlimited,overtime_chair_minutes,279.1036615485566,18.197725135229042,273.9319258982121,284.2753971989011
1.0,K2_unlimited,util_dentist,0.7877099715353443,0.010946211316464836,0.784599093066696,0.7908208500039926
1.0,K2_unlimited,overtime_dentist_minutes,218.44467905935315,14.935009252029987,214.2001968939742,222.6891612247321
1.0,K2_unlimited,util_assistant,0.732305956122621,0.009204421531074614,0.7296900887755039,0.734921823469738
1.0,K2_unlimited,overtime_assistant_minutes,335.680608991749,21.235378988616958,329.64558177005534,341.7156362134427
1.0,K2_unlimited,util_frontdesk,0.2642052537351293,0.003598057046909875,0.2631826973571646,0.26522781011309404
1.0,K2_unlimited,overtime_frontdesk_minutes,19.87441951877709,1.3270418787701834,19.49727843422199,20.251560603332187
1.0,K2_unlimited,util_sterilizer,0.7899148531551792,0.008336366720875192,0.7875456842264084,0.79228402208395
1.0,K2_unlimited,overtime_sterilizer_minutes,208.4002038188473,10.114671679263116,205.52564627242592,211.2747613652687
1.0,K2_unlimited,maximum_wait,235.4360874447626,15.244844452969094,231.10355109994524,239.76862378957995
1.0,K2_unlimited,fraction_patients_worse_than_fifo,0.19707594297698797,0.025495092819694306,0.18983031862204056,0.20432156733193538
1.0,K2_unlimited,largest_patient_wait_increase,30.4937233372379,4.356217378313661,29.255700202551658,31.73174647192414
1.0,K2_unlimited,twice_count,0.0,0.0,0.0,0.0
1.0,K2_unlimited,twice_wait_sum,0.0,0.0,0.0,0.0
1.0,K2_unlimited,twice_fifo_wait_sum,0.0,0.0,0.0,0.0
1.0,K2_unlimited,twice_worse_count,0.0,0.0,0.0,0.0
1.0,K2_unlimited,batch_count,20.260666666666665,0.3337881251207948,20.165805142299153,20.35552819103418
1.0,K2_unlimited,batch_fill_fraction,0.3022892609612286,0.002892707975512639,0.3014671625477279,0.30311135937472933
1.0,K2_unlimited,final_event_time,730.2855143260247,15.078176524249205,726.0003444768722,734.5706841751771
1.0,K2_unlimited,workload_dentist_minutes,974.6462517332835,18.371995440326693,969.4249890160683,979.8675144504988
1.0,K2_unlimited,workload_dentist_ratio,1.0152565122221704,0.019137495250340312,1.0098176968917378,1.020695327552603
1.0,K2_unlimited,whole_run_util_dentist,0.6715006202235021,0.011756514586771271,0.6681594561406083,0.6748417843063959
1.0,K2_unlimited,workload_assistant_minutes,1390.2011858083233,23.621164393971497,1383.488125956548,1396.9142456600987
1.0,K2_unlimited,workload_assistant_ratio,0.9654174901446687,0.01640358638470242,0.9607556430253803,0.9700793372639571
1.0,K2_unlimited,whole_run_util_assistant,0.638537807314972,0.01039734226100305,0.6355829156875584,0.6414926989423856
1.0,K2_unlimited,workload_chair_minutes,1194.6971858083232,20.979888714209018,1188.734768110658,1200.6596035059883
1.0,K2_unlimited,workload_chair_ratio,0.6222381176085016,0.010927025371983883,0.619132691724301,0.6253435434927022
1.0,K2_unlimited,whole_run_util_chair,0.4115507315334766,0.006848400416557387,0.4096044378995774,0.4134970251673758
1.0,K2_unlimited,workload_frontdesk_minutes,146.69294131163917,2.5024708654423002,145.9817470446315,147.40413557864684
1.0,K2_unlimited,workload_frontdesk_ratio,0.30561029439924825,0.005213480969671464,0.3041286396763156,0.3070919491221809
1.0,K2_unlimited,whole_run_util_frontdesk,0.202141492678497,0.003598039435292085,0.2011189413056981,0.20316404405129587
1.0,K2_unlimited,workload_sterilizer_minutes,587.5593333333333,9.679855628503049,584.8083491266754,590.3103175399912
1.0,K2_unlimited,workload_sterilizer_ratio,1.2240819444444444,0.020166365892714682,1.2183507273472405,1.2298131615416483
1.0,K2_unlimited,whole_run_util_sterilizer,0.8070142359411409,0.008574351294359546,0.8045774325529101,0.8094510393293716
1.0,K2_unlimited,kit_uses_per_stock_routine,6.3580000000000005,0.25692759949686206,6.284981992749029,6.431018007250972
1.0,K2_unlimited,kit_circulation_routine,91.64551817596262,0.7063133641891576,91.44478616255176,91.84625018937348
1.0,K2_unlimited,kit_uses_per_stock_restorative,3.423,0.21481126029847789,3.3619513225018234,3.4840486774981767
1.0,K2_unlimited,kit_circulation_restorative,100.88671168085786,1.0709596887902073,100.58234834085577,101.19107502085994
1.0,K2_unlimited,kit_uses_per_stock_impression,1.5959999999999999,0.17517597242542354,1.5462155453528383,1.6457844546471614
1.0,K2_unlimited,kit_circulation_impression,98.9060780946386,1.6372024685914253,98.44079035615889,99.37136583311832
1.0,K2_unlimited,kit_uses_per_stock_complex,0.8420000000000001,0.1165567995800531,0.8088749279814514,0.8751250720185487
1.0,K2_unlimited,kit_circulation_complex,111.87589759880464,1.9675595473921945,111.31672342841756,112.43507176919172
1.0,K50_B2,scheduled,28.0,0.0,28.0,28.0
1.0,K50_B2,attended,24.438000000000002,0.38397668580018685,24.328875046188628,24.547124953811377
1.0,K50_B2,completed,24.438000000000002,0.38397668580018685,24.328875046188628,24.547124953811377
1.0,K50_B2,mean_wait,50.355834848236924,4.245688504104124,49.149223668335914,51.562446028137934
1.0,K50_B2,p90_wait,90.58449263207875,6.904233284431496,88.62233147456878,92.54665378958872
1.0,K50_B2,post_registration_wait,47.04702855329776,4.240973052360808,45.84175748979631,48.252299616799206
1.0,K50_B2,registration_elapsed,3.3088062949391555,0.0441263931993157,3.2962657142273266,3.3213468756509843
1.0,K50_B2,mean_los,93.58932259182762,4.497473853875994,92.31115481570521,94.86749036795004
1.0,K50_B2,completed_by_close,19.686666666666664,0.26375966522145183,19.611707008049336,19.76162632528399
1.0,K50_B2,overtime,93.55172004523551,7.773573700118008,91.34249510438553,95.76094498608549
1.0,K50_B2,reprocessing_overtime,148.71201627451114,7.852041074052073,146.4804911553615,150.94354139366078
1.0,K50_B2,bypass_events,0.0,0.0,0.0,0.0
1.0,K50_B2,max_bypasses,0.0,0.0,0.0,0.0
1.0,K50_B2,kit_unavailable_wait,0.0,0.0,0.0,0.0
1.0,K50_B2,mean_cycle_queue,12.305185583652111,0.30195426913963347,12.219371139985194,12.391000027319029
1.0,K50_B2,wait_routine,50.90761482726445,4.552409426733606,49.613834535923324,52.20139511860558
1.0,K50_B2,count_routine,12.716000000000001,0.5138551989937241,12.569963985498058,12.862036014501944
1.0,K50_B2,wait_restorative,50.107695559610285,4.635380808820569,48.79033506516637,51.4250560540542
1.0,K50_B2,count_restorative,6.846,0.42962252059695577,6.723902645003647,6.968097354996353
1.0,K50_B2,wait_impression,50.9877791333588,5.911979806314187,49.307613260909115,52.667945005808484
1.0,K50_B2,count_impression,3.1919999999999997,0.3503519448508471,3.0924310907056767,3.2915689092943228
1.0,K50_B2,wait_complex,47.854353600910365,5.965784833892243,46.158896510617495,49.549810691203234
1.0,K50_B2,count_complex,1.6840000000000002,0.2331135991601062,1.6177498559629029,1.7502501440370974
1.0,K50_B2,util_chair,0.5211305757779363,0.003810620039764198,0.520047609672936,0.5222135418829367
1.0,K50_B2,overtime_chair_minutes,194.12648031468558,17.361463149828765,189.19240766291833,199.06055296645283
1.0,K50_B2,util_dentist,0.8583007938764353,0.006741176947262295,0.8563849728117494,0.8602166149411212
1.0,K50_B2,overtime_dentist_minutes,150.67748961190551,14.291522187930404,146.6158844251164,154.73909479869462
1.0,K50_B2,util_assistant,0.8016725124171148,0.005782443292750657,0.8000291604101477,0.8033158644240819
1.0,K50_B2,overtime_assistant_minutes,235.7927679276778,20.1756192770758,230.05892104804602,241.52661480730958
1.0,K50_B2,util_frontdesk,0.276311915933828,0.003906891722876776,0.27520158972244224,0.2774222421452137
1.0,K50_B2,overtime_frontdesk_minutes,14.063221663401727,1.177318780648822,13.728631407506814,14.39781191929664
1.0,K50_B2,util_sterilizer,0.8121187346984174,0.006398567943045749,0.8103002820239049,0.81393718737293
1.0,K50_B2,overtime_sterilizer_minutes,144.6530073447597,7.4014412156860905,142.54954127333357,146.7564734161858
1.0,K50_B2,maximum_wait,104.68720272655038,7.379140023166325,102.59007458316431,106.78433086993645
1.0,K50_B2,fraction_patients_worse_than_fifo,0.00033686429512516463,0.001240699602536369,-1.5738588923440075e-05,0.0006894671791737694
1.0,K50_B2,largest_patient_wait_increase,0.006817956218254173,0.021223291861576975,0.0007863641196519172,0.012849548316856429
1.0,K50_B2,twice_count,0.0,0.0,0.0,0.0
1.0,K50_B2,twice_wait_sum,0.0,0.0,0.0,0.0
1.0,K50_B2,twice_fifo_wait_sum,0.0,0.0,0.0,0.0
1.0,K50_B2,twice_worse_count,0.0,0.0,0.0,0.0
1.0,K50_B2,batch_count,18.429999999999996,0.26317871978705426,18.355205444228858,18.504794555771134
1.0,K50_B2,batch_fill_fraction,0.3320439494822269,0.0028553004343419962,0.3312324821730442,0.33285541679140956
1.0,K50_B2,final_event_time,628.7120162745111,7.8520410740520665,626.4804911553615,630.9435413936608
1.0,K50_B2,workload_dentist_minutes,974.6462517332835,18.37199544032669,969.4249890160683,979.8675144504988
1.0,K50_B2,workload_dentist_ratio,1.0152565122221704,0.019137495250340322,1.0098176968917378,1.020695327552603
1.0,K50_B2,whole_run_util_dentist,0.774128080699543,0.006647445071502878,0.7722388979360643,0.7760172634630217
1.0,K50_B2,workload_assistant_minutes,1390.2011858083233,23.621164393971497,1383.488125956548,1396.9142456600987
1.0,K50_B2,workload_assistant_ratio,0.9654174901446688,0.016403586384702427,0.9607556430253804,0.9700793372639572
1.0,K50_B2,whole_run_util_assistant,0.736689303783334,0.005808575539749193,0.7350385250748193,0.7383400824918487
1.0,K50_B2,workload_chair_minutes,1194.6971858083232,20.97988871420902,1188.734768110658,1200.6596035059883
1.0,K50_B2,workload_chair_ratio,0.6222381176085016,0.010927025371983886,0.619132691724301,0.6253435434927022
1.0,K50_B2,whole_run_util_chair,0.4746770934082024,0.0037786727491485404,0.47360320662166533,0.4757509801947395
1.0,K50_B2,workload_frontdesk_minutes,146.69294131163917,2.5024708654423002,145.9817470446315,147.40413557864684
1.0,K50_B2,workload_frontdesk_ratio,0.30561029439924825,0.005213480969671465,0.3041286396763156,0.3070919491221809
1.0,K50_B2,whole_run_util_frontdesk,0.2336348872175413,0.0032018670427441764,0.23272492677965306,0.23454484765542954
1.0,K50_B2,workload_sterilizer_minutes,534.47,7.632182873824574,532.300957882637,536.639042117363
1.0,K50_B2,workload_sterilizer_ratio,1.1134791666666668,0.015900380987134526,1.1089603289221606,1.117998004411173
1.0,K50_B2,whole_run_util_sterilizer,0.8500054663357172,0.005461193127154403,0.8484534126048668,0.8515575200665675
1.0,K50_B2,kit_uses_per_stock_routine,0.25432000000000005,0.01027710397987448,0.2513992797099612,0.2572407202900389
1.0,K50_B2,kit_circulation_routine,94.02936438283297,0.762936672927949,93.81254020502966,94.24618856063627
1.0,K50_B2,kit_uses_per_stock_restorative,0.13692000000000001,0.008592450411939113,0.13447805290007295,0.13936194709992708
1.0,K50_B2,kit_circulation_restorative,101.9628930862077,1.0865275127448724,101.65410542011286,102.27168075230254
1.0,K50_B2,kit_uses_per_stock_impression,0.06384000000000001,0.007007038897016942,0.06184862181411355,0.06583137818588647
1.0,K50_B2,kit_circulation_impression,99.28660813301414,1.476878955856855,98.86688382733915,99.70633243868913
1.0,K50_B2,kit_uses_per_stock_complex,0.03368,0.004662271983202125,0.03235499711925806,0.035005002880741945
1.0,K50_B2,kit_circulation_complex,112.24881850079485,1.8370637231173468,111.72673082894582,112.77090617264389
1.0,K50_FCFS,scheduled,28.0,0.0,28.0,28.0
1.0,K50_FCFS,attended,24.438000000000002,0.38397668580018685,24.328875046188628,24.547124953811377
1.0,K50_FCFS,completed,24.438000000000002,0.38397668580018685,24.328875046188628,24.547124953811377
1.0,K50_FCFS,mean_wait,50.355834848236924,4.245688504104124,49.149223668335914,51.562446028137934
1.0,K50_FCFS,p90_wait,90.58449263207875,6.904233284431496,88.62233147456878,92.54665378958872
1.0,K50_FCFS,post_registration_wait,47.04702855329776,4.240973052360808,45.84175748979631,48.252299616799206
1.0,K50_FCFS,registration_elapsed,3.3088062949391555,0.0441263931993157,3.2962657142273266,3.3213468756509843
1.0,K50_FCFS,mean_los,93.58932259182762,4.497473853875994,92.31115481570521,94.86749036795004
1.0,K50_FCFS,completed_by_close,19.686666666666664,0.26375966522145183,19.611707008049336,19.76162632528399
1.0,K50_FCFS,overtime,93.55172004523551,7.773573700118008,91.34249510438553,95.76094498608549
1.0,K50_FCFS,reprocessing_overtime,148.71201627451114,7.852041074052073,146.4804911553615,150.94354139366078
1.0,K50_FCFS,bypass_events,0.0,0.0,0.0,0.0
1.0,K50_FCFS,max_bypasses,0.0,0.0,0.0,0.0
1.0,K50_FCFS,kit_unavailable_wait,0.0,0.0,0.0,0.0
1.0,K50_FCFS,mean_cycle_queue,12.305185583652111,0.30195426913963347,12.219371139985194,12.391000027319029
1.0,K50_FCFS,wait_routine,50.90761482726445,4.552409426733606,49.613834535923324,52.20139511860558
1.0,K50_FCFS,count_routine,12.716000000000001,0.5138551989937241,12.569963985498058,12.862036014501944
1.0,K50_FCFS,wait_restorative,50.107695559610285,4.635380808820569,48.79033506516637,51.4250560540542
1.0,K50_FCFS,count_restorative,6.846,0.42962252059695577,6.723902645003647,6.968097354996353
1.0,K50_FCFS,wait_impression,50.9877791333588,5.911979806314187,49.307613260909115,52.667945005808484
1.0,K50_FCFS,count_impression,3.1919999999999997,0.3503519448508471,3.0924310907056767,3.2915689092943228
1.0,K50_FCFS,wait_complex,47.854353600910365,5.965784833892243,46.158896510617495,49.549810691203234
1.0,K50_FCFS,count_complex,1.6840000000000002,0.2331135991601062,1.6177498559629029,1.7502501440370974
1.0,K50_FCFS,util_chair,0.5211305757779363,0.003810620039764198,0.520047609672936,0.5222135418829367
1.0,K50_FCFS,overtime_chair_minutes,194.12648031468558,17.361463149828765,189.19240766291833,199.06055296645283
1.0,K50_FCFS,util_dentist,0.8583007938764353,0.006741176947262295,0.8563849728117494,0.8602166149411212
1.0,K50_FCFS,overtime_dentist_minutes,150.67748961190551,14.291522187930404,146.6158844251164,154.73909479869462
1.0,K50_FCFS,util_assistant,0.8016725124171148,0.005782443292750657,0.8000291604101477,0.8033158644240819
1.0,K50_FCFS,overtime_assistant_minutes,235.7927679276778,20.1756192770758,230.05892104804602,241.52661480730958
1.0,K50_FCFS,util_frontdesk,0.276311915933828,0.003906891722876776,0.27520158972244224,0.2774222421452137
1.0,K50_FCFS,overtime_frontdesk_minutes,14.063221663401727,1.177318780648822,13.728631407506814,14.39781191929664
1.0,K50_FCFS,util_sterilizer,0.8121187346984174,0.006398567943045749,0.8103002820239049,0.81393718737293
1.0,K50_FCFS,overtime_sterilizer_minutes,144.6530073447597,7.4014412156860905,142.54954127333357,146.7564734161858
1.0,K50_FCFS,maximum_wait,104.68720272655038,7.379140023166325,102.59007458316431,106.78433086993645
1.0,K50_FCFS,fraction_patients_worse_than_fifo,0.00033686429512516463,0.001240699602536369,-1.5738588923440075e-05,0.0006894671791737694
1.0,K50_FCFS,largest_patient_wait_increase,0.006817956218254173,0.021223291861576975,0.0007863641196519172,0.012849548316856429
1.0,K50_FCFS,twice_count,0.0,0.0,0.0,0.0
1.0,K50_FCFS,twice_wait_sum,0.0,0.0,0.0,0.0
1.0,K50_FCFS,twice_fifo_wait_sum,0.0,0.0,0.0,0.0
1.0,K50_FCFS,twice_worse_count,0.0,0.0,0.0,0.0
1.0,K50_FCFS,batch_count,18.429999999999996,0.26317871978705426,18.355205444228858,18.504794555771134
1.0,K50_FCFS,batch_fill_fraction,0.3320439494822269,0.0028553004343419962,0.3312324821730442,0.33285541679140956
1.0,K50_FCFS,final_event_time,628.7120162745111,7.8520410740520665,626.4804911553615,630.9435413936608
1.0,K50_FCFS,workload_dentist_minutes,974.6462517332835,18.37199544032669,969.4249890160683,979.8675144504988
1.0,K50_FCFS,workload_dentist_ratio,1.0152565122221704,0.019137495250340322,1.0098176968917378,1.020695327552603
1.0,K50_FCFS,whole_run_util_dentist,0.774128080699543,0.006647445071502878,0.7722388979360643,0.7760172634630217
1.0,K50_FCFS,workload_assistant_minutes,1390.2011858083233,23.621164393971497,1383.488125956548,1396.9142456600987
1.0,K50_FCFS,workload_assistant_ratio,0.9654174901446688,0.016403586384702427,0.9607556430253804,0.9700793372639572
1.0,K50_FCFS,whole_run_util_assistant,0.736689303783334,0.005808575539749193,0.7350385250748193,0.7383400824918487
1.0,K50_FCFS,workload_chair_minutes,1194.6971858083232,20.97988871420902,1188.734768110658,1200.6596035059883
1.0,K50_FCFS,workload_chair_ratio,0.6222381176085016,0.010927025371983886,0.619132691724301,0.6253435434927022
1.0,K50_FCFS,whole_run_util_chair,0.4746770934082024,0.0037786727491485404,0.47360320662166533,0.4757509801947395
1.0,K50_FCFS,workload_frontdesk_minutes,146.69294131163917,2.5024708654423002,145.9817470446315,147.40413557864684
1.0,K50_FCFS,workload_frontdesk_ratio,0.30561029439924825,0.005213480969671465,0.3041286396763156,0.3070919491221809
1.0,K50_FCFS,whole_run_util_frontdesk,0.2336348872175413,0.0032018670427441764,0.23272492677965306,0.23454484765542954
1.0,K50_FCFS,workload_sterilizer_minutes,534.47,7.632182873824574,532.300957882637,536.639042117363
1.0,K50_FCFS,workload_sterilizer_ratio,1.1134791666666668,0.015900380987134526,1.1089603289221606,1.117998004411173
1.0,K50_FCFS,whole_run_util_sterilizer,0.8500054663357172,0.005461193127154403,0.8484534126048668,0.8515575200665675
1.0,K50_FCFS,kit_uses_per_stock_routine,0.25432000000000005,0.01027710397987448,0.2513992797099612,0.2572407202900389
1.0,K50_FCFS,kit_circulation_routine,94.02936438283297,0.762936672927949,93.81254020502966,94.24618856063627
1.0,K50_FCFS,kit_uses_per_stock_restorative,0.13692000000000001,0.008592450411939113,0.13447805290007295,0.13936194709992708
1.0,K50_FCFS,kit_circulation_restorative,101.9628930862077,1.0865275127448724,101.65410542011286,102.27168075230254
1.0,K50_FCFS,kit_uses_per_stock_impression,0.06384000000000001,0.007007038897016942,0.06184862181411355,0.06583137818588647
1.0,K50_FCFS,kit_circulation_impression,99.28660813301414,1.476878955856855,98.86688382733915,99.70633243868913
1.0,K50_FCFS,kit_uses_per_stock_complex,0.03368,0.004662271983202125,0.03235499711925806,0.035005002880741945
1.0,K50_FCFS,kit_circulation_complex,112.24881850079485,1.8370637231173468,111.72673082894582,112.77090617264389
1.2,K2_B0,scheduled,34.0,0.0,34.0,34.0
1.2,K2_B0,attended,29.689999999999994,0.36954651378458453,29.5849760552158,29.795023944784187
1.2,K2_B0,completed,29.689999999999994,0.36954651378458453,29.5849760552158,29.795023944784187
1.2,K2_B0,mean_wait,200.7559889921419,9.084837901310875,198.17410693256224,203.33787105172158
1.2,K2_B0,p90_wait,366.4685655227268,15.396948774315087,362.09280161317645,370.84432943227716
1.2,K2_B0,post_registration_wait,197.4244985630217,9.089342123884654,194.84133641770114,200.00766070834226
1.2,K2_B0,registration_elapsed,3.331490429120243,0.036908667115799244,3.3210011032231312,3.3419797550173547
1.2,K2_B0,mean_los,244.07583944952145,9.050911528126424,241.50359915738144,246.64807974166146
1.2,K2_B0,completed_by_close,15.324000000000003,0.2777492955919313,15.245064532890984,15.402935467109023
1.2,K2_B0,overtime,405.8614375966238,15.94451342437703,401.33005755370783,410.3928176395397
1.2,K2_B0,reprocessing_overtime,458.5460483055196,16.301665544987344,453.91316676496973,463.1789298460695
1.2,K2_B0,bypass_events,0.0,0.0,0.0,0.0
1.2,K2_B0,max_bypasses,0.0,0.0,0.0,0.0
1.2,K2_B0,kit_unavailable_wait,95.9362568653657,6.492246063174403,94.09118116682538,97.78133256390603
1.2,K2_B0,mean_cycle_queue,10.164805866002867,0.31406550398182953,10.07554944788378,10.254062284121954
1.2,K2_B0,wait_routine,203.34974102208645,8.893552370340325,200.82222170249565,205.87726034167724
1.2,K2_B0,count_routine,15.405333333333335,0.5792465197238953,15.240713313296071,15.569953353370598
1.2,K2_B0,wait_restorative,198.85526560231656,12.789524263194284,195.22052345232888,202.49000775230425
1.2,K2_B0,count_restorative,8.335333333333335,0.45322777882774784,8.206527438966232,8.464139227700437
1.2,K2_B0,wait_impression,196.38905433267354,16.813095732654613,191.61082595813392,201.16728270721316
1.2,K2_B0,count_impression,3.8760000000000003,0.3338119013569294,3.781131718501739,3.970868281498262
1.2,K2_B0,wait_complex,190.1887278762744,20.926511812564037,184.24147972442293,196.1359760281259
1.2,K2_B0,count_complex,2.0733333333333333,0.2278759259810552,2.0085717193681902,2.1380949472984763
1.2,K2_B0,util_chair,0.40603151547595795,0.006609735653512192,0.40415304960923015,0.40790998134268575
1.2,K2_B0,overtime_chair_minutes,676.4417882775541,24.600306971455957,669.4504592170114,683.4331173380968
1.2,K2_B0,util_dentist,0.6688295493636401,0.011429353811859312,0.6655813633332466,0.6720777353940337
1.2,K2_B0,overtime_dentist_minutes,546.5555203286344,20.406942332743903,540.7559321717356,552.3551084855333
1.2,K2_B0,util_assistant,0.6246262325859704,0.010127877130774857,0.6217479220921969,0.6275045430797439
1.2,K2_B0,overtime_assistant_minutes,794.0805230675961,28.390516221364372,786.0120285836638,802.1490175515285
1.2,K2_B0,util_frontdesk,0.2818564649832189,0.0027747805336384595,0.2810678811739208,0.28264504879251706
1.2,K2_B0,overtime_frontdesk_minutes,42.91085985032647,1.6740167725374804,42.43510960366259,43.386610096990346
1.2,K2_B0,util_sterilizer,0.7338204826432935,0.011586095143533334,0.7305277512245683,0.7371132140620187
1.2,K2_B0,overtime_sterilizer_minutes,391.82883499788574,12.099794272269564,388.39011191932974,395.26755807644173
1.2,K2_B0,maximum_wait,411.87211462507656,16.290670747264887,407.2423577710975,416.50187147905564
1.2,K2_B0,fraction_patients_worse_than_fifo,0.0,0.0,0.0,0.0
1.2,K2_B0,largest_patient_wait_increase,0.0,0.0,0.0,0.0
1.2,K2_B0,twice_count,0.0,0.0,0.0,0.0
1.2,K2_B0,twice_wait_sum,0.0,0.0,0.0,0.0
1.2,K2_B0,twice_fifo_wait_sum,0.0,0.0,0.0,0.0
1.2,K2_B0,twice_worse_count,0.0,0.0,0.0,0.0
1.2,K2_B0,batch_count,25.65733333333333,0.3716751318397803,25.551704442062682,25.762962224603978
1.2,K2_B0,batch_fill_fraction,0.2899905897826746,0.0024361256194481646,0.28929825062373066,0.29068292894161857
1.2,K2_B0,final_event_time,938.5460483055195,16.301665544987337,933.9131667649697,943.1789298460694
1.2,K2_B0,workload_dentist_minutes,1188.631887717729,16.365687640118857,1183.9808113012073,1193.2829641342505
1.2,K2_B0,workload_dentist_ratio,1.2381582163726343,0.017047591291790516,1.2333133451054243,1.2430030876398444
1.2,K2_B0,whole_run_util_dentist,0.6357545684983524,0.009407450431288955,0.6330810009830283,0.6384281360136765
1.2,K2_B0,workload_assistant_minutes,1693.5422979913935,21.264581609229765,1687.498971477729,1699.5856245050581
1.2,K2_B0,workload_assistant_ratio,1.176071040271801,0.01476707056196513,1.1718742857484228,1.1802677947951794
1.2,K2_B0,whole_run_util_assistant,0.6039955097026991,0.007962655360040446,0.6017325483550081,0.6062584710503901
1.2,K2_B0,workload_chair_minutes,1456.0222979913933,18.905860297957886,1450.6493125782827,1461.395283404504
1.2,K2_B0,workload_chair_ratio,0.7583449468705175,0.009846802238519727,0.7555465169678557,0.7611433767731792
1.2,K2_B0,whole_run_util_chair,0.3894334917243485,0.00532699213820202,0.38791957748806244,0.39094740596063454
1.2,K2_B0,workload_frontdesk_minutes,178.2019630422716,2.337729344870214,177.53758779185546,178.86633829268771
1.2,K2_B0,workload_frontdesk_ratio,0.37125408967139906,0.0048702694684796015,0.36986997456636544,0.37263820477643267
1.2,K2_B0,whole_run_util_frontdesk,0.19074759529413235,0.0025753497122049996,0.19001568909048658,0.19147950149777812
1.2,K2_B0,workload_sterilizer_minutes,744.0626666666668,10.77857882335362,740.999428819818,747.1259045135156
1.2,K2_B0,workload_sterilizer_ratio,1.5501305555555558,0.022455372548653374,1.5437488100412875,1.556512301069824
1.2,K2_B0,whole_run_util_sterilizer,0.794520810250396,0.007665131506112479,0.7923424042364489,0.7966992162643431
1.2,K2_B0,kit_uses_per_stock_routine,7.702666666666667,0.28962325986194765,7.620356656648036,7.784976676685299
1.2,K2_B0,kit_circulation_routine,90.9646022043087,0.6799142171015157,90.77137274460263,91.15783166401478
1.2,K2_B0,kit_uses_per_stock_restorative,4.167666666666667,0.22661388941387392,4.103263719483116,4.232069613850219
1.2,K2_B0,kit_circulation_restorative,101.38746202825457,0.8753123939953392,101.13870102765839,101.63622302885076
1.2,K2_B0,kit_uses_per_stock_impression,1.9380000000000002,0.1669059506784647,1.8905658592508694,1.985434140749131
1.2,K2_B0,kit_circulation_impression,99.05095830062882,1.7232330993662237,98.56122093029164,99.540695670966
1.2,K2_B0,kit_uses_per_stock_complex,1.0366666666666666,0.1139379629905276,1.0042858596840951,1.0690474736492381
1.2,K2_B0,kit_circulation_complex,111.06878647847628,2.1636269473476997,110.45389057613177,111.6836823808208
1.2,K2_B1,scheduled,34.0,0.0,34.0,34.0
1.2,K2_B1,attended,29.689999999999994,0.36954651378458453,29.5849760552158,29.795023944784187
1.2,K2_B1,completed,29.689999999999994,0.36954651378458453,29.5849760552158,29.795023944784187
1.2,K2_B1,mean_wait,170.32657317642406,8.286546794211056,167.97156291248155,172.68158344036658
1.2,K2_B1,p90_wait,321.7818251979277,14.952500818989945,317.5323719848076,326.03127841104777
1.2,K2_B1,post_registration_wait,166.98532970153755,8.28407551813511,164.63102176640203,169.33963763667307
1.2,K2_B1,registration_elapsed,3.341243474886464,0.03470424461577156,3.3313806388581186,3.351106310914809
1.2,K2_B1,mean_los,213.65630218067804,8.253930482111679,211.31056136897826,216.00204299237782
1.2,K2_B1,completed_by_close,16.558666666666667,0.2721010883248607,16.481336402112724,16.63599693122061
1.2,K2_B1,overtime,361.18165705418585,15.985562574600532,356.63861097323223,365.72470313513946
1.2,K2_B1,reprocessing_overtime,412.339610691074,15.701025281818051,407.8774292044584,416.80179217768955
1.2,K2_B1,bypass_events,11.101333333333333,0.647687671434227,10.91726255548867,11.285404111177996
1.2,K2_B1,max_bypasses,1.0,0.0,1.0,1.0
1.2,K2_B1,kit_unavailable_wait,94.76705414729513,6.4946048437373225,92.92130809081512,96.61280020377514
1.2,K2_B1,mean_cycle_queue,10.547869111716189,0.3101687162313317,10.459720148291648,10.63601807514073
1.2,K2_B1,wait_routine,186.03338626290216,8.802892007536384,183.53163233029804,188.53514019550627
1.2,K2_B1,count_routine,15.405333333333335,0.5792465197238953,15.240713313296071,15.569953353370598
1.2,K2_B1,wait_restorative,156.21779885024262,10.48883477851286,153.23690534011953,159.1986923603657
1.2,K2_B1,count_restorative,8.335333333333335,0.45322777882774784,8.206527438966232,8.464139227700437
1.2,K2_B1,wait_impression,137.5797864701287,12.841671643580126,133.9302242003618,141.2293487398956
1.2,K2_B1,count_impression,3.8760000000000003,0.3338119013569294,3.781131718501739,3.970868281498262
1.2,K2_B1,wait_complex,131.7974398807515,18.839679502260292,126.44326283945304,137.15161692204998
1.2,K2_B1,count_complex,2.0733333333333333,0.2278759259810552,2.0085717193681902,2.1380949472984763
1.2,K2_B1,util_chair,0.44091813974009847,0.007213907597695278,0.4388679701269161,0.44296830935328085
1.2,K2_B1,overtime_chair_minutes,609.4594696904046,23.77616792618256,602.7023583273822,616.216581053427
1.2,K2_B1,util_dentist,0.7268888039611207,0.012675256431608398,0.723286536365722,0.7304910715565193
1.2,K2_B1,overtime_dentist_minutes,490.8186359150532,19.907719429850523,485.16092532060657,496.4763465094999
1.2,K2_B1,util_assistant,0.6780115277898962,0.01088662087520799,0.6749175847352722,0.6811054708445201
1.2,K2_B1,overtime_assistant_minutes,717.2056979739432,27.374863801842945,709.4258486798554,724.9855472680309
1.2,K2_B1,util_frontdesk,0.2896370257416211,0.0030366770696632823,0.28877401176910217,0.29050003971414
1.2,K2_B1,overtime_frontdesk_minutes,39.176190686293445,1.5525251068108537,38.73496798492377,39.61741338766312
1.2,K2_B1,util_sterilizer,0.7688182637820603,0.008405098917343803,0.7664295613814868,0.7712069661826338
1.2,K2_B1,overtime_sterilizer_minutes,358.8285667179444,12.252877114869174,355.3463379820249,362.3107954538639
1.2,K2_B1,maximum_wait,373.7271520211462,15.806495151316005,369.2349963328067,378.2193077094857
1.2,K2_B1,fraction_patients_worse_than_fifo,0.13980179263787973,0.028166611063351856,0.1317969312882751,0.14780665398748435
1.2,K2_B1,largest_patient_wait_increase,13.942326034199903,2.4325819096281784,13.25099398632475,14.633658082075057
1.2,K2_B1,twice_count,0.0,0.0,0.0,0.0
1.2,K2_B1,twice_wait_sum,0.0,0.0,0.0,0.0
1.2,K2_B1,twice_fifo_wait_sum,0.0,0.0,0.0,0.0
1.2,K2_B1,twice_worse_count,0.0,0.0,0.0,0.0
1.2,K2_B1,batch_count,25.098666666666666,0.37796207322717695,24.991251046633867,25.206082286699466
1.2,K2_B1,batch_fill_fraction,0.2964512830713486,0.0029240881318358075,0.2956202665171482,0.29728229962554903
1.2,K2_B1,final_event_time,892.3396106910739,15.701025281818067,887.8774292044583,896.8017921776894
1.2,K2_B1,workload_dentist_minutes,1188.631887717729,16.36568764011886,1183.9808113012073,1193.2829641342505
1.2,K2_B1,workload_dentist_ratio,1.2381582163726343,0.017047591291790502,1.2333133451054243,1.2430030876398444
1.2,K2_B1,whole_run_util_dentist,0.6690824183667098,0.010196314883987078,0.6661846580809712,0.6719801786524484
1.2,K2_B1,workload_assistant_minutes,1693.5422979913935,21.264581609229772,1687.498971477729,1699.5856245050581
1.2,K2_B1,workload_assistant_ratio,1.176071040271801,0.014767070561965134,1.1718742857484228,1.1802677947951794
1.2,K2_B1,whole_run_util_assistant,0.6356349487583334,0.008761128549524969,0.6331450638677701,0.6381248336488966
1.2,K2_B1,workload_chair_minutes,1456.0222979913933,18.905860297957872,1450.6493125782827,1461.395283404504
1.2,K2_B1,workload_chair_ratio,0.7583449468705175,0.009846802238519733,0.7555465169678557,0.7611433767731792
1.2,K2_B1,whole_run_util_chair,0.4098403342892441,0.005821131840755262,0.40818598711988785,0.41149468145860035
1.2,K2_B1,workload_frontdesk_minutes,178.2019630422716,2.337729344870217,177.53758779185546,178.86633829268771
1.2,K2_B1,workload_frontdesk_ratio,0.37125408967139906,0.004870269468479612,0.36986997456636544,0.37263820477643267
1.2,K2_B1,whole_run_util_frontdesk,0.20072423283798912,0.00295794337747545,0.1998835947305712,0.20156487094540704
1.2,K2_B1,workload_sterilizer_minutes,727.8613333333333,10.960900123588134,724.7462803523821,730.9763863142845
1.2,K2_B1,workload_sterilizer_ratio,1.516377777777778,0.022835208590808637,1.509888084067463,1.522867471488093
1.2,K2_B1,whole_run_util_sterilizer,0.8175806866582727,0.007212675803298341,0.8155308671171432,0.8196305061994021
1.2,K2_B1,kit_uses_per_stock_routine,7.702666666666667,0.28962325986194765,7.620356656648036,7.784976676685299
1.2,K2_B1,kit_circulation_routine,91.68755705689514,0.6859620272928242,91.49260882875288,91.88250528503741
1.2,K2_B1,kit_uses_per_stock_restorative,4.167666666666667,0.22661388941387392,4.103263719483116,4.232069613850219
1.2,K2_B1,kit_circulation_restorative,101.41680429227227,0.8563592100836953,101.1734297263098,101.66017885823474
1.2,K2_B1,kit_uses_per_stock_impression,1.9380000000000002,0.1669059506784647,1.8905658592508694,1.985434140749131
1.2,K2_B1,kit_circulation_impression,99.06005426567557,1.8539455485975793,98.53316883267615,99.586939698675
1.2,K2_B1,kit_uses_per_stock_complex,1.0366666666666666,0.1139379629905276,1.0042858596840951,1.0690474736492381
1.2,K2_B1,kit_circulation_complex,110.81627467248921,2.1071134021312545,110.21743974009294,111.41510960488549
1.2,K2_B2,scheduled,34.0,0.0,34.0,34.0
1.2,K2_B2,attended,29.689999999999994,0.36954651378458453,29.5849760552158,29.795023944784187
1.2,K2_B2,completed,29.689999999999994,0.36954651378458453,29.5849760552158,29.795023944784187
1.2,K2_B2,mean_wait,154.95561421282875,7.415673729096954,152.84810330632274,157.06312511933476
1.2,K2_B2,p90_wait,304.8080476000045,13.641667379934182,300.9311290843837,308.6849661156253
1.2,K2_B2,post_registration_wait,151.60242613038224,7.414406064435268,149.4952754901444,153.7095767706201
1.2,K2_B2,registration_elapsed,3.3531880824465197,0.04016480733785412,3.341773371846442,3.3646027930465974
1.2,K2_B2,mean_los,198.3012038218042,7.38638179376824,196.20201759022768,200.4003900533807
1.2,K2_B2,completed_by_close,17.332666666666668,0.2754909038339343,17.254373027318014,17.410960306015323
1.2,K2_B2,overtime,342.96871295122895,15.238072574114218,338.6381011528608,347.2993247495971
1.2,K2_B2,reprocessing_overtime,392.37177400069174,15.175490867767442,388.0589477243803,396.6846002770032
1.2,K2_B2,bypass_events,19.732666666666667,1.1489419366078275,19.406141019665476,20.059192313667857
1.2,K2_B2,max_bypasses,1.9946666666666666,0.012344267996967391,1.9911584649324987,1.9981748684008345
1.2,K2_B2,kit_unavailable_wait,94.71227607634977,6.729603900818731,92.79974403468348,96.62480811801605
1.2,K2_B2,mean_cycle_queue,10.62263318709465,0.3431136454822947,10.525121379477268,10.720144994712031
1.2,K2_B2,wait_routine,181.65660693043546,8.836636476588106,179.1452629269681,184.16795093390283
1.2,K2_B2,count_routine,15.405333333333335,0.5792465197238953,15.240713313296071,15.569953353370598
1.2,K2_B2,wait_restorative,127.57261333118645,8.743172552175213,125.08783147800519,130.05739518436772
1.2,K2_B2,count_restorative,8.335333333333335,0.45322777882774784,8.206527438966232,8.464139227700437
1.2,K2_B2,wait_impression,104.01243123081134,11.878988314937084,100.63646050359922,107.38840195802346
1.2,K2_B2,count_impression,3.8760000000000003,0.3338119013569294,3.781131718501739,3.970868281498262
1.2,K2_B2,wait_complex,98.65613561265751,15.364897590318783,94.28948054773896,103.02279067757605
1.2,K2_B2,count_complex,2.0733333333333333,0.2278759259810552,2.0085717193681902,2.1380949472984763
1.2,K2_B2,util_chair,0.46367832228847333,0.006658068504067586,0.4617861203792214,0.46557052419772527
1.2,K2_B2,overtime_chair_minutes,565.7599191975246,22.549955993155343,559.3512933689186,572.1685450261306
1.2,K2_B2,util_dentist,0.7651281748748602,0.01169222408229595,0.7618052819490205,0.7684510678006998
1.2,K2_B2,overtime_dentist_minutes,454.10883983786334,18.652243759341257,448.8079314390243,459.4097482367024
1.2,K2_B2,util_assistant,0.7125005140106441,0.010040788570914862,0.7096469538088118,0.7153540742124763
1.2,K2_B2,overtime_assistant_minutes,667.5415578160661,26.055594655437847,660.1366406206972,674.9464750114349
1.2,K2_B2,util_frontdesk,0.29440412991343207,0.003124685468629112,0.29351610423362123,0.2952921555932429
1.2,K2_B2,overtime_frontdesk_minutes,36.88798068382415,1.5143934099917589,36.45759488950643,37.318366478141876
1.2,K2_B2,util_sterilizer,0.7830649912354601,0.008222000315532049,0.7807283248756269,0.7854016575952933
1.2,K2_B2,overtime_sterilizer_minutes,339.0948042069792,10.878298491501097,336.00322634735585,342.1863820666025
1.2,K2_B2,maximum_wait,359.87241961369915,15.01278263361859,355.6058345004396,364.1390047269587
1.2,K2_B2,fraction_patients_worse_than_fifo,0.17306103552019717,0.025920131836496694,0.16569461642746527,0.18042745461292906
1.2,K2_B2,largest_patient_wait_increase,21.468843909248122,2.648201179286227,20.716233550182686,22.221454268313558
1.2,K2_B2,twice_count,7.755333333333333,0.6300707227337725,7.5762692363219815,7.934397430344684
1.2,K2_B2,twice_wait_sum,1759.4138928897016,204.06138040676268,1701.4202970932083,1817.407488686195
1.2,K2_B2,twice_fifo_wait_sum,1799.1723175619397,209.2479213375715,1739.7047233159421,1858.6399118079373
1.2,K2_B2,twice_worse_count,3.867333333333333,0.6755694666785867,3.675338637889667,4.059328028776998
1.2,K2_B2,batch_count,24.654,0.3275615951839528,24.56090803565238,24.74709196434762
1.2,K2_B2,batch_fill_fraction,0.30185110633986767,0.0028665835002105256,0.3010364324192232,0.30266578026051216
1.2,K2_B2,final_event_time,872.3717740006916,15.175490867767452,868.0589477243801,876.6846002770031
1.2,K2_B2,workload_dentist_minutes,1188.631887717729,16.365687640118853,1183.9808113012073,1193.2829641342505
1.2,K2_B2,workload_dentist_ratio,1.2381582163726343,0.017047591291790495,1.2333133451054243,1.2430030876398444
1.2,K2_B2,whole_run_util_dentist,0.6850011393360886,0.011051006288121924,0.6818604784695379,0.6881418002026394
1.2,K2_B2,workload_assistant_minutes,1693.5422979913935,21.264581609229776,1687.498971477729,1699.5856245050581
1.2,K2_B2,workload_assistant_ratio,1.176071040271801,0.014767070561965131,1.1718742857484228,1.1802677947951794
1.2,K2_B2,whole_run_util_assistant,0.650736234266172,0.009652789519711531,0.6479929421616155,0.6534795263707285
1.2,K2_B2,workload_chair_minutes,1456.0222979913933,18.9058602979579,1450.6493125782827,1461.395283404504
1.2,K2_B2,workload_chair_ratio,0.7583449468705175,0.00984680223851973,0.7555465169678557,0.7611433767731792
1.2,K2_B2,whole_run_util_chair,0.4195831391796435,0.006360025931826634,0.41777564002223144,0.4213906383370556
1.2,K2_B2,workload_frontdesk_minutes,178.2019630422716,2.337729344870214,177.53758779185546,178.86633829268771
1.2,K2_B2,workload_frontdesk_ratio,0.37125408967139906,0.004870269468479607,0.36986997456636544,0.37263820477643267
1.2,K2_B2,whole_run_util_frontdesk,0.20546748372311388,0.0033874661808033263,0.20450477660003058,0.20643019084619718
1.2,K2_B2,workload_sterilizer_minutes,714.9660000000002,9.499286260334634,712.2663330339192,717.6656669660813
1.2,K2_B2,workload_sterilizer_ratio,1.4895125000000002,0.019790179709030496,1.4838881938206647,1.4951368061793358
1.2,K2_B2,whole_run_util_sterilizer,0.8217582553386141,0.00809504384582135,0.819457669604,0.8240588410732282
1.2,K2_B2,kit_uses_per_stock_routine,7.702666666666667,0.28962325986194765,7.620356656648036,7.784976676685299
1.2,K2_B2,kit_circulation_routine,91.77846515402956,0.640527958192141,91.59642914393444,91.96050116412468
1.2,K2_B2,kit_uses_per_stock_restorative,4.167666666666667,0.22661388941387392,4.103263719483116,4.232069613850219
1.2,K2_B2,kit_circulation_restorative,101.46441821426717,0.8502061075505968,101.2227923404898,101.70604408804454
1.2,K2_B2,kit_uses_per_stock_impression,1.9380000000000002,0.1669059506784647,1.8905658592508694,1.985434140749131
1.2,K2_B2,kit_circulation_impression,99.0616742157832,1.6033447014250075,98.60600874713086,99.51733968443554
1.2,K2_B2,kit_uses_per_stock_complex,1.0366666666666666,0.1139379629905276,1.0042858596840951,1.0690474736492381
1.2,K2_B2,kit_circulation_complex,111.11567580560585,2.079311385480574,110.5247421179858,111.7066094932259
1.2,K2_unlimited,scheduled,34.0,0.0,34.0,34.0
1.2,K2_unlimited,attended,29.689999999999994,0.36954651378458453,29.5849760552158,29.795023944784187
1.2,K2_unlimited,completed,29.689999999999994,0.36954651378458453,29.5849760552158,29.795023944784187
1.2,K2_unlimited,mean_wait,137.17845862351504,6.234424503582336,135.4066549928437,138.95026225418638
1.2,K2_unlimited,p90_wait,302.2305782807714,14.326861624355068,298.15892973846053,306.30222682308226
1.2,K2_unlimited,post_registration_wait,133.8136651314954,6.234305281055442,132.04189538348732,135.5854348795035
1.2,K2_unlimited,registration_elapsed,3.364793492019653,0.03995668791968558,3.3534379282968074,3.376149055742499
1.2,K2_unlimited,mean_los,180.53938307605964,6.20014442058406,178.77732173603295,182.30144441608633
1.2,K2_unlimited,completed_by_close,18.570666666666668,0.2619168828364051,18.496230720946738,18.645102612386598
1.2,K2_unlimited,overtime,331.9584908781841,15.775803312376647,327.4750577129313,336.44192404343687
1.2,K2_unlimited,reprocessing_overtime,379.1904694008315,15.627299337001585,374.7492405934288,383.6316982082342
1.2,K2_unlimited,bypass_events,34.864666666666665,2.7798710389507777,34.074636151936566,35.65469718139676
1.2,K2_unlimited,max_bypasses,4.963333333333334,0.27530646703928124,4.885092110335572,5.041574556331096
1.2,K2_unlimited,kit_unavailable_wait,95.20024246413418,6.734836640612876,93.28622329444825,97.1142616338201
1.2,K2_unlimited,mean_cycle_queue,10.519295999299931,0.34110325856994467,10.422355537253951,10.616236461345911
1.2,K2_unlimited,wait_routine,184.29768801929887,10.19654178247165,181.39986324973205,187.1955127888657
1.2,K2_unlimited,count_routine,15.405333333333335,0.5792465197238953,15.240713313296071,15.569953353370598
1.2,K2_unlimited,wait_restorative,83.58593606017284,7.454882404854878,81.46728217262316,85.70458994772252
1.2,K2_unlimited,count_restorative,8.335333333333335,0.45322777882774784,8.206527438966232,8.464139227700437
1.2,K2_unlimited,wait_impression,55.4347434212694,7.6699750646718705,53.254960883372675,57.61452595916613
1.2,K2_unlimited,count_impression,3.8760000000000003,0.3338119013569294,3.781131718501739,3.970868281498262
1.2,K2_unlimited,wait_complex,50.405076987587314,6.2671329963121245,48.62397770723105,52.18617626794358
1.2,K2_unlimited,count_complex,2.0733333333333333,0.2278759259810552,2.0085717193681902,2.1380949472984763
1.2,K2_unlimited,util_chair,0.5025767210662863,0.005290609389288093,0.5010731466916157,0.5040802954409568
1.2,K2_unlimited,overtime_chair_minutes,491.0749935441241,17.057064925579308,486.227429900299,495.92255718794917
1.2,K2_unlimited,util_dentist,0.8313461115496332,0.00932579805348682,0.828695749380586,0.8339964737186805
1.2,K2_unlimited,overtime_dentist_minutes,390.5396206300811,14.142522893722614,386.52036056918024,394.558880690982
1.2,K2_unlimited,util_assistant,0.7709169561321474,0.00793088890307071,0.7686630227105722,0.7731708895537226
1.2,K2_unlimited,overtime_assistant_minutes,583.4218811611013,19.598797746441345,577.8519651273142,588.9917971948884
1.2,K2_unlimited,util_frontdesk,0.3022335537704742,0.003467939989869604,0.3012479762466032,0.30321913129434513
1.2,K2_unlimited,overtime_frontdesk_minutes,33.12985723244395,1.245992577742174,32.77575010166314,33.483964363224764
1.2,K2_unlimited,util_sterilizer,0.805465973921025,0.00687724571973914,0.8035114825436331,0.8074204652984169
1.2,K2_unlimited,overtime_sterilizer_minutes,317.16766585124134,10.279582093647162,314.2462412891438,320.08909041333885
1.2,K2_unlimited,maximum_wait,357.3219263533884,14.413124585283768,353.2257621517287,361.4180905550481
1.2,K2_unlimited,fraction_patients_worse_than_fifo,0.22186247451203264,0.025501615280872317,0.2146149964943471,0.2291099525297182
1.2,K2_unlimited,largest_patient_wait_increase,39.05036045917443,4.013025664339206,37.90987131892294,40.19084959942592
1.2,K2_unlimited,twice_count,0.0,0.0,0.0,0.0
1.2,K2_unlimited,twice_wait_sum,0.0,0.0,0.0,0.0
1.2,K2_unlimited,twice_fifo_wait_sum,0.0,0.0,0.0,0.0
1.2,K2_unlimited,twice_worse_count,0.0,0.0,0.0,0.0
1.2,K2_unlimited,batch_count,24.268666666666668,0.32932350091356716,24.175073974310095,24.36225935902324
1.2,K2_unlimited,batch_fill_fraction,0.3065284286280722,0.002467871301060504,0.3058270674473031,0.30722978980884136
1.2,K2_unlimited,final_event_time,859.1904694008314,15.627299337001595,854.7492405934287,863.6316982082341
1.2,K2_unlimited,workload_dentist_minutes,1188.631887717729,16.365687640118857,1183.9808113012073,1193.2829641342505
1.2,K2_unlimited,workload_dentist_ratio,1.2381582163726343,0.017047591291790502,1.2333133451054243,1.2430030876398444
1.2,K2_unlimited,whole_run_util_dentist,0.6962357448641591,0.012071750391198902,0.6928049917674788,0.6996664979608394
1.2,K2_unlimited,workload_assistant_minutes,1693.5422979913935,21.264581609229776,1687.498971477729,1699.5856245050581
1.2,K2_unlimited,workload_assistant_ratio,1.176071040271801,0.014767070561965131,1.1718742857484228,1.1802677947951794
1.2,K2_unlimited,whole_run_util_assistant,0.6613863081533172,0.010599775614346881,0.6583738856102245,0.66439873069641
1.2,K2_unlimited,workload_chair_minutes,1456.0222979913933,18.905860297957886,1450.6493125782827,1461.395283404504
1.2,K2_unlimited,workload_chair_ratio,0.7583449468705175,0.009846802238519728,0.7555465169678557,0.7611433767731792
1.2,K2_unlimited,whole_run_util_chair,0.4264560894746371,0.006985052193597259,0.4244709598399879,0.4284412191092863
1.2,K2_unlimited,workload_frontdesk_minutes,178.2019630422716,2.337729344870215,177.53758779185546,178.86633829268771
1.2,K2_unlimited,workload_frontdesk_ratio,0.37125408967139906,0.004870269468479614,0.36986997456636544,0.37263820477643267
1.2,K2_unlimited,whole_run_util_frontdesk,0.20881898748156336,0.0036390424480369976,0.20778478318285154,0.20985319178027517
1.2,K2_unlimited,workload_sterilizer_minutes,703.7913333333333,9.550381526493439,701.0771452549927,706.505521411674
1.2,K2_unlimited,workload_sterilizer_ratio,1.4662319444444443,0.01989662818019465,1.4605773859479014,1.471886502940987
1.2,K2_unlimited,whole_run_util_sterilizer,0.8220059635865337,0.008451705604345739,0.8196040157136321,0.8244079114594353
1.2,K2_unlimited,kit_uses_per_stock_routine,7.702666666666667,0.28962325986194765,7.620356656648036,7.784976676685299
1.2,K2_unlimited,kit_circulation_routine,91.52204909352452,0.6632351151497591,91.33355978158629,91.71053840546274
1.2,K2_unlimited,kit_uses_per_stock_restorative,4.167666666666667,0.22661388941387392,4.103263719483116,4.232069613850219
1.2,K2_unlimited,kit_circulation_restorative,101.49017194391875,0.9361743774856365,101.2241141610364,101.75622972680111
1.2,K2_unlimited,kit_uses_per_stock_impression,1.9380000000000002,0.1669059506784647,1.8905658592508694,1.985434140749131
1.2,K2_unlimited,kit_circulation_impression,99.15043472518533,1.65580707761864,98.67985961594626,99.62100983442441
1.2,K2_unlimited,kit_uses_per_stock_complex,1.0366666666666666,0.1139379629905276,1.0042858596840951,1.0690474736492381
1.2,K2_unlimited,kit_circulation_complex,111.44244507871247,2.1800882367801315,110.82287093022589,112.06201922719904
1.2,K50_B2,scheduled,34.0,0.0,34.0,34.0
1.2,K50_B2,attended,29.689999999999994,0.36954651378458453,29.5849760552158,29.795023944784187
1.2,K50_B2,completed,29.689999999999994,0.36954651378458453,29.5849760552158,29.795023944784187
1.2,K50_B2,mean_wait,101.42832129900806,4.152594938138489,100.24816701469946,102.60847558331666
1.2,K50_B2,p90_wait,183.16046035449457,7.675395417543417,180.97913736953785,185.3417833394513
1.2,K50_B2,post_registration_wait,98.03868838723676,4.156805057971184,96.85733760025164,99.22003917422188
1.2,K50_B2,registration_elapsed,3.3896329117712973,0.034641385735051995,3.3797879400370845,3.39947788350551
1.2,K50_B2,mean_los,144.81923640994296,4.292612943959267,143.59928945336284,146.03918336652308
1.2,K50_B2,completed_by_close,20.020666666666664,0.2318113628287192,19.95478661405639,20.08654671927694
1.2,K50_B2,overtime,200.87517417019362,8.526074123582195,198.4520910004711,203.29825733991612
1.2,K50_B2,reprocessing_overtime,256.1787529428685,8.47522696542127,253.7701203739011,258.587385511836
1.2,K50_B2,bypass_events,0.0,0.0,0.0,0.0
1.2,K50_B2,max_bypasses,0.0,0.0,0.0,0.0
1.2,K50_B2,kit_unavailable_wait,0.0,0.0,0.0,0.0
1.2,K50_B2,mean_cycle_queue,12.53378903180112,0.3220776229461226,12.442255594935212,12.62532246866703
1.2,K50_B2,wait_routine,102.38253985434993,4.438275739136811,101.12119599430245,103.6438837143974
1.2,K50_B2,count_routine,15.405333333333335,0.5792465197238953,15.240713313296071,15.569953353370598
1.2,K50_B2,wait_restorative,100.9020658614242,6.009737854934175,99.19411746223565,102.61001426061276
1.2,K50_B2,count_restorative,8.335333333333335,0.45322777882774784,8.206527438966232,8.464139227700437
1.2,K50_B2,wait_impression,101.56243103341902,8.5400854728898,99.13536588275193,103.98949618408611
1.2,K50_B2,count_impression,3.8760000000000003,0.3338119013569294,3.781131718501739,3.970868281498262
1.2,K50_B2,wait_complex,97.84783974300862,9.116346875913935,95.25700293298351,100.43867655303373
1.2,K50_B2,count_complex,2.0733333333333333,0.2278759259810552,2.0085717193681902,2.1380949472984763
1.2,K50_B2,util_chair,0.5307969700861619,0.002446496888990718,0.5301016834453742,0.5314922567269496
1.2,K50_B2,overtime_chair_minutes,436.8921154259627,19.492640401176644,431.35236897232767,442.4318618795977
1.2,K50_B2,util_dentist,0.8744327839702773,0.004365818984979643,0.8731920320894909,0.8756735358510638
1.2,K50_B2,overtime_dentist_minutes,349.1764151062629,16.23379750005003,344.56282144839685,353.7900087641289
1.2,K50_B2,util_assistant,0.8163665614507576,0.003944137235327055,0.8152456501831012,0.8174874727184139
1.2,K50_B2,overtime_assistant_minutes,517.9744495023025,22.315631741097704,511.6324178814396,524.3164811231653
1.2,K50_B2,util_frontdesk,0.3113817728162119,0.003231117494588315,0.3104634994928686,0.31230004613955514
1.2,K50_B2,overtime_frontdesk_minutes,28.73871209048985,1.3772163604948904,28.347311577685073,29.13011260329463
1.2,K50_B2,util_sterilizer,0.821337112399529,0.006243697998561923,0.819562673271056,0.823111551528002
1.2,K50_B2,overtime_sterilizer_minutes,248.76551938155947,8.717503535093996,246.28803258145552,251.24300618166342
1.2,K50_B2,maximum_wait,206.6065764115613,8.023884711781827,204.3262138766947,208.88693894642788
1.2,K50_B2,fraction_patients_worse_than_fifo,2.2988505747126437e-05,0.0001625532830313902,-2.320862068965516e-05,6.918563218390803e-05
1.2,K50_B2,largest_patient_wait_increase,0.00042833557047848103,0.003028789865087422,-0.0004324368835658122,0.0012891080245227742
1.2,K50_B2,twice_count,0.0,0.0,0.0,0.0
1.2,K50_B2,twice_wait_sum,0.0,0.0,0.0,0.0
1.2,K50_B2,twice_fifo_wait_sum,0.0,0.0,0.0,0.0
1.2,K50_B2,twice_worse_count,0.0,0.0,0.0,0.0
1.2,K50_B2,batch_count,22.172666666666665,0.2770667544014579,22.093925175594833,22.251408157738496
1.2,K50_B2,batch_fill_fraction,0.33538070744154375,0.0024714909847360824,0.3346783175581775,0.33608309732491
1.2,K50_B2,final_event_time,736.1787529428684,8.475226965421273,733.770120373901,738.5873855118358
1.2,K50_B2,workload_dentist_minutes,1188.631887717729,16.36568764011886,1183.9808113012073,1193.2829641342505
1.2,K50_B2,workload_dentist_ratio,1.2381582163726343,0.017047591291790506,1.2333133451054243,1.2430030876398444
1.2,K50_B2,whole_run_util_dentist,0.806616901733925,0.003747882140360545,0.8055517655405516,0.8076820379272983
1.2,K50_B2,workload_assistant_minutes,1693.5422979913935,21.264581609229765,1687.498971477729,1699.5856245050581
1.2,K50_B2,workload_assistant_ratio,1.176071040271801,0.014767070561965131,1.1718742857484228,1.1802677947951794
1.2,K50_B2,whole_run_util_assistant,0.7667590659756692,0.0033114141897991763,0.7658179725867331,0.7677001593646053
1.2,K50_B2,workload_chair_minutes,1456.0222979913933,18.905860297957886,1450.6493125782827,1461.395283404504
1.2,K50_B2,workload_chair_ratio,0.7583449468705175,0.009846802238519733,0.7555465169678557,0.7611433767731792
1.2,K50_B2,whole_run_util_chair,0.4942681998259738,0.0021021377159223895,0.49367077896778516,0.49486562068416245
1.2,K50_B2,workload_frontdesk_minutes,178.2019630422716,2.3377293448702146,177.53758779185546,178.86633829268771
1.2,K50_B2,workload_frontdesk_ratio,0.37125408967139906,0.004870269468479607,0.36986997456636544,0.37263820477643267
1.2,K50_B2,whole_run_util_frontdesk,0.24247109915426374,0.0023665102639423385,0.24179854445811422,0.24314365385041325
1.2,K50_B2,workload_sterilizer_minutes,643.0073333333333,8.034935877642285,640.7238300922503,645.2908365744164
1.2,K50_B2,workload_sterilizer_ratio,1.3395986111111111,0.016739449745088085,1.334841312692188,1.3443559095300341
1.2,K50_B2,whole_run_util_sterilizer,0.8734477964555574,0.0043613344427797344,0.8722083190674121,0.8746872738437026
1.2,K50_B2,kit_uses_per_stock_routine,0.30810666666666664,0.011584930394477909,0.30481426626592134,0.31139906706741194
1.2,K50_B2,kit_circulation_routine,94.54466423993101,0.612452438845334,94.37060720320915,94.71872127665287
1.2,K50_B2,kit_uses_per_stock_restorative,0.16670666666666667,0.009064555576554952,0.1641305487793246,0.16928278455400875
1.2,K50_B2,kit_circulation_restorative,102.29285334616789,0.8620944326774818,102.04784884817103,102.53785784416475
1.2,K50_B2,kit_uses_per_stock_impression,0.07751999999999999,0.006676238027138588,0.07562263437003476,0.07941736562996522
1.2,K50_B2,kit_circulation_impression,99.68489926368471,1.7171306814269698,99.19689618113215,100.17290234623728
1.2,K50_B2,kit_uses_per_stock_complex,0.04146666666666667,0.004557518519621105,0.040171434387363814,0.04276189894596953
1.2,K50_B2,kit_circulation_complex,111.36372277915399,1.9037278756585534,110.82268936701404,111.90475619129394
1.2,K50_FCFS,scheduled,34.0,0.0,34.0,34.0
1.2,K50_FCFS,attended,29.689999999999994,0.36954651378458453,29.5849760552158,29.795023944784187
1.2,K50_FCFS,completed,29.689999999999994,0.36954651378458453,29.5849760552158,29.795023944784187
1.2,K50_FCFS,mean_wait,101.42832129900806,4.152594938138489,100.24816701469946,102.60847558331666
1.2,K50_FCFS,p90_wait,183.16046035449457,7.675395417543417,180.97913736953785,185.3417833394513
1.2,K50_FCFS,post_registration_wait,98.03868838723676,4.156805057971184,96.85733760025164,99.22003917422188
1.2,K50_FCFS,registration_elapsed,3.3896329117712973,0.034641385735051995,3.3797879400370845,3.39947788350551
1.2,K50_FCFS,mean_los,144.81923640994296,4.292612943959267,143.59928945336284,146.03918336652308
1.2,K50_FCFS,completed_by_close,20.020666666666664,0.2318113628287192,19.95478661405639,20.08654671927694
1.2,K50_FCFS,overtime,200.87517417019362,8.526074123582195,198.4520910004711,203.29825733991612
1.2,K50_FCFS,reprocessing_overtime,256.1787529428685,8.47522696542127,253.7701203739011,258.587385511836
1.2,K50_FCFS,bypass_events,0.0,0.0,0.0,0.0
1.2,K50_FCFS,max_bypasses,0.0,0.0,0.0,0.0
1.2,K50_FCFS,kit_unavailable_wait,0.0,0.0,0.0,0.0
1.2,K50_FCFS,mean_cycle_queue,12.53378903180112,0.3220776229461226,12.442255594935212,12.62532246866703
1.2,K50_FCFS,wait_routine,102.38253985434993,4.438275739136811,101.12119599430245,103.6438837143974
1.2,K50_FCFS,count_routine,15.405333333333335,0.5792465197238953,15.240713313296071,15.569953353370598
1.2,K50_FCFS,wait_restorative,100.9020658614242,6.009737854934175,99.19411746223565,102.61001426061276
1.2,K50_FCFS,count_restorative,8.335333333333335,0.45322777882774784,8.206527438966232,8.464139227700437
1.2,K50_FCFS,wait_impression,101.56243103341902,8.5400854728898,99.13536588275193,103.98949618408611
1.2,K50_FCFS,count_impression,3.8760000000000003,0.3338119013569294,3.781131718501739,3.970868281498262
1.2,K50_FCFS,wait_complex,97.84783974300862,9.116346875913935,95.25700293298351,100.43867655303373
1.2,K50_FCFS,count_complex,2.0733333333333333,0.2278759259810552,2.0085717193681902,2.1380949472984763
1.2,K50_FCFS,util_chair,0.5307969700861619,0.002446496888990718,0.5301016834453742,0.5314922567269496
1.2,K50_FCFS,overtime_chair_minutes,436.8921154259627,19.492640401176644,431.35236897232767,442.4318618795977
1.2,K50_FCFS,util_dentist,0.8744327839702773,0.004365818984979643,0.8731920320894909,0.8756735358510638
1.2,K50_FCFS,overtime_dentist_minutes,349.1764151062629,16.23379750005003,344.56282144839685,353.7900087641289
1.2,K50_FCFS,util_assistant,0.8163665614507576,0.003944137235327055,0.8152456501831012,0.8174874727184139
1.2,K50_FCFS,overtime_assistant_minutes,517.9744495023025,22.315631741097704,511.6324178814396,524.3164811231653
1.2,K50_FCFS,util_frontdesk,0.3113817728162119,0.003231117494588315,0.3104634994928686,0.31230004613955514
1.2,K50_FCFS,overtime_frontdesk_minutes,28.73871209048985,1.3772163604948904,28.347311577685073,29.13011260329463
1.2,K50_FCFS,util_sterilizer,0.821337112399529,0.006243697998561923,0.819562673271056,0.823111551528002
1.2,K50_FCFS,overtime_sterilizer_minutes,248.76551938155947,8.717503535093996,246.28803258145552,251.24300618166342
1.2,K50_FCFS,maximum_wait,206.6065764115613,8.023884711781827,204.3262138766947,208.88693894642788
1.2,K50_FCFS,fraction_patients_worse_than_fifo,2.2988505747126437e-05,0.0001625532830313902,-2.320862068965516e-05,6.918563218390803e-05
1.2,K50_FCFS,largest_patient_wait_increase,0.00042833557047848103,0.003028789865087422,-0.0004324368835658122,0.0012891080245227742
1.2,K50_FCFS,twice_count,0.0,0.0,0.0,0.0
1.2,K50_FCFS,twice_wait_sum,0.0,0.0,0.0,0.0
1.2,K50_FCFS,twice_fifo_wait_sum,0.0,0.0,0.0,0.0
1.2,K50_FCFS,twice_worse_count,0.0,0.0,0.0,0.0
1.2,K50_FCFS,batch_count,22.172666666666665,0.2770667544014579,22.093925175594833,22.251408157738496
1.2,K50_FCFS,batch_fill_fraction,0.33538070744154375,0.0024714909847360824,0.3346783175581775,0.33608309732491
1.2,K50_FCFS,final_event_time,736.1787529428684,8.475226965421273,733.770120373901,738.5873855118358
1.2,K50_FCFS,workload_dentist_minutes,1188.631887717729,16.36568764011886,1183.9808113012073,1193.2829641342505
1.2,K50_FCFS,workload_dentist_ratio,1.2381582163726343,0.017047591291790506,1.2333133451054243,1.2430030876398444
1.2,K50_FCFS,whole_run_util_dentist,0.806616901733925,0.003747882140360545,0.8055517655405516,0.8076820379272983
1.2,K50_FCFS,workload_assistant_minutes,1693.5422979913935,21.264581609229765,1687.498971477729,1699.5856245050581
1.2,K50_FCFS,workload_assistant_ratio,1.176071040271801,0.014767070561965131,1.1718742857484228,1.1802677947951794
1.2,K50_FCFS,whole_run_util_assistant,0.7667590659756692,0.0033114141897991763,0.7658179725867331,0.7677001593646053
1.2,K50_FCFS,workload_chair_minutes,1456.0222979913933,18.905860297957886,1450.6493125782827,1461.395283404504
1.2,K50_FCFS,workload_chair_ratio,0.7583449468705175,0.009846802238519733,0.7555465169678557,0.7611433767731792
1.2,K50_FCFS,whole_run_util_chair,0.4942681998259738,0.0021021377159223895,0.49367077896778516,0.49486562068416245
1.2,K50_FCFS,workload_frontdesk_minutes,178.2019630422716,2.3377293448702146,177.53758779185546,178.86633829268771
1.2,K50_FCFS,workload_frontdesk_ratio,0.37125408967139906,0.004870269468479607,0.36986997456636544,0.37263820477643267
1.2,K50_FCFS,whole_run_util_frontdesk,0.24247109915426374,0.0023665102639423385,0.24179854445811422,0.24314365385041325
1.2,K50_FCFS,workload_sterilizer_minutes,643.0073333333333,8.034935877642285,640.7238300922503,645.2908365744164
1.2,K50_FCFS,workload_sterilizer_ratio,1.3395986111111111,0.016739449745088085,1.334841312692188,1.3443559095300341
1.2,K50_FCFS,whole_run_util_sterilizer,0.8734477964555574,0.0043613344427797344,0.8722083190674121,0.8746872738437026
1.2,K50_FCFS,kit_uses_per_stock_routine,0.30810666666666664,0.011584930394477909,0.30481426626592134,0.31139906706741194
1.2,K50_FCFS,kit_circulation_routine,94.54466423993101,0.612452438845334,94.37060720320915,94.71872127665287
1.2,K50_FCFS,kit_uses_per_stock_restorative,0.16670666666666667,0.009064555576554952,0.1641305487793246,0.16928278455400875
1.2,K50_FCFS,kit_circulation_restorative,102.29285334616789,0.8620944326774818,102.04784884817103,102.53785784416475
1.2,K50_FCFS,kit_uses_per_stock_impression,0.07751999999999999,0.006676238027138588,0.07562263437003476,0.07941736562996522
1.2,K50_FCFS,kit_circulation_impression,99.68489926368471,1.7171306814269698,99.19689618113215,100.17290234623728
1.2,K50_FCFS,kit_uses_per_stock_complex,0.04146666666666667,0.004557518519621105,0.040171434387363814,0.04276189894596953
1.2,K50_FCFS,kit_circulation_complex,111.36372277915399,1.9037278756585534,110.82268936701404,111.90475619129394
1.5,K2_B0,scheduled,42.0,0.0,42.0,42.0
1.5,K2_B0,attended,36.49066666666666,0.41332894445771684,36.373199894227454,36.60813343910587
1.5,K2_B0,completed,36.49066666666666,0.41332894445771684,36.373199894227454,36.60813343910587
1.5,K2_B0,mean_wait,298.60620471185973,8.618671894286061,296.15680554998255,301.0556038737369
1.5,K2_B0,p90_wait,544.3461736057336,14.669433468617271,540.1771672339903,548.5151799774769
1.5,K2_B0,post_registration_wait,295.16850396972956,8.609390032821498,292.7217426833825,297.6152652560766
1.5,K2_B0,registration_elapsed,3.4377007421301813,0.047530640121871776,3.4241926852617928,3.45120879899857
1.5,K2_B0,mean_los,341.88144175770867,8.647869399105222,339.42374475775273,344.3391387576646
1.5,K2_B0,completed_by_close,15.353333333333335,0.297990244707848,15.268645452812105,15.438021213854565
1.5,K2_B0,overtime,603.0190654771404,17.141211365101324,598.1475876826239,607.890543271657
1.5,K2_B0,reprocessing_overtime,655.8124538312128,16.738209680491458,651.0555078347071,660.5693998277185
1.5,K2_B0,bypass_events,0.0,0.0,0.0,0.0
1.5,K2_B0,max_bypasses,0.0,0.0,0.0,0.0
1.5,K2_B0,kit_unavailable_wait,139.95357965612493,7.075692007896821,137.9426904743087,141.96446883794115
1.5,K2_B0,mean_cycle_queue,10.27955252310122,0.2540681550176896,10.207347160883801,10.351757885318639
1.5,K2_B0,wait_routine,300.35836418360503,10.226849321693809,297.4519261077098,303.26480225950024
1.5,K2_B0,count_routine,19.022000000000002,0.5379312855999461,18.86912163819932,19.174878361800683
1.5,K2_B0,wait_restorative,296.3166217714734,14.936850528594745,292.0716163211464,300.56162722180045
1.5,K2_B0,count_restorative,10.186666666666666,0.5057044210319376,10.042947077357969,10.330386255975363
1.5,K2_B0,wait_impression,297.27584103674263,16.44629280147376,292.60185688953044,301.94982518395483
1.5,K2_B0,count_impression,4.711333333333333,0.3927696872352604,4.599709436458617,4.82295723020805
1.5,K2_B0,wait_complex,294.44659224250677,25.09760583448456,287.3139324255267,301.57925205948686
1.5,K2_B0,count_complex,2.5706666666666664,0.27901998888074553,2.4913700725632792,2.6499632607700536
1.5,K2_B0,util_chair,0.4074586902953964,0.00781732202189955,0.40523703222053,0.4096803483702628
1.5,K2_B0,overtime_chair_minutes,1005.0337379778097,27.562601071567137,997.2005343483027,1012.8669416073167
1.5,K2_B0,util_dentist,0.6715801580249314,0.013622846576543562,0.667708588321821,0.6754517277280419
1.5,K2_B0,overtime_dentist_minutes,814.3702079023352,23.819719800293136,807.6007192351001,821.1396965695703
1.5,K2_B0,util_assistant,0.626703695338312,0.011701256558474938,0.623378235411448,0.6300291552651761
1.5,K2_B0,overtime_assistant_minutes,1176.8264353911347,31.070681273831166,1167.9962465169615,1185.656624265308
1.5,K2_B0,util_frontdesk,0.3246204804377928,0.003880028329635737,0.32351778871739323,0.32572317215819235
1.5,K2_B0,overtime_frontdesk_minutes,63.39443835186118,1.685231922493834,62.915500795221895,63.87337590850047
1.5,K2_B0,util_sterilizer,0.7355512086510965,0.01063166549392379,0.7325297231055753,0.7385726941966176
1.5,K2_B0,overtime_sterilizer_minutes,560.2614198474737,13.066332354748038,556.5480097175734,563.9748299773739
1.5,K2_B0,maximum_wait,606.7453966689982,17.021252927696136,601.9080106811596,611.5827826568368
1.5,K2_B0,fraction_patients_worse_than_fifo,0.0,0.0,0.0,0.0
1.5,K2_B0,largest_patient_wait_increase,0.0,0.0,0.0,0.0
1.5,K2_B0,twice_count,0.0,0.0,0.0,0.0
1.5,K2_B0,twice_wait_sum,0.0,0.0,0.0,0.0
1.5,K2_B0,twice_fifo_wait_sum,0.0,0.0,0.0,0.0
1.5,K2_B0,twice_worse_count,0.0,0.0,0.0,0.0
1.5,K2_B0,batch_count,31.494,0.4298757928505764,31.371830665834075,31.616169334165924
1.5,K2_B0,batch_fill_fraction,0.29022081908308406,0.00249399975790295,0.28951203227791755,0.29092960588825056
1.5,K2_B0,final_event_time,1135.8124538312127,16.738209680491437,1131.055507834707,1140.5693998277184
1.5,K2_B0,workload_dentist_minutes,1459.0871596062696,22.4762307318259,1452.6994862626316,1465.4748329499075
1.5,K2_B0,workload_dentist_ratio,1.5198824579231973,0.023412740345651946,1.5132286315235746,1.52653628432282
1.5,K2_B0,whole_run_util_dentist,0.6445302909271589,0.009330463281290325,0.6418786029151962,0.6471819789391215
1.5,K2_B0,workload_assistant_minutes,2079.2797566783042,27.904926055446236,2071.349265376301,2087.2102479803075
1.5,K2_B0,workload_assistant_ratio,1.443944275471044,0.01937842087183767,1.438436989844653,1.4494515610974352
1.5,K2_B0,whole_run_util_assistant,0.6124249792011901,0.007711126278627125,0.6102335016190674,0.6146164567833128
1.5,K2_B0,workload_chair_minutes,1787.3544233449709,25.262805355121735,1780.1748143492364,1794.5340323407054
1.5,K2_B0,workload_chair_ratio,0.930913762158839,0.013157711122459231,0.9271743824735605,0.9346531418441175
1.5,K2_B0,whole_run_util_chair,0.39480610924172305,0.005228776860924594,0.3933201074751072,0.3962921110083389
1.5,K2_B0,workload_frontdesk_minutes,219.2122689620017,2.9135028332623354,218.38426071601538,220.04027720798803
1.5,K2_B0,workload_frontdesk_ratio,0.45669222700417017,0.006069797569296527,0.45496720982503197,0.45841724418330837
1.5,K2_B0,whole_run_util_frontdesk,0.1937609916992476,0.002237010949023518,0.19312524029684408,0.19439674310165111
1.5,K2_B0,workload_sterilizer_minutes,913.3259999999999,12.466397992666707,909.7830893091881,916.8689106908117
1.5,K2_B0,workload_sterilizer_ratio,1.9027624999999997,0.025971662484722297,1.8953814360608086,1.9101435639391908
1.5,K2_B0,whole_run_util_sterilizer,0.8056565200107603,0.005896679421742053,0.8039807024589808,0.8073323375625397
1.5,K2_B0,kit_uses_per_stock_routine,9.511000000000001,0.26896564279997304,9.43456081909966,9.587439180900342
1.5,K2_B0,kit_circulation_routine,90.81656322465774,0.6691935341188829,90.62638054898459,91.0067459003309
1.5,K2_B0,kit_uses_per_stock_restorative,5.093333333333333,0.2528522105159688,5.021473538678984,5.165193127987681
1.5,K2_B0,kit_circulation_restorative,101.5780381440075,0.719895370207549,101.37344616765037,101.78263012036462
1.5,K2_B0,kit_uses_per_stock_impression,2.3556666666666666,0.1963848436176302,2.2998547182293083,2.411478615104025
1.5,K2_B0,kit_circulation_impression,98.9334542001258,1.3200153838371398,98.55831002310019,99.3085983771514
1.5,K2_B0,kit_uses_per_stock_complex,1.2853333333333332,0.13950999444037276,1.2456850362816396,1.3249816303850268
1.5,K2_B0,kit_circulation_complex,112.1001815254881,1.8957308117542033,111.56142085349478,112.63894219748141
1.5,K2_B1,scheduled,42.0,0.0,42.0,42.0
1.5,K2_B1,attended,36.49066666666666,0.41332894445771684,36.373199894227454,36.60813343910587
1.5,K2_B1,completed,36.49066666666666,0.41332894445771684,36.373199894227454,36.60813343910587
1.5,K2_B1,mean_wait,261.9295468719789,8.60312013839071,259.4845674697031,264.3745262742547
1.5,K2_B1,p90_wait,487.54145157985346,15.28708411124916,483.1969108583922,491.88599230131473
1.5,K2_B1,post_registration_wait,258.47475315449685,8.590217018831577,256.03344077779315,260.91606553120056
1.5,K2_B1,registration_elapsed,3.454793717482074,0.04520370919442747,3.441946966988187,3.4676404679759614
1.5,K2_B1,mean_los,305.21973839663946,8.621704987619363,302.7694772392762,307.6699995540027
1.5,K2_B1,completed_by_close,16.608666666666668,0.2960671922265708,16.52452531154908,16.692808021784256
1.5,K2_B1,overtime,548.7276517516365,17.36963460445576,543.7912567984334,553.6640467048395
1.5,K2_B1,reprocessing_overtime,599.3515533707467,17.078212297289944,594.4979797110886,604.2051270304048
1.5,K2_B1,bypass_events,15.080666666666666,0.6232127279736752,14.903551589971157,15.257781743362175
1.5,K2_B1,max_bypasses,1.0,0.0,1.0,1.0
1.5,K2_B1,kit_unavailable_wait,140.03894247427502,7.210200131158984,137.9898265112998,142.08805843725023
1.5,K2_B1,mean_cycle_queue,10.696295419804096,0.29985505981260263,10.611077564756553,10.78151327485164
1.5,K2_B1,wait_routine,278.91957423067134,9.35253353965862,276.2616139214205,281.57753453992217
1.5,K2_B1,count_routine,19.022000000000002,0.5379312855999461,18.86912163819932,19.174878361800683
1.5,K2_B1,wait_restorative,248.3781779629041,14.136661087981667,244.36058380856574,252.39577211724244
1.5,K2_B1,count_restorative,10.186666666666666,0.5057044210319376,10.042947077357969,10.330386255975363
1.5,K2_B1,wait_impression,224.17621788893962,14.829671276498205,219.96167244143857,228.39076333644067
1.5,K2_B1,count_impression,4.711333333333333,0.3927696872352604,4.599709436458617,4.82295723020805
1.5,K2_B1,wait_complex,221.44795276287797,23.98223058721756,214.63227904646467,228.26362647929128
1.5,K2_B1,count_complex,2.5706666666666664,0.27901998888074553,2.4913700725632792,2.6499632607700536
1.5,K2_B1,util_chair,0.4421015040729345,0.007941149040820642,0.4398446547528179,0.44435835339305113
1.5,K2_B1,overtime_chair_minutes,938.5195355249364,27.38850419988418,930.735809673075,946.3032613767978
1.5,K2_B1,util_dentist,0.7292032150653511,0.014009860700357198,0.7252216571781991,0.7331847729525032
1.5,K2_B1,overtime_dentist_minutes,759.0520731435322,23.426213931480635,752.3944175936365,765.7097286934279
1.5,K2_B1,util_assistant,0.6797131097843253,0.011811601615473894,0.6763562901429431,0.6830699294257075
1.5,K2_B1,overtime_assistant_minutes,1100.4928785888756,31.10548600790072,1091.6527983198905,1109.3329588578606
1.5,K2_B1,util_frontdesk,0.3324521484091953,0.0038669222874563496,0.3313531813843316,0.33355111543405896
1.5,K2_B1,overtime_frontdesk_minutes,59.63523772558794,1.6583741028727483,59.16393307592976,60.10654237524612
1.5,K2_B1,util_sterilizer,0.7695804505243531,0.009275594607857394,0.7669443560150052,0.772216545033701
1.5,K2_B1,overtime_sterilizer_minutes,521.9260504149771,13.430586075581138,518.1091205352288,525.7429802947254
1.5,K2_B1,maximum_wait,557.5873525443322,17.30039822298833,552.6706343507063,562.5040707379582
1.5,K2_B1,fraction_patients_worse_than_fifo,0.14009808712204289,0.02792458582572436,0.13216200857580626,0.1480341656682795
1.5,K2_B1,largest_patient_wait_increase,15.681198702142929,2.5240663722204624,14.963867060740276,16.398530343545584
1.5,K2_B1,twice_count,0.0,0.0,0.0,0.0
1.5,K2_B1,twice_wait_sum,0.0,0.0,0.0,0.0
1.5,K2_B1,twice_fifo_wait_sum,0.0,0.0,0.0,0.0
1.5,K2_B1,twice_worse_count,0.0,0.0,0.0,0.0
1.5,K2_B1,batch_count,30.735333333333337,0.4211209531035676,30.615652096800286,30.855014569866388
1.5,K2_B1,batch_fill_fraction,0.2974404170543704,0.0022249817062792135,0.2968080843245254,0.29807274978421544
1.5,K2_B1,final_event_time,1079.3515533707466,17.078212297289944,1074.4979797110884,1084.2051270304048
1.5,K2_B1,workload_dentist_minutes,1459.0871596062696,22.476230731825886,1452.6994862626316,1465.4748329499075
1.5,K2_B1,workload_dentist_ratio,1.5198824579231973,0.02341274034565192,1.5132286315235746,1.52653628432282
1.5,K2_B1,whole_run_util_dentist,0.6787614907370844,0.010167735571257228,0.6758718526011974,0.6816511288729713
1.5,K2_B1,workload_assistant_minutes,2079.2797566783042,27.904926055446236,2071.349265376301,2087.2102479803075
1.5,K2_B1,workload_assistant_ratio,1.443944275471044,0.019378420871837655,1.438436989844653,1.4494515610974352
1.5,K2_B1,whole_run_util_assistant,0.6449176887257373,0.008502598570478082,0.6425012772336007,0.6473341002178739
1.5,K2_B1,workload_chair_minutes,1787.3544233449709,25.26280535512173,1780.1748143492364,1794.5340323407054
1.5,K2_B1,workload_chair_ratio,0.930913762158839,0.013157711122459236,0.9271743824735605,0.9346531418441175
1.5,K2_B1,whole_run_util_chair,0.41576203982163334,0.005743572522744286,0.41412973476396925,0.41739434487929744
1.5,K2_B1,workload_frontdesk_minutes,219.21226896200173,2.9135028332623443,218.3842607160154,220.04027720798805
1.5,K2_B1,workload_frontdesk_ratio,0.4566922270041702,0.006069797569296547,0.454967209825032,0.4584172441833084
1.5,K2_B1,whole_run_util_frontdesk,0.20402237534505152,0.002521922793328992,0.20330565290195746,0.20473909778814559
1.5,K2_B1,workload_sterilizer_minutes,891.3246666666668,12.212507640003457,887.8539108072083,894.7954225261252
1.5,K2_B1,workload_sterilizer_ratio,1.856926388888889,0.02544272425000719,1.8496956475150172,1.8641571302627606
1.5,K2_B1,whole_run_util_sterilizer,0.8275179520637557,0.006299814980475727,0.8257275646673647,0.8293083394601466
1.5,K2_B1,kit_uses_per_stock_routine,9.511000000000001,0.26896564279997304,9.43456081909966,9.587439180900342
1.5,K2_B1,kit_circulation_routine,91.46372936360129,0.6643397477669925,91.2749261185838,91.65253260861877
1.5,K2_B1,kit_uses_per_stock_restorative,5.093333333333333,0.2528522105159688,5.021473538678984,5.165193127987681
1.5,K2_B1,kit_circulation_restorative,101.78363116861102,0.8495746655383177,101.5421847486468,102.02507758857524
1.5,K2_B1,kit_uses_per_stock_impression,2.3556666666666666,0.1963848436176302,2.2998547182293083,2.411478615104025
1.5,K2_B1,kit_circulation_impression,99.16300516832325,1.3666193596806278,98.7746162894722,99.5513940471743
1.5,K2_B1,kit_uses_per_stock_complex,1.2853333333333332,0.13950999444037276,1.2456850362816396,1.3249816303850268
1.5,K2_B1,kit_circulation_complex,112.12946123637904,2.0550831426646043,111.54541313836899,112.7135093343891
1.5,K2_B2,scheduled,42.0,0.0,42.0,42.0
1.5,K2_B2,attended,36.49066666666666,0.41332894445771684,36.373199894227454,36.60813343910587
1.5,K2_B2,completed,36.49066666666666,0.41332894445771684,36.373199894227454,36.60813343910587
1.5,K2_B2,mean_wait,241.89130321556345,8.230063261435852,239.55234539212876,244.23026103899815
1.5,K2_B2,p90_wait,461.71369235696073,15.036188087840753,457.4404554879947,465.98692922592676
1.5,K2_B2,post_registration_wait,238.42530772314575,8.217408597288543,236.0899463150447,240.7606691312468
1.5,K2_B2,registration_elapsed,3.4659954924177714,0.04728026668423216,3.452558590884663,3.4794323939508796
1.5,K2_B2,mean_los,285.19353538111733,8.2330867082073,282.85371830371884,287.5333524585158
1.5,K2_B2,completed_by_close,17.460666666666665,0.2984988899503435,17.37583423078401,17.545499102549318
1.5,K2_B2,overtime,524.0666674083831,16.836330697786412,519.2818357305946,528.8514990861715
1.5,K2_B2,reprocessing_overtime,573.848270945157,16.452421140122507,569.1725451435769,578.523996746737
1.5,K2_B2,bypass_events,27.788000000000007,1.216566671876302,27.442255618149588,28.133744381850427
1.5,K2_B2,max_bypasses,2.0,0.0,2.0,2.0
1.5,K2_B2,kit_unavailable_wait,140.98267252329975,7.305230436455534,138.9065492495693,143.0587957970302
1.5,K2_B2,mean_cycle_queue,10.852398827492927,0.19290999351485708,10.797574420411566,10.907223234574287
1.5,K2_B2,wait_routine,272.4957205024656,9.098526990595111,269.9099480472158,275.0814929577154
1.5,K2_B2,count_routine,19.022000000000002,0.5379312855999461,18.86912163819932,19.174878361800683
1.5,K2_B2,wait_restorative,215.30912592142064,12.576128556253808,211.73503015316547,218.88322168967582
1.5,K2_B2,count_restorative,10.186666666666666,0.5057044210319376,10.042947077357969,10.330386255975363
1.5,K2_B2,wait_impression,179.4992737757758,13.94451565051138,175.53628674412076,183.46226080743085
1.5,K2_B2,count_impression,4.711333333333333,0.3927696872352604,4.599709436458617,4.82295723020805
1.5,K2_B2,wait_complex,174.4386321837185,19.820501209120312,168.80570873042046,180.07155563701656
1.5,K2_B2,count_complex,2.5706666666666664,0.27901998888074553,2.4913700725632792,2.6499632607700536
1.5,K2_B2,util_chair,0.46604035377855246,0.008129048374683564,0.4637301040649035,0.4683506034922014
1.5,K2_B2,overtime_chair_minutes,892.5569440901502,27.825329766335273,884.6490738005523,900.4648143797481
1.5,K2_B2,util_dentist,0.7691909952770273,0.014268218059857682,0.7651360130493751,0.7732459775046795
1.5,K2_B2,overtime_dentist_minutes,720.6638041403232,23.7397427531171,713.9170446957254,727.4105635849211
1.5,K2_B2,util_assistant,0.7162929910338185,0.012087619877720092,0.7128577278795027,0.7197282541881342
1.5,K2_B2,overtime_assistant_minutes,1047.8178495896054,31.40799192099195,1038.8917981014956,1056.7439010777152
1.5,K2_B2,util_frontdesk,0.3379166622226119,0.0039442324664533315,0.3367957238905721,0.3390376005546517
1.5,K2_B2,overtime_frontdesk_minutes,57.012271095148,1.631441015936858,56.54862074320259,57.47592144709341
1.5,K2_B2,util_sterilizer,0.7840712192464417,0.008894789788271585,0.7815433482566074,0.786599090236276
1.5,K2_B2,overtime_sterilizer_minutes,499.02048142837464,13.671415830716393,495.1351084975833,502.90585435916597
1.5,K2_B2,maximum_wait,537.5707922560642,16.36343791425379,532.9203552044838,542.2212293076446
1.5,K2_B2,fraction_patients_worse_than_fifo,0.16404567824112248,0.021267753788060118,0.15800145020431547,0.1700899062779295
1.5,K2_B2,largest_patient_wait_increase,23.12267172240045,1.9605817874217557,22.56548060922137,23.67986283557953
1.5,K2_B2,twice_count,11.192666666666666,0.6606631039807287,11.004908312128723,11.380425021204609
1.5,K2_B2,twice_wait_sum,3461.7670592423774,292.40924302156225,3378.665281663747,3544.868836821008
1.5,K2_B2,twice_fifo_wait_sum,3605.099964481752,297.60249141301017,3520.5222822146206,3689.6776467488835
1.5,K2_B2,twice_worse_count,4.734,0.6335119690787115,4.553957911713834,4.914042088286166
1.5,K2_B2,batch_count,30.185333333333332,0.42539350863431014,30.064437850096795,30.30622881656987
1.5,K2_B2,batch_fill_fraction,0.3029158204272456,0.0021364763694013806,0.3023086406328678,0.3035230002216234
1.5,K2_B2,final_event_time,1053.848270945157,16.452421140122503,1049.172545143577,1058.523996746737
1.5,K2_B2,workload_dentist_minutes,1459.0871596062696,22.476230731825904,1452.6994862626316,1465.4748329499075
1.5,K2_B2,workload_dentist_ratio,1.5198824579231973,0.02341274034565194,1.5132286315235746,1.52653628432282
1.5,K2_B2,whole_run_util_dentist,0.6957464026658097,0.010814043327181925,0.6926730859196805,0.6988197194119389
1.5,K2_B2,workload_assistant_minutes,2079.2797566783042,27.90492605544621,2071.349265376301,2087.2102479803075
1.5,K2_B2,workload_assistant_ratio,1.443944275471044,0.01937842087183766,1.438436989844653,1.4494515610974352
1.5,K2_B2,whole_run_util_assistant,0.6610238706489381,0.008865142397610196,0.6585044253533092,0.663543315944567
1.5,K2_B2,workload_chair_minutes,1787.3544233449709,25.262805355121735,1780.1748143492364,1794.5340323407054
1.5,K2_B2,workload_chair_ratio,0.930913762158839,0.013157711122459228,0.9271743824735605,0.9346531418441175
1.5,K2_B2,whole_run_util_chair,0.42615307471428615,0.0060269019178104235,0.4244402483429762,0.4278659010855961
1.5,K2_B2,workload_frontdesk_minutes,219.21226896200173,2.9135028332623425,218.3842607160154,220.04027720798805
1.5,K2_B2,workload_frontdesk_ratio,0.45669222700417017,0.006069797569296545,0.45496720982503197,0.45841724418330837
1.5,K2_B2,whole_run_util_frontdesk,0.20910363393723283,0.0025036377881063818,0.20839210803451255,0.2098151598399531
1.5,K2_B2,workload_sterilizer_minutes,875.3746666666666,12.336411750394989,871.8686976528071,878.8806356805261
1.5,K2_B2,workload_sterilizer_ratio,1.823697222222222,0.025700857813322892,1.8163931201100147,1.8310013243344294
1.5,K2_B2,whole_run_util_sterilizer,0.8325743171493023,0.005858443067150366,0.8309093662479811,0.8342392680506235
1.5,K2_B2,kit_uses_per_stock_routine,9.511000000000001,0.26896564279997304,9.43456081909966,9.587439180900342
1.5,K2_B2,kit_circulation_routine,91.70304963907152,0.5802551333813049,91.53814297423824,91.8679563039048
1.5,K2_B2,kit_uses_per_stock_restorative,5.093333333333333,0.2528522105159688,5.021473538678984,5.165193127987681
1.5,K2_B2,kit_circulation_restorative,101.88285353410272,0.7768292546080681,101.6620811287371,102.10362593946834
1.5,K2_B2,kit_uses_per_stock_impression,2.3556666666666666,0.1963848436176302,2.2998547182293083,2.411478615104025
1.5,K2_B2,kit_circulation_impression,99.3024526647568,1.2632230411125762,98.9434486910452,99.6614566384684
1.5,K2_B2,kit_uses_per_stock_complex,1.2853333333333332,0.13950999444037276,1.2456850362816396,1.3249816303850268
1.5,K2_B2,kit_circulation_complex,111.87076610578528,1.862217942772819,111.34152968465125,112.40000252691931
1.5,K2_unlimited,scheduled,42.0,0.0,42.0,42.0
1.5,K2_unlimited,attended,36.49066666666666,0.41332894445771684,36.373199894227454,36.60813343910587
1.5,K2_unlimited,completed,36.49066666666666,0.41332894445771684,36.373199894227454,36.60813343910587
1.5,K2_unlimited,mean_wait,209.8629026346393,6.14979664677335,208.11514997192242,211.6106552973562
1.5,K2_unlimited,p90_wait,449.167381495926,14.461019854224247,445.0576056110465,453.27715738080553
1.5,K2_unlimited,post_registration_wait,206.3761135560517,6.13645202073074,204.63215339364638,208.12007371845704
1.5,K2_unlimited,registration_elapsed,3.486789078587603,0.04423025916365721,3.474218979498798,3.499359177676408
1.5,K2_unlimited,mean_los,253.18255984953493,6.213840691971447,251.41660607270725,254.9485136263626
1.5,K2_unlimited,completed_by_close,19.107999999999997,0.22229069239947397,19.04482569166865,19.171174308331345
1.5,K2_unlimited,overtime,506.32793332614506,17.163939444327042,501.4499962837433,511.2058703685468
1.5,K2_unlimited,reprocessing_overtime,553.0037719437557,16.8022659735423,548.2286213523385,557.778922535173
1.5,K2_unlimited,bypass_events,60.76,4.62259559367632,59.44627302306816,62.07372697693184
1.5,K2_unlimited,max_bypasses,6.518666666666666,0.35864193324425836,6.416741769016846,6.620591564316487
1.5,K2_unlimited,kit_unavailable_wait,142.8285479790242,6.9209184905651755,140.86164493895728,144.7954510190911
1.5,K2_unlimited,mean_cycle_queue,10.706835877099566,0.30539726930537586,10.620042943727535,10.793628810471597
1.5,K2_unlimited,wait_routine,279.1597785105181,9.75655639397805,276.38699619007025,281.93256083096594
1.5,K2_unlimited,count_routine,19.022000000000002,0.5379312855999461,18.86912163819932,19.174878361800683
1.5,K2_unlimited,wait_restorative,138.77500819183004,11.174248030825352,135.59932241367008,141.95069396999
1.5,K2_unlimited,count_restorative,10.186666666666666,0.5057044210319376,10.042947077357969,10.330386255975363
1.5,K2_unlimited,wait_impression,89.34527012594745,9.156607493588306,86.74299137632912,91.94754887556579
1.5,K2_unlimited,count_impression,4.711333333333333,0.3927696872352604,4.599709436458617,4.82295723020805
1.5,K2_unlimited,wait_complex,83.53450219135696,10.902618181569895,80.43601275310505,86.63299162960888
1.5,K2_unlimited,count_complex,2.5706666666666664,0.27901998888074553,2.4913700725632792,2.6499632607700536
1.5,K2_unlimited,util_chair,0.518579822112189,0.0034949523232620026,0.5175865677690141,0.5195730764553639
1.5,K2_unlimited,overtime_chair_minutes,791.6811648895679,24.314354670059082,784.7711025643144,798.5912272148213
1.5,K2_unlimited,util_dentist,0.8587981505942188,0.0068031533420253405,0.8568647160351046,0.860731585153333
1.5,K2_unlimited,overtime_dentist_minutes,634.6409350358193,20.65806923420354,628.7699774116168,640.5118926600219
1.5,K2_unlimited,util_assistant,0.7951463689917834,0.00503342573387186,0.7937158853946423,0.7965768525889244
1.5,K2_unlimited,overtime_assistant_minutes,934.268985330136,27.511120036469197,926.4504124471952,942.0875582130769
1.5,K2_unlimited,util_frontdesk,0.34814441139878705,0.0039054528880584248,0.347034494099684,0.3492543286978901
1.5,K2_unlimited,overtime_frontdesk_minutes,52.10295149058391,1.4339475275426536,51.695428160398045,52.51047482076978
1.5,K2_unlimited,util_sterilizer,0.8152293108908459,0.005861635504414276,0.813563452709,0.8168951690726919
1.5,K2_unlimited,overtime_sterilizer_minutes,465.8525974390607,11.413853690222973,462.6088164939761,469.0963783841452
1.5,K2_unlimited,maximum_wait,526.9198126183717,16.099856990904996,522.3442844275364,531.4953408092069
1.5,K2_unlimited,fraction_patients_worse_than_fifo,0.23360610601791038,0.02866610664833617,0.22545928961046985,0.2417529224253509
1.5,K2_unlimited,largest_patient_wait_increase,50.48457670648141,4.7605755858298275,49.1316362542854,51.83751715867743
1.5,K2_unlimited,twice_count,0.0,0.0,0.0,0.0
1.5,K2_unlimited,twice_wait_sum,0.0,0.0,0.0,0.0
1.5,K2_unlimited,twice_fifo_wait_sum,0.0,0.0,0.0,0.0
1.5,K2_unlimited,twice_worse_count,0.0,0.0,0.0,0.0
1.5,K2_unlimited,batch_count,29.557333333333332,0.3771861447019256,29.450138229721478,29.664528436945186
1.5,K2_unlimited,batch_fill_fraction,0.30928859484685683,0.002125575118398335,0.30868451315336953,0.30989267654034414
1.5,K2_unlimited,final_event_time,1033.003771943756,16.802265973542298,1028.2286213523387,1037.7789225351733
1.5,K2_unlimited,workload_dentist_minutes,1459.0871596062696,22.47623073182589,1452.6994862626316,1465.4748329499075
1.5,K2_unlimited,workload_dentist_ratio,1.5198824579231973,0.023412740345651946,1.5132286315235746,1.52653628432282
1.5,K2_unlimited,whole_run_util_dentist,0.7106330568779794,0.012878350049351037,0.7069730707218578,0.714293043034101
1.5,K2_unlimited,workload_assistant_minutes,2079.2797566783042,27.904926055446218,2071.349265376301,2087.2102479803075
1.5,K2_unlimited,workload_assistant_ratio,1.443944275471044,0.01937842087183767,1.438436989844653,1.4494515610974352
1.5,K2_unlimited,whole_run_util_assistant,0.6751279296801777,0.010879030591781212,0.6720361437599813,0.678219715600374
1.5,K2_unlimited,workload_chair_minutes,1787.3544233449709,25.26280535512173,1780.1748143492364,1794.5340323407054
1.5,K2_unlimited,workload_chair_ratio,0.930913762158839,0.013157711122459236,0.9271743824735605,0.9346531418441175
1.5,K2_unlimited,whole_run_util_chair,0.43525571895991083,0.007322642881692636,0.4331746471245814,0.43733679079524024
1.5,K2_unlimited,workload_frontdesk_minutes,219.2122689620017,2.913502833262345,218.38426071601538,220.04027720798803
1.5,K2_unlimited,workload_frontdesk_ratio,0.45669222700417017,0.006069797569296547,0.45496720982503197,0.45841724418330837
1.5,K2_unlimited,whole_run_util_frontdesk,0.21354215803451979,0.003155187243010218,0.21264546384736568,0.2144388522216739
1.5,K2_unlimited,workload_sterilizer_minutes,857.1626666666666,10.938398196355843,854.0540086619228,860.2713246714104
1.5,K2_unlimited,workload_sterilizer_ratio,1.7857555555555555,0.022788329575741326,1.7792791847123393,1.7922319263987718
1.5,K2_unlimited,whole_run_util_sterilizer,0.8323672009355165,0.007386549583989137,0.8302679670184925,0.8344664348525406
1.5,K2_unlimited,kit_uses_per_stock_routine,9.511000000000001,0.26896564279997304,9.43456081909966,9.587439180900342
1.5,K2_unlimited,kit_circulation_routine,91.39021753759705,0.7043892933629985,91.19003233900023,91.59040273619388
1.5,K2_unlimited,kit_uses_per_stock_restorative,5.093333333333333,0.2528522105159688,5.021473538678984,5.165193127987681
1.5,K2_unlimited,kit_circulation_restorative,101.87987276439293,0.7574464738517309,101.66460888371901,102.09513664506684
1.5,K2_unlimited,kit_uses_per_stock_impression,2.3556666666666666,0.1963848436176302,2.2998547182293083,2.411478615104025
1.5,K2_unlimited,kit_circulation_impression,99.4337229371648,1.3252726454164956,99.05708466310612,99.81036121122348
1.5,K2_unlimited,kit_uses_per_stock_complex,1.2853333333333332,0.13950999444037276,1.2456850362816396,1.3249816303850268
1.5,K2_unlimited,kit_circulation_complex,112.33233384345327,1.7646978968673883,111.83081230944302,112.83385537746352
1.5,K50_B2,scheduled,42.0,0.0,42.0,42.0
1.5,K50_B2,attended,36.49066666666666,0.41332894445771684,36.373199894227454,36.60813343910587
1.5,K50_B2,completed,36.49066666666666,0.41332894445771684,36.373199894227454,36.60813343910587
1.5,K50_B2,mean_wait,172.28907161767611,6.087701548916972,170.55896618442935,174.01917705092288
1.5,K50_B2,p90_wait,311.9467903966448,10.676692156281101,308.91250841677817,314.98107237651146
1.5,K50_B2,post_registration_wait,168.77931696685562,6.086157930932454,167.04965022493437,170.50898370877687
1.5,K50_B2,registration_elapsed,3.5097546508205335,0.05362454967890454,3.494514724222721,3.524994577418346
1.5,K50_B2,mean_los,215.6451119747793,6.323020227583636,213.84812972090748,217.44209422865111
1.5,K50_B2,completed_by_close,20.116666666666664,0.25055493963954856,20.045459749094576,20.18787358423875
1.5,K50_B2,overtime,344.57123032012214,11.733826665086454,341.23651407246814,347.90594656777614
1.5,K50_B2,reprocessing_overtime,399.37033139817635,11.863428880257235,395.99878261285176,402.74188018350094
1.5,K50_B2,bypass_events,0.0,0.0,0.0,0.0
1.5,K50_B2,max_bypasses,0.0,0.0,0.0,0.0
1.5,K50_B2,kit_unavailable_wait,0.0,0.0,0.0,0.0
1.5,K50_B2,mean_cycle_queue,12.694602343321119,0.2477553916421138,12.624191048392829,12.765013638249409
1.5,K50_B2,wait_routine,172.87206808164808,7.875475369228985,170.63388301028428,175.11025315301188
1.5,K50_B2,count_routine,19.022000000000002,0.5379312855999461,18.86912163819932,19.174878361800683
1.5,K50_B2,wait_restorative,171.55662828634206,7.414675722281654,169.44940101020126,173.66385556248287
1.5,K50_B2,count_restorative,10.186666666666666,0.5057044210319376,10.042947077357969,10.330386255975363
1.5,K50_B2,wait_impression,173.04164038223004,9.976903859999283,170.2062360122119,175.8770447522482
1.5,K50_B2,count_impression,4.711333333333333,0.3927696872352604,4.599709436458617,4.82295723020805
1.5,K50_B2,wait_complex,171.35035149346928,14.952650645368573,167.10085570016855,175.59984728677
1.5,K50_B2,count_complex,2.5706666666666664,0.27901998888074553,2.4913700725632792,2.6499632607700536
1.5,K50_B2,util_chair,0.5337236834295762,0.0018390740956730116,0.5332010244162358,0.5342463424429166
1.5,K50_B2,overtime_chair_minutes,762.6049511601843,25.830943192870453,755.263879196526,769.9460231238427
1.5,K50_B2,util_dentist,0.8797203033890171,0.0035234378575876323,0.8787189535475151,0.8807216532305191
1.5,K50_B2,overtime_dentist_minutes,614.555668352813,22.15054094051161,608.2605550128116,620.8507816928144
1.5,K50_B2,util_assistant,0.820892055954027,0.0031417478841146537,0.8199991811899603,0.8217849307180938
1.5,K50_B2,overtime_assistant_minutes,897.195196104505,29.183861103801167,888.9012355262654,905.4891566827447
1.5,K50_B2,util_frontdesk,0.35455166783619696,0.004112812864372561,0.3533828194908236,0.3557205161815703
1.5,K50_B2,overtime_frontdesk_minutes,49.02746840062714,1.5675666919085744,48.58197092857545,49.472965872678834
1.5,K50_B2,util_sterilizer,0.8238637174688964,0.005340866197635555,0.8223458602690117,0.8253815746687811
1.5,K50_B2,overtime_sterilizer_minutes,388.4154156149297,11.3923915914103,385.17773413012037,391.65309709973906
1.5,K50_B2,maximum_wait,347.5958079937804,11.635771332048984,344.2889587601519,350.9026572274089
1.5,K50_B2,fraction_patients_worse_than_fifo,0.0,0.0,0.0,0.0
1.5,K50_B2,largest_patient_wait_increase,0.0,0.0,0.0,0.0
1.5,K50_B2,twice_count,0.0,0.0,0.0,0.0
1.5,K50_B2,twice_wait_sum,0.0,0.0,0.0,0.0
1.5,K50_B2,twice_fifo_wait_sum,0.0,0.0,0.0,0.0
1.5,K50_B2,twice_worse_count,0.0,0.0,0.0,0.0
1.5,K50_B2,batch_count,27.03,0.3906068306431989,26.918990780095104,27.1410092199049
1.5,K50_B2,batch_fill_fraction,0.338098341059785,0.002921990900094095,0.33726792053218047,0.3389287615873895
1.5,K50_B2,final_event_time,879.3703313981764,11.863428880257239,875.9987826128518,882.741880183501
1.5,K50_B2,workload_dentist_minutes,1459.0871596062696,22.476230731825886,1452.6994862626316,1465.4748329499075
1.5,K50_B2,workload_dentist_ratio,1.5198824579231973,0.023412740345651946,1.5132286315235746,1.52653628432282
1.5,K50_B2,whole_run_util_dentist,0.829117579694457,0.003553747059673228,0.828107616074046,0.8301275433148679
1.5,K50_B2,workload_assistant_minutes,2079.2797566783042,27.904926055446218,2071.349265376301,2087.2102479803075
1.5,K50_B2,workload_assistant_ratio,1.443944275471044,0.019378420871837665,1.438436989844653,1.4494515610974352
1.5,K50_B2,whole_run_util_assistant,0.7882196538983227,0.00277652206104886,0.7874305751524692,0.7890087326441763
1.5,K50_B2,workload_chair_minutes,1787.3544233449709,25.262805355121742,1780.1748143492364,1794.5340323407054
1.5,K50_B2,workload_chair_ratio,0.930913762158839,0.013157711122459217,0.9271743824735605,0.9346531418441175
1.5,K50_B2,whole_run_util_chair,0.5080327755747748,0.0017820290141693789,0.5075263285923063,0.5085392225572433
1.5,K50_B2,workload_frontdesk_minutes,219.2122689620017,2.9135028332623403,218.38426071601538,220.04027720798803
1.5,K50_B2,workload_frontdesk_ratio,0.45669222700417017,0.006069797569296546,0.45496720982503197,0.45841724418330837
1.5,K50_B2,whole_run_util_frontdesk,0.24970479698221465,0.0027503899838182883,0.24892314488966125,0.250486449074768
1.5,K50_B2,workload_sterilizer_minutes,783.87,11.32759808865277,780.650732622758,787.089267377242
1.5,K50_B2,workload_sterilizer_ratio,1.6330625000000003,0.023599162684693267,1.6263556929640794,1.6397693070359212
1.5,K50_B2,whole_run_util_sterilizer,0.891428806571292,0.003584272653367298,0.8904101676741647,0.8924474454684193
1.5,K50_B2,kit_uses_per_stock_routine,0.38044000000000006,0.010758625711998924,0.3773824327639865,0.38349756723601364
1.5,K50_B2,kit_circulation_routine,94.50983156139745,0.702839366737618,94.31008684702182,94.70957627577307
1.5,K50_B2,kit_uses_per_stock_restorative,0.20373333333333335,0.010114088420638753,0.2008589415471594,0.2066077251195073
1.5,K50_B2,kit_circulation_restorative,102.5778171747016,0.7226124475594741,102.37245301359603,102.78318133580716
1.5,K50_B2,kit_uses_per_stock_impression,0.09422666666666668,0.00785539374470521,0.09199418872917235,0.09645914460416101
1.5,K50_B2,kit_circulation_impression,99.59076591440503,1.3877648459338745,99.19636755556199,99.98516427324806
1.5,K50_B2,kit_uses_per_stock_complex,0.05141333333333333,0.0055803997776149115,0.04982740145126558,0.05299926521540108
1.5,K50_B2,kit_circulation_complex,112.26635872754235,2.0225899664091833,111.69154508695948,112.84117236812523
1.5,K50_FCFS,scheduled,42.0,0.0,42.0,42.0
1.5,K50_FCFS,attended,36.49066666666666,0.41332894445771684,36.373199894227454,36.60813343910587
1.5,K50_FCFS,completed,36.49066666666666,0.41332894445771684,36.373199894227454,36.60813343910587
1.5,K50_FCFS,mean_wait,172.28907161767611,6.087701548916972,170.55896618442935,174.01917705092288
1.5,K50_FCFS,p90_wait,311.9467903966448,10.676692156281101,308.91250841677817,314.98107237651146
1.5,K50_FCFS,post_registration_wait,168.77931696685562,6.086157930932454,167.04965022493437,170.50898370877687
1.5,K50_FCFS,registration_elapsed,3.5097546508205335,0.05362454967890454,3.494514724222721,3.524994577418346
1.5,K50_FCFS,mean_los,215.6451119747793,6.323020227583636,213.84812972090748,217.44209422865111
1.5,K50_FCFS,completed_by_close,20.116666666666664,0.25055493963954856,20.045459749094576,20.18787358423875
1.5,K50_FCFS,overtime,344.57123032012214,11.733826665086454,341.23651407246814,347.90594656777614
1.5,K50_FCFS,reprocessing_overtime,399.37033139817635,11.863428880257235,395.99878261285176,402.74188018350094
1.5,K50_FCFS,bypass_events,0.0,0.0,0.0,0.0
1.5,K50_FCFS,max_bypasses,0.0,0.0,0.0,0.0
1.5,K50_FCFS,kit_unavailable_wait,0.0,0.0,0.0,0.0
1.5,K50_FCFS,mean_cycle_queue,12.694602343321119,0.2477553916421138,12.624191048392829,12.765013638249409
1.5,K50_FCFS,wait_routine,172.87206808164808,7.875475369228985,170.63388301028428,175.11025315301188
1.5,K50_FCFS,count_routine,19.022000000000002,0.5379312855999461,18.86912163819932,19.174878361800683
1.5,K50_FCFS,wait_restorative,171.55662828634206,7.414675722281654,169.44940101020126,173.66385556248287
1.5,K50_FCFS,count_restorative,10.186666666666666,0.5057044210319376,10.042947077357969,10.330386255975363
1.5,K50_FCFS,wait_impression,173.04164038223004,9.976903859999283,170.2062360122119,175.8770447522482
1.5,K50_FCFS,count_impression,4.711333333333333,0.3927696872352604,4.599709436458617,4.82295723020805
1.5,K50_FCFS,wait_complex,171.35035149346928,14.952650645368573,167.10085570016855,175.59984728677
1.5,K50_FCFS,count_complex,2.5706666666666664,0.27901998888074553,2.4913700725632792,2.6499632607700536
1.5,K50_FCFS,util_chair,0.5337236834295762,0.0018390740956730116,0.5332010244162358,0.5342463424429166
1.5,K50_FCFS,overtime_chair_minutes,762.6049511601843,25.830943192870453,755.263879196526,769.9460231238427
1.5,K50_FCFS,util_dentist,0.8797203033890171,0.0035234378575876323,0.8787189535475151,0.8807216532305191
1.5,K50_FCFS,overtime_dentist_minutes,614.555668352813,22.15054094051161,608.2605550128116,620.8507816928144
1.5,K50_FCFS,util_assistant,0.820892055954027,0.0031417478841146537,0.8199991811899603,0.8217849307180938
1.5,K50_FCFS,overtime_assistant_minutes,897.195196104505,29.183861103801167,888.9012355262654,905.4891566827447
1.5,K50_FCFS,util_frontdesk,0.35455166783619696,0.004112812864372561,0.3533828194908236,0.3557205161815703
1.5,K50_FCFS,overtime_frontdesk_minutes,49.02746840062714,1.5675666919085744,48.58197092857545,49.472965872678834
1.5,K50_FCFS,util_sterilizer,0.8238637174688964,0.005340866197635555,0.8223458602690117,0.8253815746687811
1.5,K50_FCFS,overtime_sterilizer_minutes,388.4154156149297,11.3923915914103,385.17773413012037,391.65309709973906
1.5,K50_FCFS,maximum_wait,347.5958079937804,11.635771332048984,344.2889587601519,350.9026572274089
1.5,K50_FCFS,fraction_patients_worse_than_fifo,0.0,0.0,0.0,0.0
1.5,K50_FCFS,largest_patient_wait_increase,0.0,0.0,0.0,0.0
1.5,K50_FCFS,twice_count,0.0,0.0,0.0,0.0
1.5,K50_FCFS,twice_wait_sum,0.0,0.0,0.0,0.0
1.5,K50_FCFS,twice_fifo_wait_sum,0.0,0.0,0.0,0.0
1.5,K50_FCFS,twice_worse_count,0.0,0.0,0.0,0.0
1.5,K50_FCFS,batch_count,27.03,0.3906068306431989,26.918990780095104,27.1410092199049
1.5,K50_FCFS,batch_fill_fraction,0.338098341059785,0.002921990900094095,0.33726792053218047,0.3389287615873895
1.5,K50_FCFS,final_event_time,879.3703313981764,11.863428880257239,875.9987826128518,882.741880183501
1.5,K50_FCFS,workload_dentist_minutes,1459.0871596062696,22.476230731825886,1452.6994862626316,1465.4748329499075
1.5,K50_FCFS,workload_dentist_ratio,1.5198824579231973,0.023412740345651946,1.5132286315235746,1.52653628432282
1.5,K50_FCFS,whole_run_util_dentist,0.829117579694457,0.003553747059673228,0.828107616074046,0.8301275433148679
1.5,K50_FCFS,workload_assistant_minutes,2079.2797566783042,27.904926055446218,2071.349265376301,2087.2102479803075
1.5,K50_FCFS,workload_assistant_ratio,1.443944275471044,0.019378420871837665,1.438436989844653,1.4494515610974352
1.5,K50_FCFS,whole_run_util_assistant,0.7882196538983227,0.00277652206104886,0.7874305751524692,0.7890087326441763
1.5,K50_FCFS,workload_chair_minutes,1787.3544233449709,25.262805355121742,1780.1748143492364,1794.5340323407054
1.5,K50_FCFS,workload_chair_ratio,0.930913762158839,0.013157711122459217,0.9271743824735605,0.9346531418441175
1.5,K50_FCFS,whole_run_util_chair,0.5080327755747748,0.0017820290141693789,0.5075263285923063,0.5085392225572433
1.5,K50_FCFS,workload_frontdesk_minutes,219.2122689620017,2.9135028332623403,218.38426071601538,220.04027720798803
1.5,K50_FCFS,workload_frontdesk_ratio,0.45669222700417017,0.006069797569296546,0.45496720982503197,0.45841724418330837
1.5,K50_FCFS,whole_run_util_frontdesk,0.24970479698221465,0.0027503899838182883,0.24892314488966125,0.250486449074768
1.5,K50_FCFS,workload_sterilizer_minutes,783.87,11.32759808865277,780.650732622758,787.089267377242
1.5,K50_FCFS,workload_sterilizer_ratio,1.6330625000000003,0.023599162684693267,1.6263556929640794,1.6397693070359212
1.5,K50_FCFS,whole_run_util_sterilizer,0.891428806571292,0.003584272653367298,0.8904101676741647,0.8924474454684193
1.5,K50_FCFS,kit_uses_per_stock_routine,0.38044000000000006,0.010758625711998924,0.3773824327639865,0.38349756723601364
1.5,K50_FCFS,kit_circulation_routine,94.50983156139745,0.702839366737618,94.31008684702182,94.70957627577307
1.5,K50_FCFS,kit_uses_per_stock_restorative,0.20373333333333335,0.010114088420638753,0.2008589415471594,0.2066077251195073
1.5,K50_FCFS,kit_circulation_restorative,102.5778171747016,0.7226124475594741,102.37245301359603,102.78318133580716
1.5,K50_FCFS,kit_uses_per_stock_impression,0.09422666666666668,0.00785539374470521,0.09199418872917235,0.09645914460416101
1.5,K50_FCFS,kit_circulation_impression,99.59076591440503,1.3877648459338745,99.19636755556199,99.98516427324806
1.5,K50_FCFS,kit_uses_per_stock_complex,0.05141333333333333,0.0055803997776149115,0.04982740145126558,0.05299926521540108
1.5,K50_FCFS,kit_circulation_complex,112.26635872754235,2.0225899664091833,111.69154508695948,112.84117236812523
